id,locality,monthly_rent,property_type,bhk,area_sqft,furnishing,bathrooms,parking,floor,building_age,latitude,longitude,listing_date
1,Andheri West,61300.0,Apartment,1,-500,Semi-Furnished,2,0,28,0,19.137525,72.83202,2023-01-14
2,Malabar Hill,196000.0,Apartment,2,1288.85,Semi-Furnished,2,1,18,9,18.94718,72.791879,2023-02-19
3,Lower Parel,143100.0,Studio,1,786.8,Fully Furnished,1,1,40,15,19.000761,72.837904,2023-04-27
4,Worli,220100.0,Apartment,3,1333.42,Fully Furnished,3,1,5,8,19.012299,72.825108,2023-07-14
5,Malabar Hill,129200.0,Apartment,1,1008.62,Unfurnished,2,1,5,15,18.947913,72.803291,2023-09-13
6,Juhu,136200.0,Apartment,1,896.88,Semi-Furnished,1,1,24,8,19.100557,72.8195,2023-02-26
7,Goregaon East,95800.0,Apartment,2,793.06,Fully Furnished,2,2,8,5,19.16047,72.859663,2023-02-27
8,Bandra West,280400.0,Apartment,4,1497.84,Fully Furnished,4,1,20,5,19.060388,72.835073,2023-03-24
9,Malabar Hill,348800.0,Apartment,4,1849.5,Fully Furnished,4,1,16,9,18.95632,72.80456,2023-09-06
10,Malabar Hill,336300.0,Apartment,3,1499.91,Fully Furnished,4,1,14,9,18.947468,72.802992,2023-11-29
11,Juhu,143700.0,Apartment,1,854.59,,1,0,4,1,19.10226,72.82968,2023-09-21
12,Worli,192200.0,Apartment,2,1129.74,Fully Furnished,2,1,7,12,19.020367,72.826283,2023-01-28
13,Andheri West,67100.0,Apartment,1,562.45,Fully Furnished,1,0,12,19,19.128258,72.830743,2023-10-09
14,Malabar Hill,318900.0,Apartment,3,1611.23,Fully Furnished,3,0,26,0,18.945705,72.798932,2023-08-21
15,Malabar Hill,284000.0,Apartment,2,1322.13,Fully Furnished,2,0,21,6,18.943149,72.804216,2023-09-29
16,Andheri West,148700.0,Apartment,3,1255.38,Semi-Furnished,4,1,38,4,19.136756,72.836394,2023-10-17
17,Worli,172100.0,Apartment,2,1092.55,Semi-Furnished,2,2,5,25,19.017653,72.816718,2023-02-07
18,Powai,216800.0,Apartment,4,1618.28,Fully Furnished,4,1,40,14,19.109672,72.913563,2023-12-06
19,Lower Parel,94100.0,Apartment,1,650.15,Semi-Furnished,1,0,17,20,18.997986,72.834787,2023-02-17
20,Bandra West,80800.0,Apartment,1,576.52,Semi-Furnished,1,1,1,7,19.066292,72.83115,2023-01-19
21,Powai,90200.0,Independent House,2,916.9,Unfurnished,2,1,16,7,19.127077,72.91099,2023-07-28
22,Worli,256500.0,Apartment,3,1404.09,Fully Furnished,3,1,27,5,19.024343,72.823772,2023-07-15
23,Worli,97300.0,Apartment,1,787.91,Unfurnished,1,1,26,2,19.01973,72.814594,2023-06-29
24,Malabar Hill,226500.0,Apartment,2,1395.94,Semi-Furnished,3,0,39,11,18.942313,72.80299,2023-09-19
25,Worli,124900.0,Independent House,1,841.48,Semi-Furnished,1,1,13,17,19.013178,72.82356,2023-11-16
26,Lower Parel,140800.0,Apartment,2,1029.27,Semi-Furnished,2,1,25,8,18.991377,72.822404,2023-01-01
27,Chembur,84400.0,Apartment,2,829.73,Semi-Furnished,2,2,11,7,19.044068,72.90854,2023-06-21
28,Andheri W,181300.0,Apartment,2,1127.15,Fully Furnished,2,1,5,12,19.01458,72.814593,2023-12-23
29,Powai,135800.0,Apartment,2,1000.98,Fully Furnished,2,0,34,3,19.110267,72.905293,2023-08-22
30,Malabar Hill,383400.0,Apartment,5,2248.43,Semi-Furnished,4,1,36,27,18.956797,72.790546,2023-05-07
31,Malabar Hill,226900.0,Apartment,2,1221.4,Fully Furnished,2,1,6,8,18.941285,72.793152,2023-04-20
32,Malabar Hill,,Apartment,2,1358.63,Semi-Furnished,3,0,37,16,18.957069,72.804069,2023-07-19
33,Goregaon East,82200.0,Apartment,2,862.1,Semi-Furnished,2,1,25,2,19.174214,72.867182,2023-03-07
34,Goregaon East,77400.0,Apartment,2,889.17,Unfurnished,2,0,21,13,19.16964,72.873138,2023-05-23
35,Lower Parel,167100.0,Apartment,3,1349.62,Unfurnished,3,0,3,19,18.987824,72.831589,2023-05-03
36,Chembur,146600.0,Apartment,4,1497.57,Semi-Furnished,4,1,11,2,19.060361,72.897006,2023-12-13
37,Worli,109700.0,Apartment,1,770.01,Semi-Furnished,2,1,8,6,19.017019,72.813425,2023-02-05
38,Goregaon East,103700.0,Apartment,3,1252.83,Unfurnished,3,1,34,25,19.163897,72.873015,2023-09-05
39,Chembur,51000.0,Apartment,1,613.76,Unfurnished,1,1,40,5,19.051951,72.896596,2023-04-04
40,Lower Parel,173300.0,Apartment,2,1042.38,Fully Furnished,3,0,27,3,18.995116,72.834059,2023-12-31
41,Andheri West,69500.0,Apartment,1,552.83,Fully Furnished,1,1,36,11,19.128713,72.821552,2023-04-29
42,Andheri West,128600.0,Apartment,3,1144.17,Semi-Furnished,3,1,34,17,19.129889,72.817983,2023-07-04
43,Malabar Hill,149100.0,Apartment,1,1117.07,Unfurnished,1,1,7,15,18.95931,72.79005,2023-04-05
44,Juhu,112500.0,Apartment,1,783.36,Semi-Furnished,1,1,20,9,19.113315,72.820814,2023-11-02
45,Malabar Hill,199400.0,Apartment,2,1293.58,Semi-Furnished,2,0,7,9,18.95104,72.788131,2023-03-30
46,Goregaon East,76000.0,Apartment,2,836.91,Semi-Furnished,2,1,15,26,19.165491,72.869453,2023-02-28
47,Lower Parel,189900.0,Apartment,3,1407.9,Semi-Furnished,3,0,8,10,18.995176,72.819809,2023-10-04
48,Bandra West,234400.0,Apartment,3,1168.77,Fully Furnished,3,1,38,0,19.059979,72.828345,2023-08-29
49,Lower Parel,110200.0,Apartment,1,715.73,Fully Furnished,1,1,7,11,19.001571,72.829202,2023-07-25
50,Juhu,114300.0,Apartment,1,961.92,Unfurnished,2,0,35,3,19.110008,72.8315,2023-09-13
51,Worli,108100.0,Apartment,1,776.14,Semi-Furnished,1,1,16,8,19.011394,72.823428,2023-02-17
52,Andheri West,99500.0,Apartment,2,901.07,Semi-Furnished,2,0,31,9,19.136465,72.835287,2023-11-03
53,Andheri West,53300.0,Independent House,1,520.46,Semi-Furnished,2,0,20,15,19.135987,72.824349,2023-10-03
54,Malabar Hill,197300.0,Studio,1,787.64,Fully Furnished,1,1,27,11,18.947722,72.798274,2023-07-15
55,Powai,86500.0,Apartment,2,871.63,Unfurnished,3,1,34,3,19.109097,72.911631,2023-03-21
56,Lower Parel,124400.0,Apartment,2,1024.78,Unfurnished,3,1,21,13,18.997923,72.836619,2023-05-01
57,Worli,174800.0,Apartment,3,1452.64,,3,1,2,0,19.009811,72.817223,2023-08-09
58,Chembur,107900.0,Apartment,2,942.0,Fully Furnished,2,1,38,9,19.042388,72.905593,2023-12-08
59,Lower Parel,144800.0,Apartment,2,960.31,Semi-Furnished,2,1,17,19,18.990044,72.829638,2023-02-24
60,Chembur,66800.0,Apartment,1,641.89,Fully Furnished,1,1,4,29,19.054341,72.896546,2023-04-28
61,Worli,139200.0,Apartment,2,1091.99,Unfurnished,2,2,3,13,19.025093,72.813134,2023-02-16
62,Goregaon East,31900.0,Studio,1,271.49,Semi-Furnished,2,1,17,27,19.173858,72.859315,2023-08-28
63,Worli,129300.0,Studio,1,863.91,Unfurnished,1,1,1,14,19.012143,72.814221,2023-12-11
64,Borivali West,52400.0,Apartment,1,584.19,Semi-Furnished,2,0,5,13,19.221596,72.853025,2023-03-01
65,bandra west,368600.0,Apartment,5,1959.89,Fully Furnished,4,2,35,15,18.98728,72.827987,2023-12-02
66,Goregaon East,134400.0,Apartment,4,1420.75,Semi-Furnished,3,1,24,11,19.17358,72.872984,2023-03-04
67,Andheri West,88300.0,Apartment,2,811.41,Semi-Furnished,2,0,37,7,19.142561,72.82236,2023-04-21
68,Powai,88600.0,Studio,1,774.79,Unfurnished,1,1,8,5,19.119377,72.896316,2023-05-02
69,Lower Parel,86700.0,Apartment,1,711.87,Semi-Furnished,1,1,7,19,18.995729,72.827361,2023-12-04
70,Bandra West,79700.0,Apartment,1,550.56,Semi-Furnished,2,0,6,2,19.061307,72.833743,2023-11-21
71,Goregaon East,196700.0,Apartment,5,1696.07,Fully Furnished,4,1,36,9,19.171148,72.864475,2023-06-23
72,Andheri West,94600.0,Villa,2,847.66,Semi-Furnished,2,0,6,12,19.137427,72.829429,2023-03-08
73,Malabar Hill,180700.0,Apartment,2,1262.1,Unfurnished,2,2,4,15,18.943095,72.794644,2023-04-19
74,Andheri West,125000.0,Apartment,2,890.65,Fully Furnished,2,1,40,14,19.131649,72.821308,2023-12-22
75,Lower Parel,239400.0,Apartment,4,1680.23,,3,1,2,14,18.992701,72.832632,2023-03-22
76,Chembur,,Apartment,2,913.92,Fully Furnished,2,1,28,15,19.044476,72.898098,2023-09-20
77,Lower Parel,159700.0,Apartment,2,999.63,Fully Furnished,3,0,14,2,18.9877,72.828148,2023-06-17
78,Goregaon East,44300.0,Apartment,1,530.04,Unfurnished,2,0,3,23,19.163186,72.864588,2023-10-22
79,Goregaon East,46000.0,Apartment,1,615.71,Unfurnished,1,1,24,0,19.165079,72.864415,2023-07-25
80,Lower Parel,184400.0,Apartment,3,1365.79,Semi-Furnished,3,0,23,2,18.997348,72.833404,2023-03-30
81,Andheri West,58200.0,Apartment,1,514.13,Semi-Furnished,1,2,37,21,19.135095,72.827078,2023-03-19
82,Lower Parel,184000.0,Apartment,3,1319.37,Semi-Furnished,3,1,19,7,18.996386,72.834036,2023-10-25
83,Bandra West,124800.0,Apartment,2,881.22,Semi-Furnished,2,0,7,7,19.058355,72.828288,2023-12-29
84,Malabar Hill,219200.0,Apartment,2,1361.85,Semi-Furnished,2,0,22,11,18.954475,72.798131,2023-05-10
85,Chembur,132900.0,Apartment,3,1135.68,Fully Furnished,4,1,26,27,19.05507,72.89607,2023-07-12
86,Powai,99500.0,Apartment,2,997.84,Semi-Furnished,2,1,24,0,19.11144,72.916,2023-09-06
87,Powai,57100.0,Apartment,1,723.4,Unfurnished,2,0,22,,19.123022,72.912181,2023-12-21
88,Powai,121300.0,Apartment,3,1217.68,Unfurnished,3,1,29,14,19.125679,72.89988,2023-08-29
89,Chembur,197800.0,Apartment,5,1787.67,Semi-Furnished,5,1,39,10,19.060886,72.903728,2023-10-11
90,Malabar Hill,209800.0,Apartment,3,1606.52,Unfurnished,3,1,15,3,18.947479,72.792723,2023-09-15
91,Andheri West,107200.0,Apartment,2,971.16,Semi-Furnished,2,0,19,8,19.144417,72.81808,2023-01-03
92,Worli,242700.0,Apartment,3,1392.19,Fully Furnished,3,1,4,,19.023634,72.816597,2023-02-26
93,Malabar Hill,146600.0,Apartment,1,1002.91,Semi-Furnished,1,0,27,24,18.950882,72.800728,2023-09-27
94,Malabar Hill,160400.0,Apartment,2,1232.63,Unfurnished,2,0,5,9,18.954704,72.79165,2023-10-25
95,Bandra West,132700.0,Apartment,2,854.1,Semi-Furnished,3,1,12,7,19.053632,72.835322,2023-05-31
96,Bandra West,125800.0,Apartment,2,838.6,Semi-Furnished,2,1,19,6,19.058339,72.8275,2023-07-08
97,Juhu,262700.0,Apartment,3,1567.99,Semi-Furnished,4,1,6,12,19.108409,72.822724,2023-04-03
98,Andheri West,115000.0,Apartment,2,776.41,Fully Furnished,2,1,23,12,19.127801,72.83045,2023-01-30
99,Borivali West,64000.0,Apartment,2,820.33,Unfurnished,2,1,9,9,19.219448,72.837169,2023-10-18
100,Juhu,281800.0,Apartment,4,1805.77,Semi-Furnished,3,1,16,0,19.099855,72.831799,2023-10-15
101,Andheri W,117300.0,Studio,1,529.75,Fully Furnished,1,0,12,17,19.110857,72.830491,2023-06-13
102,Malabar Hill,174900.0,Apartment,2,1314.26,Unfurnished,2,1,33,7,18.940526,72.79608,2023-09-10
103,Borivali West,93100.0,Apartment,2,806.35,Fully Furnished,2,1,31,12,19.238248,72.846947,2023-03-06
104,Juhu,197600.0,Apartment,2,1239.73,Semi-Furnished,2,1,9,30,19.10056,72.819593,2023-09-23
105,Borivali West,173600.0,Apartment,4,1481.64,Fully Furnished,3,0,36,8,19.23162,72.845936,2023-09-15
106,Chembur,44000.0,Apartment,1,591.62,Unfurnished,1,1,2,6,19.057539,72.897832,2023-04-18
107,Bandra West,136700.0,Villa,2,888.09,Semi-Furnished,3,1,20,3,19.058889,72.826304,2023-09-05
108,Powai,85400.0,Apartment,2,995.97,Unfurnished,2,1,36,11,19.110418,72.897012,2023-05-07
109,Goregaon East,108200.0,Independent House,3,1214.22,Unfurnished,4,1,13,13,19.155064,72.875405,2023-09-12
110,Malabar Hill,241500.0,Apartment,2,1226.93,Fully Furnished,2,1,31,16,18.95455,72.800277,2023-05-16
111,Borivali West,41200.0,Apartment,1,387.16,Fully Furnished,1,1,36,15,19.226678,72.849998,2023-02-19
112,Borivali West,85300.0,Apartment,2,843.73,Semi-Furnished,2,0,22,3,19.225359,72.846361,2023-03-13
113,Powai,104400.0,Apartment,2,1027.03,Semi-Furnished,2,1,37,2,19.127198,72.907674,2023-02-26
114,Bandra West,98900.0,Studio,1,512.69,Semi-Furnished,1,0,31,,19.052556,72.833115,2023-07-14
115,Bandra West,148500.0,Apartment,2,915.34,Semi-Furnished,2,0,33,29,19.052362,72.823647,2023-12-28
116,Borivali West,158600.0,Villa,5,1656.58,Semi-Furnished,4,1,17,19,19.223297,72.853558,2023-06-02
117,Lower Parel,185600.0,Apartment,3,1334.67,Semi-Furnished,3,2,18,7,19.001668,72.837292,2023-07-22
118,Powai,,Apartment,1,682.37,Semi-Furnished,1,1,13,10,19.119914,72.907737,2023-02-25
119,Worli,136600.0,Apartment,1,803.4,Fully Furnished,1,1,9,0,19.016449,72.810589,2023-09-01
120,Lower Parel,163800.0,Apartment,2,1089.14,Semi-Furnished,2,1,3,30,19.005243,72.82614,2023-01-19
121,Juhu,160000.0,Apartment,1,926.42,Fully Furnished,1,1,22,13,19.114521,72.82566,2023-03-10
122,Worli,209600.0,Apartment,3,1391.2,Semi-Furnished,3,1,19,9,19.02344,72.816906,2023-07-27
123,Andheri West,92300.0,Apartment,2,957.68,Unfurnished,2,1,29,11,19.139374,72.831555,2023-05-14
124,Bandra West,115900.0,Apartment,2,933.23,Unfurnished,3,1,8,10,19.059164,72.8286,2023-03-10
125,Chembur,74500.0,Apartment,2,935.91,,3,1,39,14,19.044444,72.906075,2023-10-16
126,Malabar Hill,162800.0,Apartment,1,1028.54,Semi-Furnished,1,1,32,23,18.948308,72.796278,2023-09-20
127,Malabar Hill,200000.0,Apartment,2,1294.53,Unfurnished,2,1,3,3,18.959723,72.794441,2023-02-05
128,Lower Parel,112000.0,Studio,1,632.16,Semi-Furnished,1,2,25,3,18.98796,72.835406,2023-10-04
129,Andheri West,70300.0,Apartment,1,495.18,Fully Furnished,1,0,20,14,19.135513,72.820802,2023-05-07
130,Worli,232400.0,Apartment,4,1730.43,Semi-Furnished,3,1,2,1,19.02034,72.824044,2023-11-03
131,Andheri W,184500.0,Apartment,3,1406.63,Unfurnished,3,1,19,15,19.011638,72.824125,2023-06-14
132,Malabar Hill,158000.0,Independent House,1,1071.92,Unfurnished,2,1,28,16,18.947623,72.795489,2023-12-10
133,Goregaon East,99200.0,Apartment,2,881.32,Fully Furnished,2,1,10,6,19.157282,72.861357,2023-09-29
134,Worli,131800.0,Apartment,2,992.92,Semi-Furnished,3,0,25,5,19.021386,72.817777,2023-10-28
135,Juhu,,Independent House,1,892.76,Fully Furnished,1,1,31,1,19.103932,72.821961,2023-10-10
136,Juhu,163000.0,Apartment,2,1194.81,Semi-Furnished,2,2,31,9,19.112325,72.816624,2023-04-24
137,Malabar Hill,381000.0,Apartment,4,1854.59,Fully Furnished,3,1,32,11,18.954792,72.794217,2023-11-25
138,Borivali West,39100.0,Independent House,1,459.61,Semi-Furnished,1,0,3,0,19.223429,72.848243,2023-11-19
139,Bandra West,75100.0,Apartment,1,658.19,Unfurnished,2,1,2,,19.060315,72.825234,2023-05-21
140,Malabar Hill,311600.0,Independent House,3,1615.35,Fully Furnished,3,0,13,20,18.94158,72.804186,2023-07-23
141,Juhu,152400.0,Apartment,2,1201.06,Unfurnished,2,1,3,12,19.097689,72.819728,2023-11-23
142,Juhu,146500.0,Studio,1,886.27,Unfurnished,2,2,15,1,19.116012,72.834286,2023-12-17
143,Chembur,111400.0,Apartment,2,954.68,Fully Furnished,2,1,26,10,19.055741,72.900311,2023-07-19
144,Goregaon East,123600.0,Apartment,3,1248.9,Semi-Furnished,4,0,28,7,19.162534,72.871971,2023-11-01
145,Bandra West,130000.0,Apartment,2,866.75,Semi-Furnished,2,0,38,12,19.063862,72.821141,2023-05-07
146,Powai,120800.0,Apartment,2,1019.74,Fully Furnished,2,2,29,2,19.11874,72.906249,2023-08-18
147,Andheri West,74500.0,Apartment,1,610.09,Fully Furnished,1,0,25,30,19.129692,72.825315,2023-09-24
148,Powai,90700.0,Apartment,1,749.33,Fully Furnished,1,1,24,9,19.116757,72.89871,2023-04-11
149,Bandra West,290300.0,Apartment,4,1445.95,Fully Furnished,3,1,39,10,19.055884,72.838791,2023-09-03
150,Borivali West,51400.0,Apartment,1,457.41,Fully Furnished,1,1,26,7,19.222399,72.849452,2023-10-07
151,Bandra West,270700.0,Apartment,4,1483.92,Fully Furnished,3,1,27,13,19.052683,72.827963,2023-12-04
152,Goregaon East,49900.0,Apartment,1,543.22,Semi-Furnished,2,1,35,27,19.172888,72.858687,2023-11-23
153,Worli,122100.0,Apartment,2,1056.61,Unfurnished,2,1,22,3,19.01806,72.820353,2023-09-23
154,Worli,146500.0,Apartment,2,1109.59,Semi-Furnished,2,0,7,30,19.013867,72.813461,2023-03-14
155,Worli,174800.0,Apartment,2,1159.38,Semi-Furnished,2,0,8,0,19.01722,72.817638,2023-05-05
156,Borivali West,93000.0,Apartment,2,801.66,Fully Furnished,2,1,2,5,19.218889,72.838396,2023-07-19
157,Lower Parel,167200.0,Apartment,3,1380.09,Unfurnished,3,1,30,26,18.991568,72.825973,2023-11-24
158,Goregaon East,66600.0,Apartment,2,891.03,Unfurnished,2,0,40,4,19.156939,72.863966,2023-06-06
159,Powai,123000.0,Apartment,2,1042.76,Fully Furnished,2,1,12,4,19.119988,72.91331,2023-08-19
160,Bandra West,138800.0,Apartment,2,832.59,Semi-Furnished,2,1,29,,19.055442,72.824997,2023-04-23
161,Malabar Hill,140900.0,Apartment,1,967.77,Semi-Furnished,1,1,18,24,18.950927,72.804796,2023-08-14
162,Andheri West,152200.0,Apartment,3,1150.72,Fully Furnished,3,1,6,28,19.140083,72.834921,2023-10-29
163,Chembur,115000.0,Apartment,2,960.75,Fully Furnished,2,1,18,14,19.053655,72.908548,2023-05-29
164,Malabar Hill,260200.0,Studio,1,1341.8,Semi-Furnished,2,2,9,5,18.955229,72.798525,2023-05-07
165,Juhu,146700.0,Apartment,1,866.76,Fully Furnished,1,1,26,27,19.104046,72.816349,2023-09-07
166,Andheri West,151100.0,Apartment,3,1117.92,Fully Furnished,3,0,28,13,19.137859,72.829023,2023-10-08
167,Juhu,226900.0,Apartment,3,1501.82,Semi-Furnished,4,0,11,16,19.115688,72.833943,2023-12-19
168,Lower Parel,124400.0,Apartment,1,747.19,Fully Furnished,1,2,11,12,18.993885,72.820024,2023-04-30
169,Andheri West,62200.0,Apartment,1,590.9,Semi-Furnished,1,1,8,3,19.128364,72.825051,2023-02-22
170,Lower Parel,80200.0,Apartment,1,750.71,Unfurnished,1,1,1,8,19.003698,72.830522,2023-03-19
171,Juhu,229700.0,Apartment,3,1589.27,Semi-Furnished,3,2,21,9,19.1095,72.828452,2023-11-04
172,Bandra West,188000.0,Apartment,3,1185.42,Semi-Furnished,3,0,4,1,19.05102,72.837274,2023-11-01
173,Bandra West,277800.0,Apartment,5,1812.49,Semi-Furnished,4,1,31,0,19.068052,72.838474,2023-01-21
174,Goregaon East,78500.0,Apartment,2,801.82,Semi-Furnished,2,1,40,10,19.174086,72.859608,2023-04-15
175,Borivali West,86100.0,Apartment,2,824.16,Fully Furnished,2,1,16,17,19.230977,72.840286,2023-11-10
176,Powai,63000.0,Apartment,1,687.53,Unfurnished,1,1,17,11,19.123029,72.896587,2023-03-02
177,Goregaon East,60700.0,Apartment,1,522.5,Fully Furnished,1,1,32,4,19.168082,72.858807,2023-10-21
178,Malabar Hill,193700.0,Apartment,1,1027.52,Fully Furnished,2,0,3,12,18.945425,72.786558,2023-06-13
179,Borivali West,47500.0,Apartment,1,542.06,Semi-Furnished,1,1,30,2,19.222813,72.845376,2023-07-08
180,Lower Parel,-50000,Studio,1,775.84,Unfurnished,1,1,35,16,18.992228,72.834991,2023-10-05
181,Bandra West,210500.0,Apartment,4,1400.63,Semi-Furnished,3,1,16,16,19.051461,72.837925,2023-05-24
182,Malabar Hill,218500.0,Apartment,2,1277.31,Semi-Furnished,2,1,26,0,18.944735,72.79022,2023-03-08
183,Borivali West,138900.0,Apartment,4,1433.64,Semi-Furnished,3,2,9,4,19.22693,72.844818,2023-06-10
184,Worli,128100.0,Apartment,2,1137.23,Unfurnished,2,1,39,29,19.011864,72.813715,2023-12-31
185,Malabar Hill,148500.0,Apartment,1,1033.13,Unfurnished,2,1,36,1,18.940239,72.801607,2023-03-04
186,Worli,106100.0,Apartment,1,778.36,Semi-Furnished,1,0,5,19,19.00874,72.823546,2023-03-07
187,Borivali West,49900.0,Independent House,1,516.38,Semi-Furnished,1,1,25,12,19.224397,72.851768,2023-05-21
188,Bandra West,122500.0,Apartment,2,870.44,Unfurnished,2,0,25,12,19.062215,72.835543,2023-05-08
189,Bandra West,270900.0,Apartment,5,1777.8,Semi-Furnished,5,1,25,8,19.050772,72.839331,2023-05-24
190,Malabar Hill,253200.0,Apartment,2,1305.61,Fully Furnished,2,1,4,29,18.943522,72.79685,2023-03-30
191,Borivali West,124100.0,Independent House,4,1359.17,Semi-Furnished,3,0,32,10,19.230833,72.834499,2023-04-30
192,Juhu,141700.0,Apartment,1,906.21,Semi-Furnished,2,1,21,6,19.11443,72.833513,2023-02-26
193,Andheri West,120000.0,Apartment,2,836.29,Fully Furnished,2,0,28,13,19.140171,72.836277,2023-10-15
194,Borivali West,44900.0,Apartment,1,523.26,Semi-Furnished,1,1,37,3,19.223218,72.845411,2023-11-10
195,S. Mumbai - Worli,113800.0,Studio,1,541.73,Fully Furnished,2,0,22,3,19.102633,72.818461,2023-06-29
196,Bandra West,85000.0,Apartment,1,543.78,Semi-Furnished,2,1,25,28,19.054112,72.828526,2023-12-18
197,Bandra West,128900.0,Apartment,1,672.15,Fully Furnished,1,1,36,25,19.05022,72.838349,2023-12-27
198,Powai,85800.0,Apartment,2,1060.96,Unfurnished,2,1,35,2,19.118593,72.905819,2023-10-20
199,Bandra West,127000.0,Apartment,2,881.99,Semi-Furnished,2,0,11,10,19.059019,72.837398,2023-07-23
200,Lower Parel,112400.0,Apartment,1,771.95,Fully Furnished,1,0,30,2,18.998649,72.819914,2023-12-23
201,Borivali West,128000.0,Apartment,3,1102.69,Fully Furnished,3,1,35,25,19.226696,72.851179,2023-02-10
202,Bandra West,128100.0,Apartment,2,907.14,Semi-Furnished,2,1,12,1,19.069366,72.828208,2023-02-10
203,Powai,159600.0,Independent House,3,1369.73,Fully Furnished,3,1,21,23,19.120061,72.906451,2023-12-25
204,Goregaon East,36300.0,Apartment,1,460.95,Unfurnished,1,0,7,14,19.167696,72.86794,2023-07-16
205,Juhu,148100.0,Apartment,1,949.67,Semi-Furnished,1,1,22,9,19.097905,72.832648,2023-07-10
206,Lower Parel,129600.0,Apartment,2,1068.39,Unfurnished,2,1,29,10,18.994134,72.836469,2023-04-07
207,Goregaon East,124200.0,Apartment,3,1174.91,Semi-Furnished,3,1,33,28,19.158075,72.874004,2023-01-15
208,Worli,190000.0,Independent House,3,1319.78,Semi-Furnished,3,1,33,3,19.015822,72.82581,2023-11-01
209,Juhu,202200.0,Apartment,2,1237.47,Semi-Furnished,2,0,25,8,19.110448,72.829854,2023-04-24
210,Lower Parel,111800.0,Studio,1,652.85,Semi-Furnished,1,0,12,4,18.999555,72.832387,2023-06-06
211,Lower Parel,145700.0,Apartment,2,1009.38,,2,1,26,7,18.996529,72.830075,2023-07-11
212,Lower Parel,84400.0,Studio,1,508.26,Semi-Furnished,2,0,20,8,18.993382,72.824592,2023-11-04
213,Powai,150800.0,Apartment,3,1345.96,Semi-Furnished,3,0,37,11,19.123298,72.914131,2023-11-23
214,Borivali West,100800.0,Apartment,2,815.62,Fully Furnished,2,0,17,28,19.231889,72.838545,2023-06-21
215,Worli,227400.0,Apartment,3,1418.21,Fully Furnished,3,1,31,25,19.01691,72.82395,2023-04-10
216,Goregaon East,76400.0,Apartment,2,895.77,Unfurnished,2,2,30,11,19.161253,72.876233,2023-09-07
217,Borivali West,87500.0,Apartment,2,775.89,Fully Furnished,2,1,6,15,19.226466,72.834855,2023-09-02
218,Worli,201700.0,Apartment,3,1412.46,Semi-Furnished,3,0,16,1,19.013022,72.807906,2023-10-29
219,Bandra West,115800.0,Apartment,1,589.09,Fully Furnished,2,2,22,,19.049982,72.823986,2023-07-26
220,Powai,52900.0,Apartment,1,-500,Semi-Furnished,1,1,17,15,19.120671,72.896395,2023-02-25
221,Andheri West,,Apartment,2,783.51,Fully Furnished,2,1,20,7,19.129043,72.834313,2023-12-25
222,Andheri West,89800.0,Apartment,2,839.98,Semi-Furnished,2,1,34,11,19.136227,72.821854,2023-10-08
223,Juhu,155400.0,Independent House,2,1118.8,Unfurnished,2,0,6,7,19.102123,72.836073,2023-11-26
224,Lower Parel,96800.0,Apartment,1,797.3,Unfurnished,1,1,28,17,19.00234,72.831467,2023-01-05
225,Powai,,Apartment,2,1022.67,Semi-Furnished,2,1,8,3,19.123598,72.908977,2023-09-02
226,Powai,93000.0,Independent House,1,739.7,Fully Furnished,1,1,37,13,19.108176,72.909689,2023-11-10
227,Powai,144100.0,Apartment,2,1045.56,Fully Furnished,2,0,34,15,19.125063,72.906382,2023-12-09
228,Chembur,51300.0,Apartment,1,600.41,Semi-Furnished,1,1,36,6,19.059237,72.906888,2023-08-29
229,Andheri West,129800.0,Apartment,3,1113.3,Semi-Furnished,3,1,16,23,19.135241,72.820074,2023-09-13
230,Juhu,201900.0,Apartment,3,1383.38,Semi-Furnished,4,1,40,10,19.106624,72.823117,2023-12-10
231,Bandra West,169400.0,Apartment,3,1185.67,Semi-Furnished,3,1,29,7,19.066198,72.838789,2023-07-01
232,Lower Parel,141000.0,Apartment,2,1105.06,Semi-Furnished,3,1,27,0,18.989612,72.834691,2023-07-21
233,Worli,164600.0,Independent House,3,1309.34,Unfurnished,3,1,29,3,19.021624,72.817665,2023-09-29
234,Goregaon East,141100.0,Independent House,3,1089.76,Fully Furnished,3,1,9,12,19.172228,72.864873,2023-09-16
235,Chembur,91400.0,Studio,1,896.74,Unfurnished,1,0,27,,19.056437,72.90821,2023-06-10
236,Worli,113000.0,Apartment,1,787.76,Semi-Furnished,2,1,12,14,19.018146,72.818256,2023-06-30
237,Goregaon East,76400.0,Apartment,2,826.85,Semi-Furnished,2,0,25,1,19.174271,72.870168,2023-03-24
238,Powai,178100.0,Apartment,3,1287.96,Fully Furnished,4,0,36,1,19.113353,72.90929,2023-12-23
239,Goregaon East,86400.0,Apartment,2,864.71,Semi-Furnished,2,0,40,9,19.169702,72.867432,2023-07-08
240,Chembur,48200.0,Apartment,1,613.94,Unfurnished,1,2,33,12,19.045419,72.90642,2023-03-08
241,Bandra West,173500.0,Apartment,2,923.32,Fully Furnished,2,2,40,10,19.065281,72.825857,2023-02-07
242,S. Mumbai - Worli,239800.0,Apartment,4,1712.9,Semi-Furnished,3,1,14,11,19.01751,72.826533,2023-11-13
243,Bandra West,80400.0,Apartment,1,604.42,Unfurnished,1,0,21,3,19.067827,72.835942,2023-01-13
244,Borivali West,65700.0,Apartment,2,742.07,Semi-Furnished,2,0,7,1,19.23139,72.838364,2023-12-10
245,Goregaon East,112800.0,Apartment,3,1192.23,Semi-Furnished,3,1,5,8,19.156065,72.86006,2023-02-14
246,Lower Parel,184000.0,Apartment,2,1057.36,Fully Furnished,2,1,2,3,19.000419,72.829912,2023-02-02
247,Andheri West,90600.0,Apartment,2,835.48,Semi-Furnished,2,2,25,3,19.142235,72.834689,2023-07-20
248,Lower Parel,209700.0,Independent House,4,1606.58,Semi-Furnished,3,1,1,,18.993182,72.829151,2023-11-02
249,Andheri West,94000.0,Apartment,2,881.3,Semi-Furnished,2,1,11,25,19.13972,72.829046,2023-04-03
250,Bandra West,187000.0,Apartment,3,1218.7,Semi-Furnished,3,0,7,23,19.062709,72.821501,2023-12-10
251,Chembur,46400.0,Apartment,1,509.73,Semi-Furnished,1,0,37,2,19.056444,72.902317,2023-04-24
252,Lower Parel,203800.0,Apartment,3,1339.3,Semi-Furnished,3,1,36,8,19.003126,72.822129,2023-03-13
253,Andheri West,127000.0,Apartment,3,1163.99,Unfurnished,3,1,14,14,19.139378,72.820673,2023-08-30
254,Goregaon East,54500.0,Apartment,1,546.22,Semi-Furnished,1,1,33,29,19.157917,72.866783,2023-12-17
255,Juhu,144300.0,Apartment,1,851.18,Fully Furnished,1,2,3,1,19.110872,72.826658,2023-01-22
256,Borivali West,72000.0,Apartment,2,815.22,Semi-Furnished,2,2,18,10,19.22637,72.845854,2023-12-01
257,Andheri West,121600.0,Apartment,2,-500,Fully Furnished,3,1,31,24,19.127842,72.83057,2023-04-28
258,Worli,93600.0,Apartment,1,722.93,Semi-Furnished,1,1,8,3,19.007349,72.807463,2023-07-30
259,Chembur,103300.0,Apartment,2,800.2,Fully Furnished,2,2,34,15,19.058626,72.908445,2023-12-05
260,Worli,5000000,Apartment,2,1104.05,Unfurnished,2,1,12,4,19.018831,72.807977,2023-08-21
261,Goregaon East,76300.0,Apartment,2,881.08,Semi-Furnished,2,0,7,13,19.164667,72.85885,2023-09-30
262,Juhu,142400.0,Apartment,2,1177.98,Unfurnished,2,1,27,6,19.113291,72.823925,2023-09-04
263,Chembur,115000.0,Apartment,3,1211.45,Semi-Furnished,3,1,6,15,19.056383,72.905288,2023-01-03
264,Chembur,72300.0,Apartment,2,859.55,Unfurnished,2,0,28,5,19.049513,72.895011,2023-10-17
265,Goregaon East,144100.0,Apartment,3,1164.01,Fully Furnished,3,0,20,11,19.156982,72.861095,2023-12-04
266,Powai,66100.0,Apartment,1,713.07,Semi-Furnished,1,0,25,5,19.116308,72.897282,2023-11-04
267,Worli,141200.0,Independent House,2,1092.05,Semi-Furnished,2,0,39,8,19.025515,72.816963,2023-12-03
268,Worli,120800.0,Apartment,1,749.67,Fully Furnished,1,0,1,7,19.015009,72.810606,2023-07-22
269,Bandra West,169300.0,Apartment,3,1297.66,Unfurnished,4,1,18,15,19.054822,72.827643,2023-01-03
270,Andheri West,99500.0,Apartment,2,818.61,Semi-Furnished,2,1,37,13,19.145525,72.826877,2023-06-23
271,Juhu,245000.0,Apartment,3,1472.93,Fully Furnished,3,0,15,12,19.102465,72.81816,2023-05-15
272,Borivali West,39900.0,Apartment,1,481.35,Unfurnished,1,2,13,9,19.223384,72.850799,2023-04-16
273,Chembur,75900.0,Apartment,2,925.78,Unfurnished,2,0,35,13,19.059575,72.899316,2023-10-22
274,Malabar Hill,138800.0,Apartment,1,923.13,Semi-Furnished,1,1,33,12,18.953965,72.794201,2023-03-03
275,Bandra West,74700.0,Apartment,1,522.95,Semi-Furnished,1,1,16,13,19.053811,72.833514,2023-08-06
276,Borivali West,57100.0,Apartment,2,735.58,Unfurnished,2,1,18,22,19.22826,72.834295,2023-03-18
277,Goregaon East,76500.0,Apartment,2,852.76,Semi-Furnished,2,1,36,,19.170876,72.866031,2023-04-21
278,Andheri West,81400.0,Apartment,2,802.5,Unfurnished,2,0,8,15,19.129791,72.833306,2023-10-03
279,Borivali West,93300.0,Apartment,2,808.98,Fully Furnished,2,1,10,11,19.220382,72.840973,2023-02-06
280,Borivali West,88900.0,Apartment,2,791.4,Fully Furnished,2,1,24,24,19.235884,72.836601,2023-04-05
281,Worli,189100.0,Apartment,2,1094.66,Fully Furnished,2,0,31,6,19.008979,72.818962,2023-02-12
282,Andheri West,125400.0,Apartment,2,841.01,Fully Furnished,2,0,11,6,19.135644,72.835118,2023-09-01
283,Lower Parel,151400.0,Apartment,2,1144.85,Semi-Furnished,2,1,37,14,18.994933,72.822743,2023-06-27
284,Andheri West,126100.0,Apartment,2,845.63,Fully Furnished,3,1,23,2,19.132292,72.833017,2023-09-02
285,Lower Parel,123800.0,Apartment,2,1017.83,Unfurnished,2,0,25,3,19.000591,72.836399,2023-09-22
286,Lower Parel,86300.0,Apartment,1,763.92,Unfurnished,1,0,30,13,18.985688,72.819193,2023-06-14
287,Malabar Hill,168800.0,Apartment,1,997.63,Semi-Furnished,1,0,1,9,18.959959,72.794274,2023-09-13
288,Bandra West,157400.0,Apartment,2,927.83,Semi-Furnished,2,1,13,2,19.054579,72.834925,2024-01-01
289,Juhu,160300.0,Apartment,1,901.64,Fully Furnished,1,0,25,10,19.112394,72.827292,2023-01-22
290,Andheri West,53000.0,Apartment,1,565.0,Unfurnished,1,0,28,6,19.142083,72.817879,2023-07-22
291,Bandra West,128300.0,Apartment,2,883.77,Semi-Furnished,2,1,40,6,19.065429,72.822017,2023-10-02
292,Worli,130000.0,Apartment,2,1066.82,Unfurnished,2,0,25,20,19.01808,72.817455,2023-08-13
293,Juhu,141500.0,Apartment,1,847.24,Fully Furnished,2,2,36,1,19.108332,72.825382,2023-05-15
294,Malabar Hill,240800.0,Apartment,2,1391.14,Semi-Furnished,2,1,35,9,18.952261,72.791452,2023-03-20
295,Borivali West,62300.0,Apartment,1,551.99,Fully Furnished,2,0,32,7,19.228598,72.846579,2023-12-03
296,Chembur,47000.0,Apartment,1,544.27,Unfurnished,1,1,6,6,19.058641,72.905385,2023-08-01
297,Bandra West,225800.0,Apartment,3,1278.75,Fully Furnished,4,2,7,9,19.054575,72.832007,2023-12-03
298,Powai,103500.0,Apartment,2,998.68,Semi-Furnished,2,1,28,0,19.120751,72.906678,2023-06-22
299,Chembur,72300.0,Studio,1,522.75,Fully Furnished,1,1,28,5,19.057514,72.908023,2023-07-12
300,Lower Parel,173500.0,Apartment,2,1110.98,Fully Furnished,2,0,9,20,18.985734,72.834639,2023-06-11
301,Lower Parel,295400.0,Apartment,4,1597.7,Fully Furnished,3,0,17,2,18.99671,72.829581,2023-02-17
302,Worli,178100.0,Apartment,3,1410.71,Unfurnished,3,1,7,10,19.022502,72.825037,2023-02-10
303,Borivali West,57200.0,Apartment,2,772.5,Unfurnished,2,1,39,12,19.230098,72.840637,2023-10-04
304,Worli,74100.0,Studio,1,506.66,Semi-Furnished,1,0,28,2,19.021806,72.817563,2023-10-20
305,Lower Parel,121800.0,Apartment,1,758.76,Fully Furnished,1,1,37,25,18.986733,72.833735,2023-05-05
306,Borivali West,103800.0,Apartment,2,839.93,Fully Furnished,2,1,2,8,19.231264,72.842909,2023-08-15
307,Worli,122200.0,Apartment,1,803.41,Fully Furnished,1,2,10,6,19.016324,72.813238,2023-08-19
308,Malabar Hill,145400.0,Apartment,1,1000.12,Semi-Furnished,2,1,2,15,18.941202,72.789014,2023-03-29
309,Chembur,61100.0,Apartment,1,658.24,Semi-Furnished,1,2,24,20,19.061796,72.899671,2023-04-29
310,Andheri West,194100.0,Apartment,4,1400.68,Fully Furnished,4,1,2,9,19.141188,72.818067,2023-07-21
311,Borivali West,66200.0,Studio,1,526.39,Fully Furnished,1,0,25,0,19.231939,72.835856,2023-07-21
312,Goregaon East,79100.0,Apartment,2,880.72,Semi-Furnished,2,1,20,11,19.166221,72.870181,2023-03-12
313,Worli,221800.0,Apartment,3,1378.68,Fully Furnished,4,2,10,5,19.025872,72.808968,2023-09-30
314,Borivali West,87500.0,Apartment,3,1196.49,Unfurnished,4,1,18,1,19.231139,72.846212,2023-11-10
315,Chembur,52500.0,Apartment,1,567.24,Semi-Furnished,1,1,39,18,19.045476,72.894025,2023-03-12
316,Goregaon East,116500.0,Apartment,3,1131.97,Semi-Furnished,4,1,5,13,19.172352,72.865051,2023-08-23
317,Bandra West,127300.0,Apartment,2,894.21,Unfurnished,2,1,3,7,19.059974,72.827412,2023-05-06
318,Bandra West,175300.0,Apartment,2,860.81,Fully Furnished,2,1,19,3,19.059939,72.822345,2023-12-20
319,Juhu,122300.0,Apartment,1,925.12,Unfurnished,1,1,21,6,19.115151,72.818104,2023-04-14
320,Borivali West,97100.0,Apartment,2,806.36,Fully Furnished,2,1,24,14,19.231041,72.837298,2023-09-19
321,Malabar Hill,229700.0,Apartment,2,1330.93,Semi-Furnished,2,1,12,6,18.945776,72.788614,2023-08-17
322,Powai,177700.0,Apartment,4,1616.23,Semi-Furnished,3,1,39,9,19.116438,72.908024,2023-07-29
323,Bandra West,73100.0,Apartment,1,559.93,,1,0,23,0,19.055569,72.837908,2023-11-05
324,Bandra West,98200.0,Apartment,1,602.96,Semi-Furnished,1,1,36,13,19.06497,72.825956,2023-02-17
325,Goregaon East,108400.0,Apartment,3,1170.57,Semi-Furnished,3,1,22,4,19.156786,72.871095,2023-01-30
326,Malabar Hill,310800.0,Independent House,5,2177.34,Unfurnished,4,1,21,25,18.952286,72.794928,2023-03-08
327,Juhu,142400.0,Apartment,2,1128.42,Unfurnished,2,0,8,9,19.104176,72.827508,2023-01-24
328,Worli,131100.0,Apartment,1,782.32,Fully Furnished,1,1,1,11,19.023541,72.81048,2023-01-15
329,Borivali West,174300.0,Apartment,4,1340.12,Fully Furnished,3,1,35,28,19.235502,72.840087,2023-01-29
330,Borivali West,58600.0,Apartment,2,675.31,Unfurnished,2,0,10,21,19.23022,72.841891,2023-03-26
331,Chembur,51000.0,Apartment,1,587.46,Semi-Furnished,1,0,16,29,19.0457,72.896984,2023-06-04
332,Bandra West,174000.0,Apartment,3,1180.03,Semi-Furnished,3,0,31,14,19.066043,72.83826,2023-02-20
333,Powai,68100.0,Apartment,1,602.14,Fully Furnished,1,0,39,,19.122511,72.89645,2023-12-04
334,Lower Parel,162900.0,Apartment,2,1077.01,Semi-Furnished,2,1,18,1,18.995581,72.822332,2023-10-14
335,Borivali West,80800.0,Apartment,2,875.71,Semi-Furnished,2,1,22,4,19.219809,72.841772,2023-12-12
336,Andheri West,81500.0,Apartment,2,773.66,Unfurnished,2,1,20,9,19.145774,72.832815,2023-02-10
337,Juhu,239200.0,Apartment,2,1235.21,Fully Furnished,2,1,30,3,19.115757,72.824142,2023-05-13
338,Borivali West,105500.0,Apartment,3,1076.06,Semi-Furnished,3,1,11,11,19.235151,72.850035,2023-07-27
339,Borivali West,78000.0,Apartment,2,763.0,Semi-Furnished,2,0,11,12,19.227423,72.853704,2023-10-30
340,Chembur,146000.0,Apartment,3,1204.79,Fully Furnished,4,1,32,15,19.045723,72.908618,2023-08-16
341,Andheri West,119800.0,Apartment,2,814.28,Fully Furnished,2,0,14,15,19.139518,72.826759,2023-03-17
342,Lower Parel,181700.0,Apartment,2,1067.53,Fully Furnished,2,2,20,11,18.993384,72.820751,2023-09-19
343,Lower Parel,100500.0,Apartment,1,772.36,Semi-Furnished,2,0,19,9,18.999535,72.826321,2023-06-12
344,Goregaon East,97100.0,Apartment,2,805.19,Fully Furnished,3,1,10,2,19.169027,72.866234,2023-03-15
345,Goregaon East,129000.0,Apartment,4,1515.03,Unfurnished,4,1,28,8,19.162294,72.861015,2023-08-19
346,Goregaon East,81800.0,Apartment,2,879.92,Semi-Furnished,2,1,24,,19.164231,72.87031,2023-10-25
347,Powai,179100.0,Apartment,3,1335.93,Fully Furnished,3,1,40,9,19.109162,72.908674,2023-12-09
348,Chembur,77000.0,Apartment,2,832.75,Semi-Furnished,2,1,22,3,19.060657,72.904489,2023-12-22
349,Chembur,,Apartment,1,557.56,Semi-Furnished,1,1,2,2,19.047241,72.901816,2023-05-23
350,bandra west,206500.0,Apartment,3,1461.47,,3,1,12,2,18.992157,72.819888,2023-01-17
351,Powai,97600.0,Apartment,2,1016.39,Semi-Furnished,2,1,11,27,19.12271,72.89832,2023-05-16
352,Powai,84400.0,Independent House,2,939.77,Unfurnished,2,1,25,10,19.126144,72.904976,2023-05-28
353,Borivali West,134100.0,Independent House,4,1442.23,Semi-Furnished,4,1,18,20,19.226623,72.849563,2023-10-27
354,Worli,190800.0,Apartment,3,1417.46,Semi-Furnished,3,1,1,0,19.01393,72.821105,2023-08-17
355,Lower Parel,,Independent House,1,864.59,Semi-Furnished,2,2,8,17,19.000577,72.831158,2023-12-03
356,Powai,109900.0,Apartment,3,1299.11,Unfurnished,3,2,18,3,19.115256,72.902653,2023-02-01
357,Bandra West,73700.0,Apartment,1,614.08,Unfurnished,1,1,32,8,19.051725,72.828332,2023-11-26
358,Lower Parel,84600.0,Apartment,1,646.88,Semi-Furnished,2,0,1,0,18.996793,72.828508,2023-07-20
359,Juhu,208400.0,Apartment,2,1190.63,,2,1,31,24,19.103557,72.817404,2023-12-16
360,Andheri West,99700.0,Apartment,2,834.9,Semi-Furnished,2,0,36,0,19.138912,72.824885,2023-02-24
361,Andheri West,165200.0,Apartment,3,1173.85,Fully Furnished,4,0,25,14,19.145631,72.818028,2023-08-19
362,Borivali West,36500.0,Apartment,1,533.29,Unfurnished,1,1,35,19,19.228578,72.834481,2023-03-14
363,Chembur,72900.0,Apartment,1,628.73,,1,1,30,8,19.044484,72.9014,2023-02-24
364,Chembur,47500.0,Apartment,1,570.5,Unfurnished,1,1,37,21,19.054062,72.89621,2023-01-24
365,Andheri West,66800.0,Apartment,1,568.35,Fully Furnished,1,1,9,15,19.127914,72.817844,2023-09-07
366,Andheri West,126600.0,Apartment,3,1139.26,Semi-Furnished,3,0,10,10,19.138511,72.818452,2023-03-31
367,Powai,186700.0,Apartment,3,1342.16,Fully Furnished,3,1,13,,19.117751,72.905284,2023-10-04
368,Worli,91500.0,Apartment,1,826.15,Unfurnished,1,0,3,0,19.023003,72.821768,2023-11-12
369,Bandra West,,Apartment,1,481.93,Fully Furnished,1,0,16,13,19.067567,72.824101,2023-12-13
370,Andheri West,118400.0,Apartment,2,841.71,Fully Furnished,2,1,32,0,19.134047,72.820428,2023-04-02
371,Worli,-50000,Apartment,2,1103.29,Semi-Furnished,2,0,30,12,19.018973,72.822391,2023-06-01
372,Chembur,134300.0,Apartment,4,1450.51,Semi-Furnished,3,1,14,13,19.056924,72.894433,2023-08-08
373,Borivali West,62800.0,Independent House,2,877.85,Unfurnished,3,1,3,13,19.226686,72.850294,2023-09-29
374,Andheri West,86600.0,Apartment,2,771.23,Semi-Furnished,3,0,19,7,19.135486,72.829108,2023-12-27
375,Chembur,54400.0,Apartment,1,608.58,Semi-Furnished,1,1,30,6,19.048858,72.890154,2023-12-20
376,Goregaon East,138200.0,Apartment,3,1117.76,Fully Furnished,3,1,22,24,19.156819,72.863812,2023-01-27
377,Chembur,54300.0,Apartment,1,557.7,Semi-Furnished,1,0,22,14,19.059623,72.903557,2023-10-25
378,Worli,192100.0,Apartment,2,1076.8,Fully Furnished,2,1,33,7,19.024889,72.81564,2023-09-30
379,Borivali West,118000.0,Independent House,3,1106.05,Fully Furnished,4,1,6,20,19.224319,72.848042,2023-03-26
380,Juhu,127800.0,Apartment,1,985.11,Semi-Furnished,1,2,31,12,19.098759,72.833736,2023-04-07
381,Worli,186500.0,Apartment,3,1370.61,Semi-Furnished,3,1,34,13,19.010335,72.8118,2023-06-06
382,Juhu,208600.0,Apartment,2,1244.55,Fully Furnished,3,1,11,5,19.111357,72.829627,2023-12-29
383,Powai,78100.0,Apartment,1,803.51,Semi-Furnished,1,0,3,,19.118273,72.89843,2023-03-25
384,Bandra West,190100.0,Apartment,2,936.0,Fully Furnished,2,1,33,23,19.062938,72.835492,2023-10-21
385,Juhu,151400.0,Apartment,2,1096.35,Semi-Furnished,2,0,40,1,19.101403,72.826829,2023-11-25
386,Lower Parel,83500.0,Apartment,1,815.17,Unfurnished,2,1,32,15,18.992521,72.821159,2023-12-08
387,Goregaon East,64000.0,Apartment,2,834.83,Unfurnished,3,0,29,12,19.169172,72.864784,2023-08-06
388,Chembur,64500.0,Studio,1,520.6,Semi-Furnished,1,2,38,7,19.045698,72.898742,2023-08-01
389,Chembur,116200.0,Apartment,3,1239.02,Semi-Furnished,3,1,38,13,19.04528,72.895503,2023-01-02
390,Juhu,111100.0,Apartment,1,889.42,Unfurnished,1,0,18,7,19.106221,72.821458,2023-10-17
391,Juhu,323000.0,Apartment,4,1777.86,Fully Furnished,3,1,10,13,19.102953,72.82469,2023-01-28
392,Borivali West,53000.0,Apartment,1,449.57,Fully Furnished,1,1,39,21,19.234798,72.839529,2023-12-17
393,Borivali West,44000.0,Apartment,1,523.2,Semi-Furnished,1,1,22,1,19.234702,72.845273,2023-04-07
394,Malabar Hill,260800.0,Apartment,3,1587.84,Semi-Furnished,4,0,9,13,18.957795,72.796953,2023-08-15
395,Borivali West,53000.0,Apartment,1,497.32,Fully Furnished,1,1,20,18,19.220355,72.849594,2023-02-27
396,Goregaon East,57800.0,Apartment,1,578.2,Fully Furnished,1,0,5,2,19.158708,72.874523,2023-11-05
397,Powai,123500.0,Apartment,2,1081.08,Fully Furnished,2,1,33,15,19.122865,72.906577,2023-10-24
398,Worli,275900.0,Apartment,4,1702.37,Semi-Furnished,4,2,31,15,19.023595,72.826226,2023-04-03
399,Goregaon East,42100.0,Studio,1,369.18,Fully Furnished,1,0,24,10,19.156914,72.862172,2023-09-10
400,Chembur,,Apartment,3,1223.46,Semi-Furnished,4,1,5,3,19.044303,72.898261,2023-12-11
401,Andheri West,44500.0,Studio,1,316.15,Semi-Furnished,2,0,24,11,19.130957,72.826194,2023-03-04
402,Juhu,125500.0,Apartment,1,864.24,Semi-Furnished,1,1,31,22,19.11286,72.818461,2023-03-17
403,Lower Parel,144800.0,Apartment,2,1130.07,Semi-Furnished,3,1,2,12,18.997765,72.833403,2023-11-15
404,Malabar Hill,267700.0,Apartment,3,1610.14,Semi-Furnished,3,1,35,4,18.947673,72.791291,2023-03-02
405,Goregaon East,90500.0,Apartment,2,907.18,Semi-Furnished,3,0,28,10,19.1681,72.869702,2023-10-19
406,Malabar Hill,255200.0,Apartment,2,1337.15,Fully Furnished,2,2,40,28,18.951809,72.787564,2023-01-15
407,Borivali West,89600.0,Apartment,2,838.07,Fully Furnished,2,1,23,11,19.225042,72.835799,2023-11-28
408,Andheri West,-50000,Apartment,3,1200.28,Fully Furnished,3,1,33,10,19.133855,72.825506,2023-06-12
409,Chembur,50200.0,Apartment,1,578.27,Semi-Furnished,2,1,11,21,19.059147,72.905243,2023-11-22
410,Malabar Hill,134700.0,Apartment,1,976.13,Unfurnished,1,2,38,0,18.949505,72.789195,2023-09-29
411,Andheri West,93300.0,Apartment,2,875.81,,2,1,40,13,19.138857,72.828024,2023-01-10
412,Powai,113500.0,Apartment,2,1085.46,Semi-Furnished,3,1,40,15,19.11685,72.900807,2023-07-06
413,Lower Parel,186700.0,Independent House,3,1392.6,Semi-Furnished,4,0,19,8,18.987571,72.822038,2023-05-03
414,Worli,130800.0,Studio,1,794.31,Semi-Furnished,2,0,18,6,19.01042,72.82365,2023-10-09
415,Juhu,304400.0,Apartment,3,1595.75,Fully Furnished,3,2,24,22,19.102221,72.827719,2023-03-13
416,Malabar Hill,270200.0,Independent House,4,1927.15,Unfurnished,3,1,16,28,18.954745,72.801117,2023-10-27
417,Worli,289000.0,Apartment,4,1768.34,Fully Furnished,3,1,4,,19.015376,72.820255,2023-10-07
418,Lower Parel,167600.0,Apartment,3,1338.24,Unfurnished,3,2,39,27,18.996355,72.824385,2023-05-10
419,Borivali West,127900.0,Apartment,4,1357.57,Semi-Furnished,3,2,17,30,19.235988,72.837305,2023-04-18
420,Juhu,225800.0,Apartment,2,1202.66,Fully Furnished,3,1,32,30,19.113988,72.83027,2023-02-21
421,Malabar Hill,171500.0,Apartment,1,991.44,Fully Furnished,1,1,12,13,18.952566,72.791274,2023-04-13
422,Andheri West,54000.0,Apartment,1,531.1,Semi-Furnished,1,1,27,23,19.140049,72.834235,2023-03-30
423,Lower Parel,80600.0,Apartment,1,777.54,Unfurnished,2,0,2,4,18.989265,72.832225,2023-08-25
424,Powai,61500.0,Apartment,1,660.39,Unfurnished,1,1,1,14,19.117483,72.90049,2023-12-11
425,Worli,108900.0,Apartment,1,805.46,Semi-Furnished,1,1,39,10,19.022749,72.807175,2023-07-29
426,Lower Parel,97700.0,Apartment,1,750.67,Semi-Furnished,1,1,21,5,19.000022,72.823325,2023-08-05
427,Andheri West,131800.0,Apartment,2,960.32,Fully Furnished,2,1,39,5,19.14585,72.831125,2023-06-04
428,Powai,160700.0,Apartment,4,1552.86,Semi-Furnished,4,1,9,11,19.113865,72.91557,2023-03-01
429,Juhu,265800.0,Independent House,3,1499.59,Fully Furnished,4,1,17,22,19.112774,72.819325,2023-09-09
430,Juhu,159900.0,Apartment,1,912.32,Fully Furnished,1,1,32,21,19.10736,72.833217,2023-08-23
431,Powai,92900.0,Apartment,1,773.59,Fully Furnished,1,0,38,15,19.126008,72.900923,2023-08-02
432,Juhu,195300.0,Apartment,2,1224.12,Semi-Furnished,2,1,7,2,19.107097,72.828867,2023-12-04
433,Lower Parel,144200.0,Apartment,2,1207.57,Unfurnished,2,1,37,1,19.001263,72.833076,2023-06-15
434,Malabar Hill,,Apartment,4,1844.13,Unfurnished,4,0,14,12,18.943083,72.790971,2023-12-01
435,Goregaon East,131400.0,Apartment,3,1166.61,Fully Furnished,3,1,13,13,19.163061,72.87163,2023-11-04
436,S. Mumbai - Worli,79200.0,Apartment,2,742.26,Fully Furnished,2,0,10,14,19.227547,72.852244,2023-08-28
437,Juhu,212200.0,Apartment,2,1196.42,Fully Furnished,2,1,36,0,19.106793,72.830706,2023-02-18
438,Lower Parel,140800.0,Apartment,2,1056.05,Semi-Furnished,2,1,26,22,18.999782,72.833347,2023-10-28
439,Juhu,206100.0,Apartment,2,1279.7,Fully Furnished,2,1,39,7,19.097766,72.829416,2023-03-01
440,Juhu,169700.0,Apartment,2,1225.91,Semi-Furnished,2,2,24,12,19.101316,72.832619,2023-01-08
441,Worli,197400.0,Apartment,3,1347.4,Semi-Furnished,3,1,13,10,19.009229,72.824648,2023-01-12
442,Juhu,356800.0,Apartment,4,1839.02,Fully Furnished,3,1,4,6,19.114472,72.831042,2023-08-01
443,Chembur,122000.0,Apartment,3,1202.15,Semi-Furnished,3,2,32,1,19.04347,72.907358,2023-10-11
444,Goregaon East,102200.0,Apartment,3,1075.7,Semi-Furnished,3,0,13,3,19.161383,72.868542,2023-12-17
445,Juhu,,Villa,1,881.19,,1,1,31,1,19.107158,72.819766,2023-12-08
446,Powai,,Studio,1,544.49,Fully Furnished,1,0,2,10,19.108239,72.897273,2023-09-15
447,Goregaon East,37700.0,Apartment,1,470.31,Unfurnished,1,1,36,8,19.156683,72.857508,2023-12-09
448,Juhu,165200.0,Studio,1,900.3,Semi-Furnished,1,1,7,4,19.11572,72.819441,2023-04-16
449,Lower Parel,202900.0,Apartment,3,1313.13,,3,1,8,13,18.992126,72.8283,2023-08-31
450,Andheri West,73600.0,Apartment,1,514.76,Fully Furnished,1,1,15,22,19.142192,72.824935,2023-09-22
451,Bandra West,172200.0,Apartment,2,892.7,Fully Furnished,2,1,11,6,19.052619,72.830991,2023-11-25
452,Malabar Hill,306300.0,Apartment,4,1949.66,Unfurnished,3,1,23,10,18.948079,72.797878,2023-12-25
453,Malabar Hill,184900.0,Apartment,2,1254.17,Unfurnished,2,1,20,6,18.950409,72.795816,2023-03-06
454,Worli,129500.0,Apartment,1,745.96,Fully Furnished,1,1,38,9,19.009109,72.807799,2023-09-16
455,Borivali West,44700.0,Apartment,1,541.48,Unfurnished,1,1,1,19,19.233093,72.852851,2023-10-17
456,Malabar Hill,229900.0,Apartment,3,1574.07,Unfurnished,3,0,25,9,18.949086,72.787931,2023-07-04
457,Goregaon East,118600.0,Apartment,3,1253.41,Semi-Furnished,3,1,34,15,19.166286,72.869229,2023-05-16
458,Juhu,224100.0,Apartment,2,1198.12,Fully Furnished,2,1,30,14,19.106967,72.83123,2023-08-22
459,Malabar Hill,245700.0,Apartment,2,1287.38,Fully Furnished,2,0,10,20,18.94056,72.787857,2023-09-06
460,Chembur,104100.0,Apartment,2,893.86,Fully Furnished,2,0,36,2,19.053515,72.907506,2023-06-08
461,Goregaon East,82100.0,Apartment,2,818.09,Semi-Furnished,2,1,29,11,19.162345,72.874505,2023-07-29
462,Borivali West,79000.0,Apartment,2,811.28,Semi-Furnished,3,1,37,10,19.222649,72.846474,2023-02-13
463,Chembur,112800.0,Apartment,3,1185.37,Semi-Furnished,3,1,35,6,19.058978,72.901091,2023-12-28
464,Andheri West,102100.0,Apartment,3,1109.24,Unfurnished,3,1,27,14,19.137136,72.823407,2023-02-20
465,Powai,77200.0,Apartment,1,661.64,Fully Furnished,1,1,2,6,19.12546,72.901159,2023-07-31
466,Andheri West,49000.0,Apartment,1,480.7,,1,2,18,11,19.13445,72.822375,2023-01-15
467,Bandra West,83900.0,Apartment,1,593.82,Semi-Furnished,1,1,27,7,19.057066,72.839206,2023-03-14
468,Worli,214000.0,Apartment,2,1155.65,Fully Furnished,2,1,19,5,19.018857,72.82339,2023-05-20
469,Goregaon East,227400.0,Apartment,5,1756.79,Fully Furnished,4,1,5,7,19.174576,72.874066,2023-10-12
470,Worli,182100.0,Apartment,2,1093.86,Fully Furnished,2,1,29,26,19.02608,72.813169,2023-08-24
471,Powai,93500.0,Independent House,2,825.97,Semi-Furnished,2,1,32,14,19.118373,72.913851,2023-02-09
472,Juhu,218000.0,Apartment,2,1227.73,Fully Furnished,2,1,1,21,19.112363,72.831468,2023-04-24
473,Borivali West,53200.0,Apartment,1,477.51,Fully Furnished,2,2,3,13,19.222722,72.850522,2023-01-04
474,Goregaon East,55600.0,Apartment,1,469.92,Fully Furnished,1,1,39,8,19.159792,72.867898,2023-03-07
475,Worli,266600.0,Apartment,3,1393.95,Fully Furnished,4,1,40,14,19.020362,72.819601,2023-11-25
476,Borivali West,75200.0,Apartment,2,799.25,Semi-Furnished,2,1,15,10,19.226637,72.840794,2023-01-03
477,Chembur,92400.0,Apartment,3,1201.07,Unfurnished,4,0,22,7,19.058361,72.901351,2023-08-10
478,Borivali West,79100.0,Villa,3,1017.55,Unfurnished,4,1,16,15,19.230379,72.835811,2023-08-17
479,Bandra West,227500.0,Apartment,4,1553.81,Semi-Furnished,3,1,4,15,19.060785,72.825398,2023-01-29
480,Goregaon East,81200.0,Apartment,2,808.35,Semi-Furnished,2,1,30,3,19.170259,72.865582,2023-12-12
481,Borivali West,83100.0,Apartment,2,905.17,Semi-Furnished,3,2,9,14,19.227692,72.838963,2023-11-14
482,Bandra West,77300.0,Villa,1,529.77,Semi-Furnished,1,1,10,13,19.059954,72.832654,2023-01-05
483,Powai,75400.0,Apartment,1,729.72,Semi-Furnished,1,0,13,11,19.119595,72.902623,2023-08-28
484,Chembur,97400.0,Apartment,2,877.33,Fully Furnished,3,2,32,,19.046463,72.899115,2023-11-16
485,Borivali West,126900.0,Apartment,3,1043.33,Fully Furnished,3,1,36,8,19.219678,72.834694,2023-07-04
486,Worli,86100.0,Apartment,1,793.44,Unfurnished,1,0,12,16,19.022648,72.808819,2023-12-02
487,Worli,148800.0,Apartment,2,1130.84,Unfurnished,3,2,28,5,19.010734,72.814164,2023-04-08
488,Borivali West,77300.0,Independent House,2,757.36,Semi-Furnished,2,1,19,1,19.23583,72.853468,2023-03-06
489,bandra west,133500.0,Apartment,1,789.91,Fully Furnished,1,1,33,13,19.10801,72.825966,2023-07-11
490,Juhu,189200.0,Apartment,2,1166.32,Semi-Furnished,2,1,29,12,19.100644,72.833149,2023-10-20
491,Lower Parel,184200.0,Apartment,2,1136.54,Fully Furnished,2,1,40,12,18.99164,72.825847,2023-09-12
492,Powai,130500.0,Independent House,2,1072.33,Fully Furnished,2,1,6,2,19.111606,72.899933,2023-10-07
493,Borivali West,57900.0,Apartment,1,504.44,Fully Furnished,1,0,35,2,19.237716,72.850537,2023-07-26
494,Bandra West,177300.0,Apartment,2,904.05,Fully Furnished,2,1,31,14,19.056413,72.821218,2023-08-25
495,Worli,141100.0,Apartment,2,1084.97,,2,0,9,23,19.01141,72.815114,2023-06-23
496,Goregaon East,120900.0,Apartment,3,1136.8,Semi-Furnished,3,0,22,15,19.158684,72.864313,2023-07-15
497,Malabar Hill,147100.0,Studio,1,762.59,Semi-Furnished,1,0,36,,18.94398,72.803227,2023-04-06
498,S. Mumbai - Worli,55100.0,Apartment,1,504.08,Fully Furnished,1,0,27,3,19.16238,72.874572,2023-02-05
499,Worli,95400.0,Apartment,1,719.02,Semi-Furnished,1,2,38,14,19.026722,72.815515,2023-01-04
500,Goregaon East,82300.0,Apartment,2,810.22,Semi-Furnished,2,0,6,13,19.162422,72.872969,2023-06-02
501,Powai,111600.0,Apartment,2,931.56,Fully Furnished,2,1,7,19,19.118355,72.909333,2023-11-18
502,Andheri West,81800.0,Apartment,2,858.24,Unfurnished,2,2,5,14,19.131355,72.827821,2023-03-26
503,Juhu,141500.0,Apartment,1,878.68,Fully Furnished,1,0,3,10,19.112474,72.825995,2023-12-10
504,Andheri West,,Apartment,1,539.6,Semi-Furnished,1,0,2,4,19.129669,72.831128,2023-07-20
505,Bandra West,163300.0,Apartment,2,839.2,Fully Furnished,2,0,4,14,19.057412,72.825666,2023-02-22
506,Bandra West,144400.0,Apartment,2,811.77,Fully Furnished,3,0,2,6,19.050863,72.838675,2023-12-09
507,Andheri West,137000.0,Apartment,3,1165.04,Semi-Furnished,3,1,36,5,19.128716,72.821976,2023-08-08
508,Borivali West,90800.0,Apartment,2,717.79,Fully Furnished,2,1,18,5,19.224831,72.846077,2023-07-30
509,Andheri West,173400.0,Apartment,3,1180.21,Fully Furnished,3,1,25,5,19.132659,72.834731,2023-12-19
510,Juhu,135100.0,Apartment,1,1020.95,Semi-Furnished,1,1,1,6,19.112258,72.831445,2023-05-02
511,Chembur,58700.0,Apartment,1,500.41,Fully Furnished,1,0,39,3,19.052617,72.909051,2023-01-21
512,Lower Parel,230100.0,Apartment,3,1340.78,Fully Furnished,3,2,16,25,18.994147,72.818321,2023-04-04
513,Juhu,145400.0,Apartment,1,839.7,Fully Furnished,1,1,14,14,19.111933,72.821198,2023-03-26
514,Powai,82600.0,Studio,1,558.89,Fully Furnished,2,1,24,12,19.122299,72.911206,2023-11-09
515,Juhu,110300.0,Apartment,1,942.22,Unfurnished,1,0,12,12,19.109621,72.817739,2023-10-15
516,Powai,125600.0,Apartment,3,1378.06,Unfurnished,3,1,26,12,19.12735,72.897425,2023-11-25
517,Bandra West,314300.0,Apartment,5,1892.93,Semi-Furnished,5,1,23,13,19.057307,72.827981,2023-11-30
518,Worli,110400.0,Apartment,1,850.12,Semi-Furnished,1,1,17,4,19.025936,72.82343,2023-10-24
519,Bandra West,89800.0,Apartment,1,573.93,Semi-Furnished,2,0,13,8,19.068954,72.83267,2023-09-14
520,Goregaon East,73000.0,Independent House,2,850.61,Unfurnished,2,1,23,1,19.160762,72.876241,2023-12-24
521,Juhu,125000.0,Apartment,1,861.82,Semi-Furnished,1,0,24,8,19.106513,72.832587,2023-02-26
522,Powai,59000.0,Apartment,1,713.78,Unfurnished,2,1,40,0,19.108885,72.896593,2023-05-22
523,Worli,158000.0,Apartment,2,1135.88,Semi-Furnished,2,1,3,9,19.026638,72.821827,2023-09-24
524,Juhu,,Apartment,2,1133.38,Unfurnished,3,1,24,12,19.113625,72.816362,2023-06-19
525,Goregaon East,104800.0,Apartment,3,1165.67,Unfurnished,3,1,16,13,19.162863,72.860259,2023-09-21
526,Borivali West,58900.0,Apartment,1,568.52,Fully Furnished,1,1,26,5,19.238537,72.851242,2023-09-01
527,Andheri West,131500.0,Apartment,3,1176.47,Semi-Furnished,3,1,33,8,19.146226,72.837444,2023-12-11
528,Juhu,177600.0,Apartment,1,947.46,Fully Furnished,1,1,6,0,19.115553,72.831626,2023-06-17
529,Worli,213600.0,Apartment,3,1443.01,Semi-Furnished,4,1,32,0,19.008193,72.813465,2023-11-04
530,Goregaon East,94800.0,Apartment,2,884.0,Fully Furnished,2,0,8,11,19.166057,72.859048,2023-03-01
531,Borivali West,144200.0,Apartment,4,1452.44,Semi-Furnished,4,2,21,8,19.226706,72.844866,2023-02-24
532,Juhu,185500.0,Apartment,2,1190.76,Semi-Furnished,2,0,3,11,19.117437,72.83043,2023-05-21
533,Juhu,161300.0,Studio,1,706.46,Fully Furnished,2,0,14,9,19.114636,72.830848,2023-04-02
534,Lower Parel,192300.0,Studio,1,1185.89,Semi-Furnished,1,1,23,12,19.003761,72.832222,2023-12-23
535,Malabar Hill,190100.0,Apartment,2,1301.44,Unfurnished,3,1,30,5,18.957944,72.789195,2023-05-30
536,Worli,196300.0,Apartment,3,1376.94,Semi-Furnished,4,0,28,5,19.010493,72.807649,2023-08-31
537,Malabar Hill,217000.0,Apartment,2,1350.16,Semi-Furnished,2,0,32,15,18.959823,72.798415,2023-12-21
538,Andheri West,133400.0,Apartment,3,1134.21,Semi-Furnished,3,0,6,13,19.138037,72.837447,2023-01-12
539,Juhu,142200.0,Apartment,1,910.54,Semi-Furnished,1,1,37,1,19.101198,72.832557,2023-10-03
540,Bandra West,175700.0,Apartment,2,906.63,Fully Furnished,3,1,8,18,19.060694,72.83551,2023-01-03
541,Andheri West,64200.0,Apartment,1,519.8,Fully Furnished,1,0,8,21,19.126302,72.823712,2023-12-03
542,Malabar Hill,288400.0,Apartment,4,1823.49,Semi-Furnished,3,2,23,4,18.944742,72.788761,2023-01-23
543,Lower Parel,205000.0,Apartment,3,1408.28,Semi-Furnished,3,1,28,0,18.993301,72.819865,2023-03-25
544,Lower Parel,156800.0,Apartment,2,1060.91,Semi-Furnished,2,1,13,11,18.988581,72.834631,2023-11-06
545,Borivali West,202400.0,Apartment,5,1763.78,Fully Furnished,4,0,36,7,19.234361,72.837027,2023-06-20
546,Worli,104600.0,Apartment,1,906.89,Unfurnished,1,0,34,25,19.013878,72.818043,2023-09-28
547,Lower Parel,127600.0,Apartment,2,1089.75,Unfurnished,2,1,35,30,18.990481,72.831933,2023-03-07
548,Powai,78000.0,Apartment,2,910.09,Unfurnished,2,1,16,15,19.123569,72.906045,2023-07-01
549,Lower Parel,260100.0,Independent House,4,1638.75,Fully Furnished,3,0,20,3,19.004197,72.821502,2023-05-03
550,Bandra West,123700.0,Apartment,1,671.51,Fully Furnished,2,1,9,13,19.063558,72.827609,2023-09-30
551,bandra west,62600.0,Apartment,1,630.35,Semi-Furnished,1,2,34,15,19.060804,72.904774,2023-12-12
552,Worli,146500.0,Apartment,1,847.37,,1,0,8,9,19.012701,72.816262,2023-03-02
553,Lower Parel,111600.0,Apartment,1,714.62,Fully Furnished,2,1,3,15,18.994507,72.824167,2023-11-12
554,Andheri West,65800.0,Apartment,1,559.42,Fully Furnished,1,0,33,17,19.131303,72.827114,2023-12-03
555,Borivali West,54700.0,Apartment,1,526.91,Fully Furnished,1,1,11,11,19.222769,72.837891,2023-12-30
556,Bandra West,90900.0,Apartment,1,567.88,Semi-Furnished,2,2,18,12,19.052149,72.834522,2024-01-01
557,Goregaon East,93900.0,Apartment,2,861.01,Fully Furnished,2,0,10,14,19.171197,72.865093,2023-12-14
558,Chembur,127500.0,Apartment,3,1184.15,Semi-Furnished,3,0,33,9,19.047147,72.905912,2023-12-25
559,Worli,153700.0,Apartment,2,1127.91,Semi-Furnished,2,1,10,7,19.025482,72.815126,2023-04-09
560,Chembur,48700.0,Apartment,1,580.28,Semi-Furnished,2,0,28,6,19.047585,72.895111,2023-02-26
561,Borivali West,132100.0,Apartment,3,1166.11,Fully Furnished,3,1,19,10,19.237767,72.841372,2023-05-10
562,Lower Parel,112100.0,Apartment,1,731.67,Fully Furnished,1,1,38,4,18.992981,72.835944,2023-10-27
563,Powai,62800.0,Studio,1,629.23,Unfurnished,2,0,29,7,19.127393,72.90004,2023-08-31
564,Powai,57600.0,Apartment,1,613.66,Unfurnished,2,2,23,13,19.117256,72.906475,2023-02-04
565,Malabar Hill,241700.0,Studio,1,951.42,Fully Furnished,2,0,13,12,18.94331,72.800015,2023-02-08
566,Goregaon East,94000.0,Apartment,2,796.39,Fully Furnished,2,1,1,13,19.17165,72.862427,2023-06-05
567,Lower Parel,206600.0,Apartment,2,1140.12,Fully Furnished,2,1,9,26,18.995992,72.818228,2023-04-18
568,Borivali West,58000.0,Independent House,2,794.64,Unfurnished,2,0,40,,19.223186,72.853405,2023-07-02
569,Powai,54800.0,Apartment,1,620.7,Unfurnished,1,1,25,10,19.123937,72.900413,2023-04-16
570,Lower Parel,97100.0,Apartment,1,780.23,Semi-Furnished,1,1,10,3,18.989077,72.82801,2023-04-01
571,Powai,146900.0,Apartment,2,1072.29,Fully Furnished,2,0,5,23,19.122086,72.898746,2023-02-21
572,Bandra West,152200.0,Apartment,2,969.17,Semi-Furnished,2,0,16,18,19.068752,72.821627,2023-01-05
573,Borivali West,90800.0,Apartment,3,1171.19,Unfurnished,4,1,31,9,19.221262,72.850598,2023-10-06
574,Andheri West,136100.0,Apartment,2,930.68,Fully Furnished,2,0,25,1,19.133995,72.835384,2023-12-17
575,Andheri West,115200.0,Villa,2,851.09,Fully Furnished,2,1,24,0,19.138292,72.831289,2023-06-21
576,Powai,128200.0,Apartment,3,1269.33,Unfurnished,3,1,24,2,19.123156,72.898932,2023-03-18
577,Powai,119600.0,Apartment,2,1008.95,Fully Furnished,2,2,18,21,19.114652,72.905884,2023-07-17
578,Juhu,156000.0,Apartment,2,1217.93,Unfurnished,2,0,27,,19.105193,72.827919,2023-04-28
579,Goregaon East,107700.0,Apartment,2,863.36,Fully Furnished,2,0,2,23,19.172827,72.863717,2023-01-31
580,Powai,46500.0,Studio,1,455.69,Unfurnished,1,1,4,17,19.122262,72.909922,2023-07-13
581,Goregaon East,69100.0,Apartment,2,828.05,Unfurnished,3,0,24,1,19.157594,72.860148,2023-08-02
582,Powai,152600.0,Apartment,3,1287.04,Fully Furnished,3,1,19,16,19.117666,72.896217,2023-03-30
583,Goregaon East,74600.0,Apartment,2,825.74,Unfurnished,2,1,28,10,19.169463,72.864508,2023-03-06
584,Bandra West,69400.0,Apartment,1,597.68,Unfurnished,2,1,21,12,19.062533,72.823395,2023-07-10
585,Andheri West,68800.0,Apartment,1,562.81,Fully Furnished,1,0,14,28,19.139068,72.818347,2023-04-14
586,Lower Parel,72800.0,Studio,1,480.55,Semi-Furnished,1,0,20,,18.991589,72.826013,2023-04-10
587,Borivali West,142800.0,Apartment,4,1434.38,Semi-Furnished,3,1,10,15,19.224602,72.837131,2023-01-20
588,Juhu,164200.0,Apartment,1,946.29,Fully Furnished,1,0,11,14,19.10645,72.818924,2023-06-24
589,Lower Parel,157100.0,Apartment,2,1024.7,Semi-Furnished,2,0,40,7,19.001395,72.821052,2023-02-19
590,Lower Parel,161100.0,Apartment,2,1052.47,Fully Furnished,2,2,11,10,18.999513,72.827415,2023-04-02
591,Juhu,253600.0,Independent House,4,1765.65,Unfurnished,4,1,24,22,19.106317,72.82655,2023-03-08
592,Chembur,187600.0,Apartment,4,1471.01,Fully Furnished,4,1,40,6,19.042359,72.906561,2023-10-15
593,Lower Parel,117400.0,Apartment,2,1082.18,Unfurnished,2,1,30,,18.999936,72.836549,2023-04-03
594,Goregaon East,87500.0,Apartment,3,1107.38,Unfurnished,3,1,31,0,19.15751,72.860769,2023-08-29
595,Chembur,59800.0,Independent House,1,563.16,Fully Furnished,1,1,4,6,19.045722,72.892335,2023-11-22
596,Lower Parel,138000.0,Apartment,2,1031.71,,2,0,4,21,18.992286,72.826582,2023-04-12
597,Juhu,159300.0,Apartment,2,1234.08,Unfurnished,2,1,36,9,19.103975,72.836027,2023-03-16
598,Borivali West,59800.0,Apartment,1,521.38,Fully Furnished,1,1,17,23,19.227787,72.853489,2023-11-21
599,Andheri West,59700.0,Apartment,1,564.62,Semi-Furnished,1,0,14,15,19.144233,72.827742,2023-06-04
600,Andheri West,104600.0,Apartment,2,805.27,Fully Furnished,2,1,22,8,19.129553,72.826418,2023-11-01
601,Lower Parel,203400.0,Apartment,3,1310.09,Semi-Furnished,4,1,6,0,18.995228,72.833235,2023-02-23
602,Malabar Hill,180900.0,Apartment,1,944.41,Fully Furnished,1,0,30,4,18.947012,72.800875,2023-03-05
603,Juhu,227200.0,Apartment,2,1191.0,Fully Furnished,2,0,19,20,19.110966,72.816383,2023-08-01
604,Andheri W,51300.0,Apartment,1,583.97,Semi-Furnished,1,1,11,,19.167489,72.873071,2023-11-12
605,Chembur,87800.0,Apartment,2,886.35,Semi-Furnished,2,0,15,0,19.059061,72.902046,2023-07-20
606,Lower Parel,245500.0,Apartment,3,1307.87,Fully Furnished,3,1,10,15,18.992948,72.833047,2023-10-20
607,Powai,194400.0,Apartment,5,1908.23,Semi-Furnished,4,0,16,5,19.1263,72.908549,2023-02-12
608,Chembur,149100.0,Apartment,3,1294.07,Fully Furnished,3,0,5,30,19.058109,72.897775,2023-09-09
609,Juhu,333500.0,Apartment,4,1756.49,Fully Furnished,4,1,12,2,19.114596,72.818644,2023-11-07
610,Borivali West,199500.0,Apartment,5,1654.56,Fully Furnished,4,2,13,,19.223126,72.841398,2023-03-20
611,Worli,152000.0,Apartment,1,886.06,Fully Furnished,1,0,6,2,19.015621,72.825527,2023-09-11
612,Worli,103300.0,Apartment,1,851.07,Unfurnished,1,1,38,2,19.024557,72.815075,2023-08-10
613,Lower Parel,187900.0,Apartment,3,1311.99,Semi-Furnished,3,1,5,3,18.993496,72.830278,2023-10-28
614,Malabar Hill,201600.0,Apartment,2,1356.47,Semi-Furnished,2,0,24,8,18.940218,72.791577,2023-12-19
615,Juhu,224800.0,Apartment,2,1208.2,Fully Furnished,2,0,36,30,19.115353,72.824735,2023-10-21
616,Goregaon East,81600.0,Apartment,2,874.61,Semi-Furnished,3,1,8,8,19.155025,72.856857,2023-10-23
617,Chembur,196800.0,Apartment,5,1795.39,Semi-Furnished,5,2,3,6,19.056665,72.894993,2023-08-01
618,Borivali West,81400.0,Apartment,2,779.07,Fully Furnished,2,1,8,2,19.221575,72.853971,2023-01-06
619,Goregaon East,39800.0,Apartment,1,532.15,Unfurnished,1,0,4,2,19.161187,72.868755,2023-05-16
620,Goregaon East,65700.0,Apartment,1,610.98,Fully Furnished,2,1,27,5,19.164159,72.866302,2023-10-23
621,Lower Parel,192700.0,Apartment,2,1055.99,Fully Furnished,2,1,16,5,18.98955,72.83161,2023-01-31
622,Juhu,239900.0,Apartment,3,1572.4,Semi-Furnished,3,1,20,5,19.101876,72.823573,2023-03-08
623,Juhu,255900.0,Apartment,3,1510.83,Fully Furnished,3,1,37,7,19.102311,72.834182,2023-02-26
624,Powai,75300.0,Apartment,1,640.24,Fully Furnished,1,1,14,12,19.113052,72.897956,2023-08-14
625,Goregaon East,103600.0,Apartment,3,1132.08,Semi-Furnished,3,1,28,0,19.155663,72.857214,2023-02-28
626,Lower Parel,104600.0,Apartment,1,741.05,Semi-Furnished,1,1,15,5,18.998038,72.832317,2023-06-27
627,Lower Parel,167800.0,Apartment,3,1241.35,Semi-Furnished,3,2,16,1,18.988137,72.818455,2023-08-22
628,Juhu,226000.0,Apartment,2,1337.33,Fully Furnished,2,0,23,15,19.098404,72.816648,2023-02-26
629,bandra west,233800.0,Apartment,3,1378.17,Fully Furnished,3,1,29,3,18.994475,72.834755,2023-07-06
630,Lower Parel,175200.0,Apartment,3,1353.68,Unfurnished,3,0,34,18,19.005182,72.825344,2023-12-04
631,Bandra West,104400.0,Apartment,1,638.17,Semi-Furnished,1,2,7,30,19.053099,72.837707,2023-09-27
632,Borivali West,87500.0,Studio,1,624.32,Fully Furnished,1,1,22,7,19.224568,72.853489,2023-06-27
633,Juhu,326400.0,Apartment,4,1758.84,Fully Furnished,3,0,32,2,19.10316,72.828161,2023-04-22
634,Bandra West,158900.0,Apartment,2,802.64,Fully Furnished,2,1,33,18,19.069518,72.823435,2023-03-15
635,Chembur,182700.0,Independent House,4,1576.99,Fully Furnished,3,1,26,10,19.050916,72.907019,2023-10-16
636,Chembur,70400.0,Apartment,1,600.0,Fully Furnished,1,0,30,8,19.044972,72.898338,2023-02-19
637,Borivali West,75800.0,Apartment,2,-500,Semi-Furnished,3,1,36,12,19.234533,72.845706,2023-06-04
638,Borivali West,38000.0,Apartment,1,449.39,Semi-Furnished,1,1,1,23,19.235398,72.847098,2023-05-19
639,Borivali West,58400.0,Apartment,2,771.3,Unfurnished,2,1,33,5,19.221528,72.852001,2023-09-11
640,Powai,103200.0,Apartment,2,1076.25,Semi-Furnished,2,0,1,1,19.109672,72.896493,2023-04-15
641,Malabar Hill,199900.0,Apartment,2,1386.67,Unfurnished,3,1,35,15,18.948647,72.797724,2023-03-05
642,Powai,72500.0,Apartment,1,702.25,Semi-Furnished,1,1,19,7,19.115316,72.911997,2023-07-20
643,Juhu,206000.0,Apartment,2,1264.42,Semi-Furnished,2,1,40,30,19.115148,72.825467,2023-08-28
644,Bandra West,359600.0,Apartment,5,1844.24,Fully Furnished,4,1,5,8,19.063904,72.835234,2023-08-24
645,Lower Parel,167600.0,Apartment,3,1390.53,Unfurnished,3,2,39,8,18.995809,72.820788,2023-12-04
646,Borivali West,87000.0,Apartment,2,755.05,Fully Furnished,2,1,15,23,19.238427,72.850271,2023-04-29
647,bandra west,92000.0,Apartment,1,796.55,Unfurnished,2,0,17,6,19.019031,72.823414,2023-07-11
648,Powai,67300.0,Studio,1,581.74,Semi-Furnished,1,0,29,5,19.123773,72.899846,2023-09-28
649,Chembur,70100.0,Apartment,1,611.78,Fully Furnished,1,1,37,4,19.052763,72.893303,2023-11-25
650,Worli,140000.0,Apartment,2,1063.42,Semi-Furnished,2,0,28,5,19.012865,72.808959,2023-09-22
651,Worli,142300.0,Apartment,1,854.91,Fully Furnished,2,1,23,0,19.025536,72.816601,2023-09-23
652,Goregaon East,77800.0,Apartment,2,892.78,Unfurnished,3,1,3,2,19.157386,72.867442,2023-01-31
653,Borivali West,,Apartment,4,1432.69,Fully Furnished,4,2,3,7,19.23655,72.843675,2023-02-11
654,Powai,85500.0,Apartment,1,822.88,Semi-Furnished,1,1,15,6,19.119763,72.903588,2023-10-01
655,Bandra West,132900.0,Apartment,2,911.95,Semi-Furnished,2,0,29,15,19.067961,72.824263,2023-08-12
656,Andheri West,88500.0,Apartment,2,848.63,Semi-Furnished,2,2,1,,19.129912,72.818574,2023-08-13
657,Borivali West,97600.0,Apartment,2,824.09,Fully Furnished,2,1,5,14,19.236753,72.851275,2023-07-02
658,Juhu,226300.0,Apartment,3,1503.28,Semi-Furnished,3,0,35,7,19.107224,72.817869,2023-11-15
659,Powai,182900.0,Apartment,3,1280.68,Fully Furnished,3,1,3,13,19.117578,72.896675,2023-01-11
660,Lower Parel,128600.0,Apartment,2,1125.69,Unfurnished,2,0,25,3,18.993922,72.819245,2023-12-04
661,Lower Parel,108800.0,Independent House,1,783.95,Semi-Furnished,1,1,17,4,18.993982,72.826751,2023-11-15
662,Bandra West,220400.0,Independent House,3,1251.99,Fully Furnished,4,1,28,15,19.058947,72.839352,2023-07-15
663,Worli,134800.0,Villa,1,844.36,Fully Furnished,1,1,22,12,19.01191,72.819661,2023-12-04
664,Chembur,47200.0,Apartment,1,559.14,Unfurnished,1,0,1,6,19.050372,72.901091,2023-04-22
665,Andheri West,75100.0,Apartment,1,530.55,Fully Furnished,1,0,32,1,19.127292,72.819989,2023-12-02
666,Bandra West,88600.0,Apartment,1,545.75,Semi-Furnished,1,2,17,,19.063966,72.831512,2023-10-04
667,Borivali West,52200.0,Apartment,1,544.16,Fully Furnished,1,1,27,0,19.234563,72.8408,2023-11-07
668,Goregaon East,150800.0,Apartment,3,1215.53,Fully Furnished,3,0,10,6,19.168915,72.871341,2023-09-19
669,Chembur,120800.0,Apartment,3,1187.26,Semi-Furnished,3,1,6,9,19.056879,72.900279,2023-10-08
670,Andheri West,146900.0,Apartment,3,1203.6,Semi-Furnished,3,0,37,2,19.130918,72.823996,2023-07-05
671,Andheri West,130500.0,Apartment,2,911.38,Fully Furnished,2,0,24,5,19.137687,72.834236,2023-04-28
672,Powai,183400.0,Apartment,4,1670.6,Semi-Furnished,3,1,22,7,19.11912,72.908653,2023-03-17
673,Worli,259300.0,Apartment,3,1425.56,Fully Furnished,3,2,7,6,19.009548,72.823938,2023-02-07
674,Goregaon East,147400.0,Apartment,4,1391.12,Semi-Furnished,3,1,22,4,19.169375,72.863599,2023-02-07
675,Juhu,284900.0,Apartment,4,1797.2,Semi-Furnished,3,1,38,18,19.110978,72.825371,2023-07-09
676,Borivali West,94500.0,Independent House,2,750.54,Fully Furnished,2,1,37,14,19.225256,72.840472,2023-05-27
677,Powai,173000.0,Apartment,4,1718.5,Semi-Furnished,3,0,40,2,19.117333,72.900473,2023-05-21
678,Powai,62200.0,Apartment,1,720.67,Unfurnished,1,0,14,4,19.126797,72.906797,2023-01-21
679,Worli,100900.0,Apartment,1,829.88,Unfurnished,1,1,34,20,19.015788,72.815245,2023-03-03
680,Lower Parel,80500.0,Apartment,1,732.27,Unfurnished,2,1,15,5,18.997912,72.828457,2023-08-21
681,Andheri West,113500.0,Apartment,3,1217.68,Unfurnished,3,1,36,6,19.133824,72.836563,2023-10-28
682,Worli,137400.0,Apartment,1,837.95,Fully Furnished,1,1,34,9,19.011071,72.810162,2023-11-09
683,Goregaon East,100900.0,Apartment,2,816.39,Fully Furnished,2,2,20,10,19.166557,72.867368,2023-07-20
684,Lower Parel,135200.0,Apartment,1,826.61,Fully Furnished,2,1,28,23,18.999239,72.832296,2023-06-27
685,Juhu,282100.0,Apartment,3,1478.23,Fully Furnished,3,0,27,,19.105328,72.825139,2023-07-30
686,Goregaon East,42300.0,Apartment,1,429.94,Semi-Furnished,1,1,15,4,19.166815,72.859084,2023-11-11
687,Malabar Hill,163100.0,Apartment,1,1013.04,Semi-Furnished,2,1,36,,18.956763,72.792911,2023-03-22
688,Worli,101300.0,Apartment,1,732.95,Semi-Furnished,1,0,2,7,19.012562,72.807085,2023-03-22
689,bandra west,117700.0,Apartment,1,814.63,Semi-Furnished,2,1,6,7,19.007303,72.821453,2023-08-01
690,Malabar Hill,244900.0,Apartment,2,1291.39,Fully Furnished,2,1,21,3,18.941994,72.804385,2023-04-14
691,Chembur,64600.0,Studio,1,579.29,Semi-Furnished,1,2,35,4,19.061229,72.904754,2023-07-21
692,Andheri West,,Apartment,2,901.72,Semi-Furnished,2,0,20,8,19.129685,72.834997,2023-10-15
693,Juhu,162400.0,Apartment,2,1108.65,Semi-Furnished,3,1,4,10,19.09823,72.83008,2023-03-19
694,Chembur,84000.0,Apartment,2,841.07,Semi-Furnished,2,1,16,13,19.060625,72.898014,2023-02-11
695,Andheri West,119400.0,Apartment,2,869.58,Fully Furnished,2,2,3,,19.14128,72.828642,2023-03-13
696,Goregaon East,50700.0,Apartment,1,653.42,Unfurnished,1,1,24,4,19.17364,72.863925,2023-11-11
697,Chembur,55500.0,Independent House,1,657.14,Semi-Furnished,2,0,34,13,19.043541,72.90904,2023-08-29
698,Lower Parel,247400.0,Apartment,3,1424.64,Fully Furnished,3,1,5,2,18.990792,72.834615,2023-04-09
699,Goregaon East,89300.0,Apartment,2,795.4,Fully Furnished,2,1,5,8,19.165873,72.859034,2023-05-15
700,Malabar Hill,224400.0,Apartment,2,1282.38,Semi-Furnished,2,1,40,5,18.941827,72.801067,2023-04-21
701,Powai,67300.0,Apartment,1,760.97,Unfurnished,1,1,28,13,19.118803,72.903546,2023-05-04
702,Goregaon East,137900.0,Apartment,3,1188.04,Fully Furnished,3,0,11,5,19.164402,72.872279,2023-08-15
703,Andheri West,122100.0,Apartment,2,812.7,Fully Furnished,2,1,28,24,19.133949,72.82128,2023-04-08
704,Bandra West,106800.0,Apartment,1,624.22,Fully Furnished,2,2,33,0,19.057566,72.839415,2023-09-03
705,Lower Parel,89700.0,Apartment,1,642.49,Semi-Furnished,1,1,30,8,19.001449,72.818964,2023-10-07
706,Bandra West,113300.0,Apartment,2,888.69,Unfurnished,2,1,8,13,19.05515,72.836552,2023-10-06
707,Chembur,106500.0,Apartment,3,1165.08,Unfurnished,3,2,24,6,19.04343,72.893359,2023-12-09
708,Malabar Hill,160400.0,Apartment,1,1038.0,Semi-Furnished,1,1,1,10,18.956722,72.786722,2023-10-18
709,Juhu,144200.0,Apartment,1,908.51,Fully Furnished,1,0,11,,19.103656,72.829918,2023-05-07
710,Worli,228100.0,Apartment,3,1385.55,Fully Furnished,3,1,27,20,19.012087,72.815392,2023-06-01
711,Andheri West,89000.0,Apartment,2,819.57,Semi-Furnished,2,1,3,12,19.134977,72.83062,2023-12-26
712,Lower Parel,87600.0,Apartment,1,707.75,Semi-Furnished,1,1,17,1,18.997922,72.827704,2023-12-04
713,Juhu,214100.0,Apartment,2,1149.4,Fully Furnished,2,1,1,12,19.101242,72.82346,2023-02-21
714,Powai,115800.0,Apartment,2,1090.83,Semi-Furnished,2,1,26,9,19.121171,72.902003,2023-09-05
715,Worli,217800.0,Apartment,3,1377.17,Semi-Furnished,4,1,2,18,19.025757,72.810569,2023-12-24
716,Chembur,101900.0,Villa,3,1149.59,Unfurnished,3,1,23,12,19.059859,72.895526,2023-04-13
717,Andheri West,69900.0,Apartment,1,524.47,Fully Furnished,1,1,1,3,19.140276,72.835957,2023-07-21
718,Goregaon East,125000.0,Apartment,3,1153.42,Fully Furnished,3,0,21,12,19.167998,72.875905,2023-09-08
719,Bandra West,99000.0,Apartment,1,605.58,Fully Furnished,2,1,26,9,19.058308,72.826292,2023-06-04
720,Powai,128100.0,Apartment,2,939.98,Fully Furnished,3,1,11,3,19.121321,72.898028,2023-06-27
721,Goregaon East,137300.0,Apartment,3,1087.64,Fully Furnished,3,1,26,6,19.166673,72.872548,2023-03-01
722,Juhu,141400.0,Apartment,2,1191.69,Unfurnished,2,0,28,12,19.116464,72.830451,2023-06-22
723,Lower Parel,123800.0,Apartment,1,745.49,Fully Furnished,1,0,32,16,18.993814,72.8317,2023-05-10
724,Bandra West,150800.0,Apartment,2,842.27,Fully Furnished,2,1,23,6,19.0603,72.822021,2023-02-13
725,Powai,71500.0,Studio,1,593.99,Semi-Furnished,1,1,34,4,19.119787,72.910476,2023-03-17
726,S. Mumbai - Worli,,Independent House,2,858.78,Semi-Furnished,2,0,17,29,19.137718,72.837598,2023-04-09
727,Chembur,95600.0,Apartment,2,901.1,,2,1,28,8,19.060395,72.903064,2023-07-24
728,Lower Parel,118300.0,Apartment,1,767.75,Fully Furnished,1,1,21,0,18.997528,72.832763,2023-02-02
729,Chembur,139900.0,Apartment,3,1165.86,Fully Furnished,4,0,22,11,19.046413,72.903455,2023-09-13
730,Goregaon East,41000.0,Studio,1,377.12,Semi-Furnished,1,1,14,14,19.16809,72.857091,2023-08-20
731,Chembur,82100.0,Apartment,2,855.44,Semi-Furnished,2,0,32,12,19.04414,72.893866,2023-03-05
732,Andheri West,99000.0,Apartment,2,900.16,Semi-Furnished,2,1,14,15,19.139585,72.831437,2023-02-24
733,Borivali West,81700.0,Apartment,2,808.75,Semi-Furnished,2,2,11,1,19.231924,72.847767,2023-08-26
734,Andheri West,99600.0,Apartment,2,895.55,Semi-Furnished,2,0,40,7,19.1328,72.822699,2023-01-12
735,Chembur,97400.0,Apartment,2,941.57,Semi-Furnished,2,1,33,8,19.051643,72.903756,2023-03-31
736,Worli,175300.0,Apartment,2,1161.74,Semi-Furnished,2,1,16,13,19.024342,72.824778,2023-06-19
737,Worli,160400.0,Apartment,2,1113.82,Semi-Furnished,3,2,25,20,19.019842,72.817283,2023-11-07
738,Bandra West,120500.0,Apartment,2,928.6,Unfurnished,2,0,26,14,19.051672,72.836441,2023-03-05
739,Chembur,135900.0,Apartment,3,1251.03,Fully Furnished,4,1,14,7,19.052032,72.894395,2023-12-30
740,Lower Parel,185300.0,Apartment,2,1029.06,Fully Furnished,2,0,9,1,18.992554,72.824024,2023-10-16
741,Powai,113200.0,Apartment,2,982.28,Fully Furnished,3,0,39,12,19.119265,72.898967,2023-04-19
742,Bandra West,60600.0,Studio,1,359.31,,1,0,23,25,19.05716,72.838022,2023-07-11
743,Powai,142500.0,Apartment,3,1239.9,Semi-Furnished,3,0,14,8,19.1206,72.90313,2023-03-03
744,Juhu,172700.0,Apartment,2,1247.21,Unfurnished,2,1,13,6,19.098844,72.827366,2023-09-17
745,Malabar Hill,274900.0,Apartment,3,1648.9,Semi-Furnished,3,0,12,9,18.959588,72.790315,2023-01-21
746,Lower Parel,-50000,Apartment,1,794.25,Unfurnished,1,0,15,15,19.002933,72.819222,2023-10-02
747,Andheri West,62900.0,Apartment,1,639.79,Semi-Furnished,1,1,37,22,19.141848,72.821596,2023-08-15
748,Chembur,154600.0,Apartment,3,1199.93,Fully Furnished,3,1,31,4,19.049023,72.903057,2023-05-08
749,Malabar Hill,221500.0,Independent House,2,1363.41,Semi-Furnished,2,2,31,3,18.941891,72.802241,2023-06-05
750,Borivali West,84200.0,Apartment,2,822.84,,2,1,21,13,19.23022,72.837192,2023-04-18
751,Powai,76000.0,Apartment,1,732.11,Semi-Furnished,1,1,31,15,19.126257,72.90544,2023-04-28
752,Lower Parel,168500.0,Apartment,2,1038.78,Fully Furnished,2,1,27,16,19.0048,72.833541,2023-03-13
753,Bandra West,165500.0,Apartment,3,1153.08,Unfurnished,3,1,25,,19.059659,72.836628,2023-11-13
754,Andheri West,59800.0,Independent House,1,533.76,Semi-Furnished,2,2,25,5,19.127486,72.818822,2023-07-12
755,Borivali West,55700.0,Apartment,1,562.59,Fully Furnished,1,1,27,1,19.227565,72.840657,2023-02-15
756,Malabar Hill,290000.0,Apartment,3,1519.57,Fully Furnished,3,0,21,27,18.944554,72.792244,2023-08-28
757,Worli,204400.0,Apartment,2,1098.59,Fully Furnished,2,1,26,6,19.014369,72.817914,2023-09-20
758,Bandra West,287900.0,Apartment,4,1487.87,Fully Furnished,3,0,5,7,19.066526,72.821255,2023-09-20
759,Juhu,182700.0,Apartment,2,1200.07,Semi-Furnished,2,1,10,5,19.108054,72.830152,2023-08-21
760,Goregaon East,130100.0,Apartment,3,1131.64,Fully Furnished,3,1,10,9,19.167672,72.860507,2023-08-23
761,Chembur,165700.0,Apartment,4,1494.8,Fully Furnished,3,1,7,25,19.053002,72.908593,2023-03-07
762,Borivali West,138900.0,Apartment,3,1089.49,Fully Furnished,4,0,14,18,19.235483,72.841602,2023-03-05
763,Juhu,234600.0,Apartment,3,1507.22,Semi-Furnished,3,1,38,7,19.099934,72.831432,2023-09-22
764,Andheri West,129300.0,Studio,1,855.36,Semi-Furnished,1,0,33,13,19.126445,72.833768,2023-01-09
765,Andheri W,164800.0,Apartment,4,1381.41,Fully Furnished,4,1,15,7,19.154917,72.875785,2023-08-30
766,Borivali West,48100.0,Apartment,1,512.68,Semi-Furnished,1,1,3,0,19.226234,72.842398,2023-05-31
767,Powai,81500.0,Apartment,2,907.23,Unfurnished,2,1,8,1,19.12578,72.901304,2023-07-11
768,Borivali West,50600.0,Apartment,1,633.05,Semi-Furnished,1,1,35,15,19.225773,72.838554,2023-01-08
769,Goregaon East,109100.0,Studio,1,988.01,Unfurnished,1,0,39,6,19.157164,72.869627,2023-05-12
770,Borivali West,125300.0,Apartment,4,1436.9,Unfurnished,3,0,33,8,19.224446,72.8464,2023-07-26
771,Worli,91100.0,Apartment,1,750.45,Unfurnished,1,1,37,8,19.021628,72.823615,2023-10-24
772,Goregaon East,90300.0,Apartment,2,883.66,Semi-Furnished,3,0,26,6,19.167174,72.87284,2023-04-07
773,Chembur,84300.0,Apartment,2,894.21,Semi-Furnished,2,1,33,2,19.05764,72.898626,2023-09-07
774,Andheri West,100500.0,Apartment,2,777.32,Fully Furnished,2,2,9,23,19.132214,72.835166,2023-12-31
775,Lower Parel,95500.0,Studio,1,660.31,Unfurnished,1,1,33,8,18.999968,72.825279,2023-04-12
776,Chembur,108300.0,Apartment,3,1147.38,,3,1,34,1,19.059379,72.894025,2023-11-21
777,Powai,121000.0,Apartment,2,986.54,Fully Furnished,3,1,25,12,19.107607,72.901027,2023-06-03
778,Malabar Hill,263800.0,Apartment,2,1290.82,Fully Furnished,2,0,31,9,18.951828,72.789971,2023-07-20
779,Borivali West,56600.0,Apartment,1,497.76,Fully Furnished,1,2,10,13,19.231535,72.844512,2023-01-06
780,Malabar Hill,198500.0,Apartment,1,952.61,Fully Furnished,1,1,30,30,18.957505,72.80399,2023-06-24
781,Bandra West,156600.0,Apartment,2,918.22,Semi-Furnished,3,1,32,,19.068795,72.836802,2023-11-05
782,Worli,145800.0,Studio,1,854.05,Semi-Furnished,1,1,18,5,19.02024,72.811625,2023-08-03
783,Borivali West,48200.0,Apartment,1,536.88,Semi-Furnished,1,1,7,13,19.229179,72.852605,2023-11-07
784,Goregaon East,66200.0,Apartment,1,605.54,Fully Furnished,1,2,16,15,19.168966,72.857297,2023-07-21
785,Juhu,206500.0,Independent House,3,1447.8,Unfurnished,3,1,2,,19.103346,72.824543,2023-02-20
786,Bandra West,234000.0,Apartment,3,1199.37,Fully Furnished,4,0,29,11,19.053788,72.834916,2023-03-24
787,Malabar Hill,282200.0,Apartment,2,1300.81,Fully Furnished,2,0,23,27,18.956574,72.787026,2023-06-12
788,Andheri West,101000.0,Apartment,2,773.8,Fully Furnished,2,1,23,13,19.132755,72.81993,2023-03-28
789,Chembur,91800.0,Apartment,2,863.46,Semi-Furnished,2,1,5,7,19.050293,72.894767,2023-12-06
790,Borivali West,64400.0,Apartment,2,859.83,Unfurnished,3,1,19,15,19.223718,72.8372,2023-01-21
791,Lower Parel,87900.0,Apartment,1,720.76,Unfurnished,1,1,10,,19.002059,72.826491,2023-09-05
792,Malabar Hill,449800.0,Apartment,5,2235.51,Fully Furnished,4,2,25,10,18.948626,72.79229,2023-05-15
793,Worli,149300.0,Apartment,2,1169.28,Unfurnished,3,0,35,17,19.021067,72.817307,2023-09-17
794,Andheri West,136900.0,Apartment,3,1140.63,Semi-Furnished,3,2,30,2,19.138121,72.818993,2023-09-12
795,Powai,72100.0,Apartment,1,662.87,Semi-Furnished,1,0,23,0,19.121872,72.905816,2023-01-15
796,Powai,213100.0,Apartment,5,1816.3,Semi-Furnished,4,1,33,8,19.124855,72.915418,2023-06-11
797,Bandra West,129000.0,Studio,1,751.39,Semi-Furnished,1,1,13,15,19.05019,72.838077,2023-04-03
798,Andheri West,86600.0,Apartment,2,760.66,Semi-Furnished,3,1,31,1,19.134907,72.82274,2023-12-29
799,Andheri West,46700.0,Studio,1,335.93,Semi-Furnished,1,1,34,6,19.139954,72.81961,2023-01-31
800,Bandra West,278100.0,Apartment,4,1556.39,Fully Furnished,4,1,5,9,19.069115,72.821439,2023-04-22
801,Powai,100000.0,Apartment,2,1040.9,Unfurnished,2,0,29,16,19.123744,72.902233,2023-03-03
802,Lower Parel,122300.0,Apartment,1,713.15,Fully Furnished,1,0,40,13,19.00418,72.831574,2023-08-18
803,Andheri West,107600.0,Apartment,2,854.7,Fully Furnished,2,1,31,17,19.132711,72.828247,2023-12-02
804,Chembur,132200.0,Apartment,3,1202.48,Fully Furnished,3,1,19,12,19.052025,72.89593,2023-01-13
805,S. Mumbai - Worli,199700.0,Apartment,2,1276.87,Semi-Furnished,2,1,3,20,19.108356,72.829119,2023-10-20
806,Bandra West,114600.0,Apartment,2,859.65,Unfurnished,2,1,28,24,19.063584,72.837713,2023-12-15
807,Andheri West,106700.0,Apartment,2,866.3,Semi-Furnished,2,1,40,6,19.144786,72.817795,2023-03-01
808,Worli,192000.0,Apartment,2,1089.78,Fully Furnished,2,2,26,8,19.024539,72.815057,2023-05-13
809,Chembur,129000.0,Independent House,3,1191.68,Semi-Furnished,4,1,1,3,19.047269,72.889709,2023-09-07
810,Goregaon East,67700.0,Apartment,1,575.11,Fully Furnished,1,0,32,8,19.173706,72.8708,2023-05-12
811,Goregaon East,,Apartment,1,598.66,Semi-Furnished,1,1,13,14,19.163979,72.858687,2023-01-19
812,Worli,153100.0,Apartment,1,859.52,Fully Furnished,1,1,10,,19.022271,72.821098,2023-04-07
813,Bandra West,118100.0,Villa,2,891.18,Unfurnished,2,0,4,18,19.053279,72.823387,2023-04-26
814,Juhu,162300.0,Apartment,1,935.46,Fully Furnished,1,1,21,0,19.109872,72.819698,2023-01-09
815,Borivali West,99000.0,Apartment,2,878.31,Fully Furnished,2,1,37,9,19.219196,72.85058,2023-02-07
816,Juhu,302100.0,Apartment,4,1790.51,,3,1,40,11,19.106584,72.833889,2023-03-20
817,Worli,65900.0,Studio,1,493.04,Unfurnished,2,1,2,3,19.023934,72.82635,2023-10-05
818,Powai,144200.0,Apartment,3,1367.4,Semi-Furnished,3,1,25,11,19.111718,72.900339,2023-09-29
819,Worli,187600.0,Apartment,2,1097.88,Fully Furnished,2,1,27,10,19.019945,72.812606,2023-10-05
820,Chembur,78500.0,Apartment,2,853.0,Semi-Furnished,3,1,29,,19.053467,72.892617,2023-12-15
821,Goregaon East,100500.0,Apartment,2,869.47,Fully Furnished,2,1,32,15,19.172118,72.870024,2023-11-18
822,Andheri West,53600.0,Apartment,1,649.88,Unfurnished,1,2,13,8,19.144485,72.829369,2023-11-16
823,Juhu,166400.0,Apartment,2,1189.64,Semi-Furnished,3,0,27,14,19.110074,72.830297,2023-10-10
824,Lower Parel,187900.0,Apartment,2,1072.25,Fully Furnished,2,1,9,13,18.999062,72.834559,2023-10-28
825,Juhu,108300.0,Studio,1,763.55,Unfurnished,1,1,6,2,19.115835,72.818519,2023-07-21
826,bandra west,292200.0,Independent House,4,1681.89,Fully Furnished,3,1,2,22,19.01074,72.812205,2023-05-10
827,Malabar Hill,332900.0,Apartment,4,1842.79,Semi-Furnished,3,0,28,6,18.953188,72.791658,2023-08-23
828,Bandra West,111000.0,Apartment,1,592.55,Fully Furnished,1,2,25,6,19.056936,72.829752,2023-06-21
829,Goregaon East,83700.0,Apartment,2,918.57,Semi-Furnished,2,0,29,7,19.172516,72.85696,2023-09-18
830,Powai,192700.0,Apartment,3,1394.35,Fully Furnished,4,1,5,27,19.109008,72.907655,2023-11-13
831,Juhu,,Apartment,2,1162.12,Fully Furnished,2,2,6,27,19.102162,72.8173,2023-12-18
832,Andheri West,97700.0,Apartment,2,867.08,Semi-Furnished,2,1,31,29,19.126426,72.821217,2023-09-17
833,Worli,131000.0,Apartment,1,777.32,Fully Furnished,1,0,21,8,19.015146,72.819412,2023-11-04
834,Worli,169800.0,Apartment,2,1097.16,Semi-Furnished,3,0,11,6,19.019297,72.822954,2023-01-31
835,Andheri West,67600.0,Studio,1,496.92,Semi-Furnished,1,1,24,26,19.135316,72.832544,2023-06-13
836,Juhu,184100.0,Apartment,2,1122.62,Semi-Furnished,2,0,23,13,19.106772,72.834282,2023-07-26
837,Juhu,114000.0,Independent House,1,870.66,Unfurnished,1,1,10,11,19.100521,72.835221,2023-03-30
838,Worli,144200.0,Apartment,1,840.29,Fully Furnished,1,1,36,9,19.015602,72.823632,2023-08-10
839,Juhu,353800.0,Apartment,4,1915.22,Fully Furnished,3,0,16,4,19.11013,72.823072,2023-06-07
840,Lower Parel,180000.0,Apartment,2,1096.9,Fully Furnished,2,1,9,2,18.990222,72.837092,2023-08-02
841,Worli,241700.0,Independent House,4,1684.91,Semi-Furnished,3,1,22,5,19.018345,72.824828,2023-11-20
842,Chembur,74300.0,Apartment,2,900.18,Unfurnished,2,1,25,1,19.060209,72.908443,2023-11-05
843,Lower Parel,99900.0,Apartment,1,773.99,Semi-Furnished,1,1,31,,18.994951,72.821122,2023-11-14
844,Lower Parel,295500.0,Apartment,4,1626.39,Fully Furnished,4,0,39,7,18.99577,72.828283,2023-04-10
845,Worli,274800.0,Apartment,3,1427.4,Fully Furnished,3,0,27,11,19.019418,72.817705,2023-08-17
846,Chembur,119500.0,Apartment,2,970.19,Fully Furnished,2,0,38,1,19.051742,72.892335,2023-10-10
847,Goregaon East,103000.0,Apartment,2,820.8,Fully Furnished,3,0,19,15,19.169056,72.870773,2023-01-29
848,Juhu,108000.0,Apartment,1,967.24,Unfurnished,1,1,23,7,19.108402,72.826794,2023-07-25
849,Goregaon East,,Apartment,2,896.39,Fully Furnished,2,1,15,6,19.171458,72.86101,2023-11-26
850,Bandra West,102800.0,Villa,1,635.35,Fully Furnished,1,1,26,0,19.063542,72.830501,2024-01-01
851,Bandra West,99700.0,Apartment,1,616.55,Fully Furnished,1,1,33,1,19.064485,72.825128,2023-11-18
852,Malabar Hill,,Apartment,2,1334.94,Fully Furnished,2,1,26,0,18.953437,72.8004,2023-11-30
853,S. Mumbai - Worli,94200.0,Apartment,1,842.43,Unfurnished,1,1,20,9,19.007987,72.819122,2023-08-26
854,Chembur,158500.0,Apartment,3,1206.04,Fully Furnished,4,1,14,12,19.057277,72.907916,2023-11-05
855,Juhu,218300.0,Apartment,2,1278.91,Fully Furnished,2,1,2,4,19.103569,72.823928,2023-01-01
856,Chembur,134900.0,Apartment,4,1427.07,Unfurnished,3,1,18,6,19.045037,72.898639,2023-06-04
857,Worli,99900.0,Apartment,1,845.4,Unfurnished,2,0,8,23,19.012363,72.807051,2023-10-13
858,Chembur,81100.0,Apartment,2,922.58,Semi-Furnished,2,1,30,8,19.061389,72.907028,2023-02-02
859,Lower Parel,173800.0,Apartment,3,1340.32,Unfurnished,3,1,1,6,19.004343,72.827971,2023-10-14
860,Worli,227300.0,Apartment,3,1391.23,Fully Furnished,4,1,24,11,19.013836,72.810079,2023-11-24
861,Goregaon East,88200.0,Apartment,2,850.99,Semi-Furnished,3,1,27,12,19.173094,72.869409,2023-06-20
862,Juhu,216100.0,Apartment,3,1513.99,Semi-Furnished,4,1,39,26,19.10029,72.832625,2023-10-21
863,Worli,193200.0,Apartment,3,1430.29,Unfurnished,3,1,37,10,19.02058,72.822354,2023-04-27
864,Juhu,145400.0,Apartment,1,911.48,Fully Furnished,1,1,37,12,19.110378,72.819414,2023-11-24
865,Worli,209700.0,Apartment,3,1423.32,Semi-Furnished,4,1,20,20,19.025931,72.81042,2023-02-19
866,Bandra West,109900.0,Apartment,1,640.38,Fully Furnished,1,2,28,12,19.057098,72.825576,2023-07-18
867,Chembur,88300.0,Apartment,2,854.41,Semi-Furnished,2,1,2,13,19.050654,72.901242,2023-02-20
868,Borivali West,127800.0,Apartment,4,1443.48,Unfurnished,3,0,17,4,19.237246,72.843194,2023-11-20
869,Borivali West,48900.0,Apartment,1,508.77,Semi-Furnished,2,0,27,0,19.237511,72.842989,2023-01-15
870,Malabar Hill,147500.0,Apartment,1,926.25,Semi-Furnished,1,0,8,5,18.940796,72.797022,2023-03-25
871,Goregaon East,51900.0,Apartment,1,600.4,Semi-Furnished,1,1,12,3,19.166271,72.866367,2023-12-16
872,Juhu,274100.0,Apartment,3,1512.18,Fully Furnished,4,1,2,13,19.108004,72.830176,2023-12-29
873,Malabar Hill,171200.0,Apartment,1,988.96,Semi-Furnished,1,0,23,24,18.94242,72.78824,2023-03-12
874,Chembur,48600.0,Apartment,1,551.61,Semi-Furnished,1,2,12,12,19.048207,72.904433,2023-03-17
875,Goregaon East,49100.0,Apartment,1,578.11,Semi-Furnished,1,0,9,9,19.164095,72.866075,2023-12-06
876,Andheri West,62100.0,Apartment,1,512.01,Fully Furnished,1,1,10,24,19.131241,72.832768,2023-03-26
877,Borivali West,174400.0,Apartment,4,1374.44,Fully Furnished,3,1,13,11,19.233772,72.836647,2023-04-26
878,Chembur,136000.0,Apartment,4,1451.67,Semi-Furnished,3,1,32,0,19.056289,72.905041,2023-02-13
879,Bandra West,117200.0,Apartment,2,833.38,Unfurnished,2,1,21,13,19.061391,72.830704,2023-12-19
880,Chembur,96900.0,Apartment,2,922.58,,3,1,40,7,19.054089,72.894057,2023-05-28
881,Borivali West,121700.0,Apartment,4,1369.05,Unfurnished,3,1,17,12,19.234845,72.847867,2023-03-13
882,Worli,152900.0,Apartment,2,1031.23,Semi-Furnished,2,0,19,9,19.010562,72.81955,2023-06-22
883,Juhu,195400.0,Independent House,2,1185.92,Semi-Furnished,2,0,5,22,19.098831,72.83254,2023-01-02
884,Lower Parel,,Apartment,4,1712.67,Fully Furnished,3,0,4,3,18.987689,72.821822,2023-06-10
885,Borivali West,133000.0,Apartment,3,1105.22,Fully Furnished,3,0,7,5,19.218997,72.840852,2023-01-31
886,Chembur,115900.0,Apartment,3,1204.64,Semi-Furnished,3,2,23,8,19.045637,72.908828,2023-04-23
887,Goregaon East,50500.0,Apartment,1,597.2,Semi-Furnished,2,0,32,19,19.166792,72.874338,2023-08-24
888,Worli,84000.0,Apartment,1,719.37,Unfurnished,2,1,15,7,19.023912,72.821614,2023-07-16
889,Bandra West,151100.0,Apartment,2,959.46,Semi-Furnished,2,1,32,22,19.05249,72.821047,2023-07-10
890,Goregaon East,62000.0,Apartment,1,563.47,Fully Furnished,1,1,25,13,19.168552,72.865545,2023-11-27
891,Bandra West,146100.0,Apartment,2,846.53,Semi-Furnished,3,0,17,9,19.052762,72.823883,2023-09-03
892,Chembur,76400.0,Apartment,2,918.67,Unfurnished,2,1,6,8,19.043785,72.90814,2023-05-09
893,Juhu,145800.0,Apartment,1,809.06,Fully Furnished,1,0,5,,19.103265,72.825705,2023-04-01
894,Goregaon East,121900.0,Apartment,3,1180.14,Semi-Furnished,3,0,12,,19.157654,72.875143,2023-04-02
895,Worli,190300.0,Apartment,3,1435.35,Unfurnished,3,1,26,8,19.024134,72.823286,2023-05-04
896,Chembur,114600.0,Apartment,3,1140.37,Semi-Furnished,3,1,3,0,19.055751,72.8974,2023-09-08
897,Malabar Hill,266600.0,Apartment,3,1576.25,Semi-Furnished,3,1,26,14,18.942525,72.785728,2023-09-13
898,Andheri West,94100.0,Apartment,2,828.8,Semi-Furnished,2,1,21,3,19.141307,72.826699,2023-11-23
899,Chembur,141000.0,Apartment,3,1177.49,Fully Furnished,3,0,29,13,19.051466,72.897816,2023-04-15
900,Bandra West,,Apartment,1,537.44,Fully Furnished,1,2,28,15,19.05041,72.839127,2023-09-02
901,Juhu,155600.0,Apartment,1,872.5,Fully Furnished,1,1,36,6,19.097983,72.824368,2023-07-10
902,Chembur,87500.0,Apartment,2,889.39,Semi-Furnished,2,1,32,14,19.052319,72.909473,2023-10-17
903,Powai,164200.0,Apartment,4,1562.85,Semi-Furnished,3,0,13,0,19.113658,72.915071,2023-01-23
904,Worli,153400.0,Apartment,2,1127.71,Semi-Furnished,2,2,14,18,19.02264,72.810982,2023-09-05
905,Powai,166800.0,Apartment,4,1652.08,Unfurnished,3,2,31,15,19.12023,72.902531,2023-06-19
906,Powai,88200.0,Apartment,2,974.66,Unfurnished,2,0,2,13,19.127055,72.915826,2023-09-13
907,Bandra West,298600.0,Apartment,4,1550.6,Fully Furnished,3,1,16,3,19.057853,72.827497,2023-07-05
908,Chembur,76800.0,Apartment,2,958.59,Unfurnished,2,1,4,12,19.048876,72.896908,2023-01-16
909,Lower Parel,90300.0,Villa,1,724.65,Semi-Furnished,1,1,19,1,18.997169,72.835264,2023-06-17
910,Andheri West,58400.0,Apartment,1,583.71,Semi-Furnished,1,2,10,0,19.139875,72.836062,2023-07-07
911,Borivali West,101500.0,Apartment,2,856.05,Fully Furnished,3,0,3,29,19.235284,72.843907,2023-07-20
912,Lower Parel,158900.0,Apartment,2,1001.39,Fully Furnished,2,1,17,14,18.985941,72.835243,2023-05-26
913,Powai,116000.0,Apartment,2,979.52,Fully Furnished,2,1,16,2,19.108336,72.897175,2023-03-21
914,Andheri West,78400.0,Apartment,1,552.09,Fully Furnished,1,1,16,13,19.145152,72.828742,2023-12-09
915,Chembur,107900.0,Apartment,2,932.85,,2,1,4,0,19.061531,72.905174,2023-12-04
916,Borivali West,75700.0,Apartment,2,799.05,Semi-Furnished,3,1,12,8,19.221763,72.851784,2023-06-21
917,Worli,-50000,Apartment,2,1089.68,Fully Furnished,2,0,24,11,19.016556,72.823086,2023-02-23
918,Malabar Hill,151800.0,Apartment,1,958.57,Semi-Furnished,1,1,34,15,18.949099,72.799382,2023-01-21
919,Malabar Hill,206000.0,Apartment,1,996.14,Fully Furnished,1,2,5,12,18.944619,72.791304,2023-10-20
920,Andheri W,48000.0,Apartment,1,663.3,Unfurnished,1,1,26,2,19.04698,72.889545,2023-08-19
921,Bandra West,225600.0,Apartment,4,1495.09,Semi-Furnished,3,1,20,23,19.060647,72.835093,2023-12-05
922,Worli,232600.0,Apartment,4,1689.56,Semi-Furnished,3,1,22,5,19.01028,72.812446,2023-05-13
923,Lower Parel,193100.0,Apartment,2,1056.32,Fully Furnished,3,1,35,5,19.002361,72.818267,2023-03-04
924,Worli,136700.0,Apartment,1,801.92,Fully Furnished,1,1,33,4,19.02261,72.813725,2023-05-23
925,Andheri West,100000.0,Independent House,2,875.61,Semi-Furnished,3,1,6,,19.136996,72.827274,2023-12-20
926,Borivali West,39400.0,Apartment,1,507.45,Unfurnished,1,1,11,15,19.220138,72.85396,2023-12-24
927,Worli,199500.0,Apartment,3,1403.56,Semi-Furnished,3,1,3,0,19.025578,72.819574,2023-12-07
928,Goregaon East,143900.0,Apartment,3,1087.68,Fully Furnished,3,1,8,8,19.156995,72.872717,2023-06-24
929,Borivali West,46400.0,Apartment,1,450.23,Fully Furnished,2,1,9,10,19.235795,72.853726,2023-06-24
930,Malabar Hill,236700.0,Apartment,2,1295.79,Fully Furnished,2,0,6,14,18.941903,72.790284,2023-02-28
931,Borivali West,90900.0,Apartment,2,709.34,Fully Furnished,2,1,36,7,19.229721,72.852226,2023-12-20
932,Lower Parel,92800.0,Apartment,1,811.08,Unfurnished,1,1,4,17,19.003128,72.81905,2023-02-24
933,Borivali West,69800.0,Independent House,2,857.32,Unfurnished,2,1,12,27,19.228206,72.848675,2023-01-09
934,Powai,54900.0,Apartment,1,709.69,Unfurnished,1,1,18,9,19.119865,72.903769,2023-04-19
935,Malabar Hill,174700.0,Apartment,1,1098.48,Semi-Furnished,1,1,8,12,18.948111,72.788823,2023-02-28
936,Lower Parel,123600.0,Apartment,2,1070.67,Unfurnished,2,1,15,1,18.990831,72.820452,2023-04-22
937,Bandra West,171800.0,Apartment,2,919.63,Fully Furnished,2,0,8,11,19.058468,72.823531,2023-05-21
938,Powai,69200.0,Apartment,1,749.37,Semi-Furnished,1,2,28,10,19.122566,72.906486,2023-01-31
939,Worli,164100.0,Apartment,2,1115.94,Semi-Furnished,2,1,34,15,19.010918,72.823877,2023-08-19
940,Juhu,300200.0,Apartment,4,1719.66,Fully Furnished,3,1,25,14,19.111925,72.826741,2023-05-18
941,Andheri West,80300.0,Apartment,1,563.98,Fully Furnished,1,1,16,2,19.143417,72.829188,2023-10-12
942,Malabar Hill,265000.0,Apartment,4,1947.79,Unfurnished,3,1,36,3,18.954652,72.799418,2023-02-25
943,Goregaon East,51700.0,Apartment,1,521.75,Semi-Furnished,2,1,23,12,19.155516,72.863223,2023-06-16
944,Juhu,221100.0,Apartment,3,1443.92,Semi-Furnished,3,0,9,1,19.117419,72.817752,2023-10-01
945,Malabar Hill,254100.0,Apartment,2,1292.49,Fully Furnished,2,2,27,10,18.94187,72.803471,2023-04-18
946,Chembur,58200.0,Apartment,1,608.4,Semi-Furnished,1,0,18,8,19.058541,72.893827,2023-09-08
947,Goregaon East,110900.0,Apartment,3,1042.75,Semi-Furnished,3,1,23,3,19.166034,72.869846,2023-11-18
948,Worli,118600.0,Apartment,1,792.44,Fully Furnished,1,0,30,13,19.014233,72.821732,2023-04-15
949,Lower Parel,223200.0,Apartment,3,1325.36,Fully Furnished,3,0,3,26,19.000588,72.822436,2023-02-13
950,Powai,96900.0,Apartment,2,979.93,Semi-Furnished,2,1,34,21,19.118257,72.907346,2023-11-01
951,Juhu,219700.0,Apartment,2,1213.76,Fully Furnished,2,1,2,12,19.114994,72.818607,2023-02-16
952,Powai,211500.0,Independent House,4,1573.64,Fully Furnished,3,2,38,8,19.123579,72.90081,2023-04-29
953,Bandra West,135700.0,Apartment,2,937.36,Semi-Furnished,2,1,17,2,19.05941,72.836258,2023-08-07
954,Powai,130400.0,Apartment,3,1243.02,Semi-Furnished,3,1,35,0,19.108199,72.91131,2023-06-22
955,Bandra West,253500.0,Apartment,3,1228.0,Fully Furnished,3,1,38,0,19.05838,72.837386,2023-02-20
956,Borivali West,54000.0,Apartment,1,547.07,Fully Furnished,1,1,8,4,19.235055,72.846107,2023-10-07
957,Chembur,98100.0,Apartment,2,821.79,Fully Furnished,3,0,40,11,19.042725,72.901484,2023-08-28
958,Bandra West,162300.0,Apartment,2,882.27,Fully Furnished,2,0,10,3,19.059834,72.839313,2023-05-18
959,Borivali West,95700.0,Apartment,2,830.81,Fully Furnished,2,1,31,0,19.229965,72.846462,2023-11-11
960,Bandra West,179900.0,Apartment,3,1233.85,Semi-Furnished,3,0,4,20,19.067905,72.83427,2023-10-12
961,Lower Parel,130100.0,Apartment,2,1101.19,Unfurnished,2,2,34,12,18.993294,72.823045,2023-02-02
962,Andheri West,61700.0,Apartment,1,520.38,Semi-Furnished,1,1,20,3,19.133665,72.832205,2023-03-08
963,Malabar Hill,220800.0,Apartment,2,1403.15,Semi-Furnished,2,1,25,11,18.943732,72.800773,2023-01-22
964,Borivali West,61200.0,Villa,2,788.13,,2,0,25,2,19.237999,72.844707,2023-10-22
965,Bandra West,193800.0,Apartment,3,1173.19,Semi-Furnished,3,2,22,8,19.063365,72.820251,2023-12-11
966,Bandra West,230200.0,Apartment,5,1822.08,Unfurnished,5,0,34,21,19.065734,72.835619,2023-04-24
967,Andheri West,52100.0,Apartment,1,500.13,,1,1,13,15,19.128994,72.830581,2023-04-21
968,Worli,141800.0,Apartment,1,865.48,Fully Furnished,1,1,32,12,19.022478,72.821006,2023-07-28
969,Malabar Hill,238300.0,Apartment,3,1659.99,Unfurnished,3,0,27,18,18.944888,72.792546,2023-01-07
970,Juhu,189400.0,Apartment,2,1192.32,Semi-Furnished,3,2,1,9,19.115218,72.817825,2023-03-10
971,Chembur,57900.0,Apartment,1,499.03,Fully Furnished,1,0,26,21,19.046094,72.905799,2023-07-28
972,Powai,180800.0,Apartment,4,1550.04,Semi-Furnished,3,1,6,6,19.117994,72.904145,2023-03-08
973,Bandra West,188300.0,Apartment,3,1208.41,Semi-Furnished,3,1,3,7,19.068377,72.838377,2023-01-10
974,Bandra West,164700.0,Apartment,2,831.01,Fully Furnished,3,0,10,13,19.068656,72.834852,2023-02-21
975,Lower Parel,240300.0,Apartment,3,1379.54,Fully Furnished,3,1,32,26,19.001928,72.824008,2023-09-26
976,Bandra West,63300.0,Apartment,1,527.33,Unfurnished,1,1,16,27,19.053839,72.832403,2023-01-24
977,Chembur,110600.0,Apartment,3,1139.72,Semi-Furnished,3,0,24,4,19.045836,72.889815,2023-10-21
978,Juhu,319900.0,Apartment,5,2126.28,Semi-Furnished,4,1,40,12,19.110335,72.83149,2023-10-10
979,Juhu,142000.0,Apartment,1,934.88,Semi-Furnished,1,1,10,2,19.10889,72.832146,2023-06-08
980,Worli,197300.0,Apartment,4,1718.71,Unfurnished,3,1,28,24,19.020894,72.8264,2023-11-15
981,Juhu,107600.0,Apartment,1,854.48,Unfurnished,1,0,14,2,19.110903,72.828348,2023-06-16
982,Borivali West,68700.0,Apartment,2,777.06,Semi-Furnished,2,1,19,22,19.236845,72.845425,2023-03-14
983,Goregaon East,82200.0,Apartment,2,881.89,Semi-Furnished,2,1,28,10,19.161494,72.869107,2023-07-13
984,Worli,108400.0,Apartment,1,746.01,Semi-Furnished,1,0,34,21,19.023766,72.822144,2023-05-09
985,Goregaon East,75300.0,Apartment,2,874.2,Semi-Furnished,2,0,2,1,19.163285,72.864313,2023-09-21
986,Goregaon East,53000.0,Apartment,1,610.43,,1,1,40,16,19.166841,72.862085,2023-01-29
987,Lower Parel,134600.0,Apartment,2,1041.19,Semi-Furnished,2,1,13,13,18.98971,72.823796,2023-07-08
988,Bandra West,198600.0,Apartment,3,1147.94,Fully Furnished,4,1,26,3,19.064517,72.829342,2023-02-17
989,Juhu,219500.0,Apartment,4,1819.88,Unfurnished,3,1,2,14,19.101469,72.825377,2023-04-10
990,S. Mumbai - Worli,185400.0,Apartment,4,1443.99,Fully Furnished,3,2,7,3,19.139861,72.819272,2023-03-26
991,Powai,65700.0,Apartment,1,700.22,Semi-Furnished,1,0,32,15,19.109087,72.909358,2023-08-18
992,Lower Parel,138600.0,Apartment,2,1042.31,Semi-Furnished,2,1,19,4,18.99003,72.822298,2023-01-28
993,Lower Parel,145800.0,Independent House,3,1283.72,Unfurnished,3,1,33,1,19.002864,72.836085,2023-02-17
994,Chembur,71800.0,Apartment,2,836.13,Unfurnished,2,1,22,13,19.057358,72.906832,2023-04-30
995,Worli,275100.0,Apartment,3,1439.69,Fully Furnished,3,1,2,9,19.016757,72.820656,2023-01-12
996,Malabar Hill,173000.0,Studio,1,943.54,Semi-Furnished,1,1,32,12,18.947302,72.785045,2023-01-08
997,Malabar Hill,197400.0,Apartment,1,1021.77,Fully Furnished,1,0,26,11,18.958741,72.798735,2023-08-18
998,Goregaon East,86000.0,Apartment,2,810.95,Fully Furnished,3,0,37,13,19.165285,72.870137,2023-10-30
999,Worli,177100.0,Apartment,2,1087.98,Fully Furnished,2,1,3,6,19.015563,72.820984,2023-10-05
1000,Lower Parel,187500.0,Apartment,2,1103.72,Fully Furnished,2,1,5,7,18.994458,72.834405,2023-09-17
1001,Bandra West,113400.0,Apartment,2,860.2,Unfurnished,2,1,13,16,19.065205,72.83877,2023-07-14
1002,Andheri West,121500.0,Apartment,3,1106.05,Semi-Furnished,3,1,37,14,19.132702,72.829236,2023-03-08
1003,Juhu,289400.0,Apartment,5,2020.61,Semi-Furnished,4,0,16,2,19.112611,72.824103,2023-07-04
1004,Chembur,111000.0,Apartment,2,960.8,Fully Furnished,3,0,22,2,19.054072,72.893422,2023-08-24
1005,Borivali West,93000.0,Apartment,3,1119.5,Unfurnished,3,1,18,29,19.237491,72.840904,2023-10-21
1006,Powai,68400.0,Apartment,1,737.61,Semi-Furnished,1,2,12,18,19.112033,72.909892,2023-10-29
1007,Borivali West,63000.0,Apartment,2,775.97,Unfurnished,2,1,26,16,19.237925,72.853092,2023-05-15
1008,Malabar Hill,278700.0,Apartment,2,1301.87,Fully Furnished,2,0,20,17,18.94149,72.801648,2023-10-23
1009,Juhu,213100.0,Apartment,2,1229.82,Fully Furnished,2,1,6,9,19.09965,72.832852,2023-08-21
1010,Worli,97100.0,Apartment,1,773.5,Unfurnished,1,1,34,9,19.007221,72.819015,2023-01-24
1011,Powai,100600.0,Villa,2,1036.35,Semi-Furnished,2,1,30,24,19.118074,72.90723,2023-10-30
1012,Chembur,130500.0,Apartment,3,1100.27,Fully Furnished,4,1,23,3,19.050522,72.908611,2023-08-08
1013,Chembur,97600.0,Apartment,2,867.57,Fully Furnished,2,1,22,27,19.048991,72.901266,2023-11-20
1014,Borivali West,137900.0,Apartment,3,1082.4,Fully Furnished,3,2,8,0,19.23645,72.834957,2023-01-04
1015,Lower Parel,114700.0,Apartment,2,998.43,Unfurnished,2,1,8,2,18.985976,72.822282,2023-09-04
1016,Goregaon East,79300.0,Apartment,2,924.53,Unfurnished,2,1,38,13,19.163061,72.874477,2023-04-24
1017,Juhu,242400.0,Apartment,3,1432.97,Fully Furnished,4,2,11,19,19.113608,72.819757,2023-04-22
1018,Malabar Hill,328500.0,Apartment,3,1670.71,,3,1,1,5,18.95771,72.795392,2023-01-05
1019,Goregaon East,61700.0,Apartment,1,530.62,Fully Furnished,1,1,34,7,19.164202,72.862917,2023-06-29
1020,Borivali West,80600.0,Apartment,2,853.58,Semi-Furnished,2,0,6,22,19.22665,72.845087,2023-02-22
1021,Powai,152700.0,Apartment,3,1291.31,,3,1,14,18,19.111236,72.899104,2023-06-16
1022,Chembur,163700.0,Apartment,4,1425.31,Fully Furnished,3,1,38,10,19.048702,72.896774,2023-03-27
1023,Worli,167700.0,Apartment,3,1372.97,Unfurnished,3,0,30,5,19.025738,72.818021,2023-05-07
1024,Lower Parel,185100.0,Apartment,3,1400.13,Semi-Furnished,3,1,39,4,18.988542,72.824822,2023-02-05
1025,Chembur,75400.0,Apartment,2,843.41,Semi-Furnished,3,1,38,4,19.057255,72.891471,2023-12-12
1026,Borivali West,100200.0,Apartment,2,822.34,Fully Furnished,3,0,36,28,19.228869,72.851372,2023-09-23
1027,Juhu,225900.0,Apartment,2,1194.45,Fully Furnished,2,0,35,28,19.10154,72.821863,2023-01-21
1028,Lower Parel,115700.0,Apartment,1,809.88,Semi-Furnished,1,1,23,9,18.985757,72.821184,2023-02-17
1029,Chembur,60000.0,Apartment,1,618.2,Semi-Furnished,1,0,18,5,19.053731,72.909344,2023-01-03
1030,Andheri West,55700.0,Studio,1,355.57,Fully Furnished,1,0,10,0,19.145502,72.825902,2023-12-25
1031,Powai,83000.0,Apartment,1,698.75,Fully Furnished,1,0,12,7,19.120834,72.914511,2023-06-25
1032,Juhu,322800.0,Apartment,4,1735.56,,3,1,22,14,19.113725,72.831833,2023-12-07
1033,Andheri West,76100.0,Apartment,1,565.57,Fully Furnished,1,1,34,1,19.129303,72.823434,2023-03-10
1034,Powai,62900.0,Apartment,1,710.81,Unfurnished,1,1,5,28,19.119524,72.898564,2023-10-19
1035,Chembur,77700.0,Studio,1,610.12,Fully Furnished,1,1,23,11,19.04644,72.890041,2023-03-08
1036,Andheri West,74700.0,Studio,1,710.95,Unfurnished,1,1,11,9,19.138688,72.826562,2023-11-03
1037,Andheri West,111500.0,Apartment,2,876.98,Fully Furnished,2,1,7,20,19.138935,72.817852,2023-12-17
1038,Lower Parel,99500.0,Apartment,1,868.42,Unfurnished,2,1,29,12,18.994156,72.831741,2023-07-09
1039,Borivali West,79000.0,Apartment,2,830.61,Semi-Furnished,2,1,17,3,19.234745,72.844384,2023-03-02
1040,Bandra West,,Apartment,1,597.26,Fully Furnished,1,0,6,8,19.051549,72.834035,2023-09-22
1041,Borivali West,66700.0,Apartment,2,895.93,Unfurnished,2,1,13,6,19.233052,72.840743,2023-08-25
1042,Bandra West,197700.0,Villa,3,1277.52,Semi-Furnished,3,1,8,5,19.060234,72.830062,2023-06-28
1043,Borivali West,95700.0,Apartment,2,765.48,Fully Furnished,2,1,13,18,19.237239,72.850867,2023-08-14
1044,Goregaon East,91700.0,Apartment,2,791.05,Fully Furnished,2,1,2,6,19.173902,72.869037,2023-06-09
1045,Bandra West,204700.0,Apartment,3,1232.16,Semi-Furnished,3,0,2,5,19.050959,72.833798,2023-10-10
1046,Lower Parel,174800.0,Apartment,2,1012.43,Fully Furnished,2,0,39,6,19.001734,72.836785,2023-11-03
1047,Goregaon East,126000.0,Apartment,3,1093.65,Fully Furnished,3,1,8,12,19.172762,72.875609,2023-07-30
1048,Powai,5000000,Apartment,1,775.31,Fully Furnished,1,0,21,8,19.11942,72.901782,2023-12-09
1049,Chembur,138500.0,Apartment,4,1495.61,Semi-Furnished,4,0,28,5,19.058596,72.900311,2023-08-24
1050,Powai,,Apartment,1,736.1,Semi-Furnished,1,1,17,0,19.122619,72.907431,2023-12-26
1051,Chembur,80900.0,Independent House,2,894.91,Unfurnished,2,1,2,14,19.052364,72.905806,2023-12-05
1052,Andheri West,210800.0,Apartment,4,1465.2,Fully Furnished,3,1,23,27,19.14575,72.825176,2023-08-14
1053,Bandra West,,Apartment,2,1016.47,Semi-Furnished,2,1,12,1,19.064892,72.83286,2023-02-16
1054,Powai,131400.0,Apartment,2,1024.12,Fully Furnished,2,1,33,13,19.126204,72.905543,2023-12-10
1055,Bandra West,78100.0,Apartment,1,606.66,Unfurnished,1,1,8,12,19.053141,72.825182,2023-05-08
1056,Malabar Hill,179700.0,Apartment,2,1246.81,Unfurnished,2,1,26,1,18.95404,72.790661,2023-08-04
1057,Chembur,83900.0,Independent House,2,889.83,Semi-Furnished,2,1,10,0,19.045047,72.909125,2023-07-17
1058,Borivali West,72000.0,Apartment,2,742.56,Semi-Furnished,2,2,15,14,19.219622,72.842818,2023-11-11
1059,Lower Parel,168000.0,Apartment,2,1146.87,Semi-Furnished,2,0,5,0,19.003221,72.838084,2023-10-28
1060,Worli,141000.0,Apartment,2,1069.67,Unfurnished,3,1,7,9,19.010632,72.811573,2023-06-24
1061,Lower Parel,143600.0,Apartment,2,1003.0,Semi-Furnished,3,1,18,2,18.991658,72.818831,2023-08-08
1062,Worli,136900.0,Apartment,2,1118.89,Unfurnished,2,1,5,4,19.01951,72.817534,2023-10-07
1063,Bandra West,214000.0,Apartment,3,1141.02,Fully Furnished,3,1,7,1,19.068544,72.830418,2023-07-12
1064,Chembur,97800.0,Apartment,2,942.29,Semi-Furnished,2,1,20,12,19.048747,72.901267,2023-02-16
1065,Borivali West,5000000,Apartment,3,1187.22,Semi-Furnished,3,1,31,27,19.225825,72.835508,2023-01-23
1066,Andheri West,100700.0,Apartment,2,855.72,Semi-Furnished,2,1,27,22,19.136593,72.822898,2023-02-21
1067,Borivali West,77500.0,Apartment,2,869.57,Semi-Furnished,2,1,20,4,19.238773,72.847748,2023-07-12
1068,Lower Parel,180500.0,Apartment,3,1313.69,Semi-Furnished,3,1,17,6,19.002604,72.828001,2023-08-05
1069,Juhu,227700.0,Apartment,2,1178.5,Fully Furnished,2,0,33,4,19.102662,72.824389,2023-07-09
1070,Goregaon East,104200.0,Apartment,3,1161.25,Semi-Furnished,3,1,22,4,19.173238,72.86501,2023-12-22
1071,Powai,75200.0,Apartment,1,740.74,Semi-Furnished,2,1,31,12,19.108155,72.897581,2023-07-19
1072,Lower Parel,138500.0,Studio,1,765.19,Semi-Furnished,2,1,34,5,18.9856,72.827692,2023-10-02
1073,Malabar Hill,440300.0,Apartment,5,2139.56,Fully Furnished,4,1,23,30,18.955851,72.802055,2023-07-29
1074,Goregaon East,53500.0,Apartment,1,584.67,Semi-Furnished,1,1,31,9,19.171928,72.867146,2023-07-17
1075,Juhu,214900.0,Apartment,2,1192.4,Fully Furnished,2,1,8,14,19.104741,72.831348,2023-05-10
1076,Lower Parel,107200.0,Apartment,1,710.04,Fully Furnished,1,1,10,1,19.004995,72.823909,2024-01-01
1077,Malabar Hill,227200.0,Apartment,2,1338.7,Semi-Furnished,3,0,29,9,18.954845,72.794786,2023-12-14
1078,Bandra West,66800.0,Apartment,1,570.63,,2,1,1,16,19.068846,72.836034,2023-07-18
1079,Lower Parel,146500.0,Apartment,2,1096.59,Semi-Furnished,2,1,33,25,19.002922,72.818436,2023-04-28
1080,Andheri West,117000.0,Apartment,2,817.44,Fully Furnished,3,1,23,1,19.131533,72.82625,2023-07-04
1081,Malabar Hill,162500.0,Apartment,1,963.92,Semi-Furnished,1,1,36,6,18.94641,72.797873,2023-12-09
1082,Andheri West,,Apartment,1,487.39,Unfurnished,1,1,37,12,19.138277,72.823822,2023-12-20
1083,Borivali West,67200.0,Apartment,2,821.93,Unfurnished,2,0,15,7,19.233009,72.837601,2023-07-15
1084,Powai,210700.0,Apartment,4,1581.95,Fully Furnished,3,1,7,7,19.125999,72.899142,2023-07-20
1085,Chembur,56000.0,Independent House,1,662.85,Semi-Furnished,1,0,10,0,19.059979,72.889826,2023-03-31
1086,Malabar Hill,200600.0,Independent House,2,1348.56,,2,1,36,13,18.956357,72.788787,2023-02-12
1087,Goregaon East,118200.0,Apartment,3,1218.4,Semi-Furnished,4,1,6,4,19.170261,72.871829,2023-08-04
1088,Malabar Hill,189800.0,Apartment,2,1267.07,Semi-Furnished,3,1,3,9,18.95832,72.78507,2023-07-26
1089,Lower Parel,259500.0,Apartment,4,1636.74,Fully Furnished,3,1,28,3,18.99316,72.825619,2023-11-28
1090,Andheri West,126600.0,Independent House,3,1182.57,Unfurnished,3,1,21,25,19.141749,72.827089,2023-05-18
1091,Malabar Hill,191200.0,Apartment,2,1234.48,Semi-Furnished,2,1,25,15,18.949182,72.785309,2023-11-07
1092,Worli,191900.0,Apartment,2,1046.42,Fully Furnished,2,1,32,4,19.010512,72.815671,2023-08-08
1093,Andheri West,128100.0,Apartment,2,873.09,Fully Furnished,3,0,23,14,19.126594,72.837256,2023-07-14
1094,Malabar Hill,216300.0,Apartment,3,1636.67,Unfurnished,4,1,24,21,18.949138,72.799121,2023-09-07
1095,Powai,106000.0,Apartment,2,1027.48,Semi-Furnished,2,1,10,7,19.116315,72.899541,2023-03-12
1096,Powai,111100.0,Apartment,2,939.39,Fully Furnished,2,2,17,20,19.114532,72.901873,2023-10-11
1097,Juhu,280300.0,Apartment,3,1385.84,Fully Furnished,3,0,24,6,19.098767,72.824286,2023-01-26
1098,Borivali West,86800.0,Apartment,2,784.61,Fully Furnished,3,1,12,8,19.218901,72.835879,2023-05-24
1099,Malabar Hill,276100.0,Apartment,2,1278.71,Fully Furnished,2,0,27,12,18.940125,72.786318,2023-07-11
1100,Borivali West,159500.0,Apartment,4,1400.91,Fully Furnished,3,0,12,7,19.220417,72.851702,2023-08-07
1101,Borivali West,41100.0,Apartment,1,508.67,Semi-Furnished,1,0,5,15,19.223929,72.848113,2023-09-05
1102,Andheri West,134700.0,Apartment,3,1129.91,Semi-Furnished,3,1,37,13,19.133192,72.829604,2023-07-31
1103,Lower Parel,200600.0,Apartment,4,1618.76,Unfurnished,3,1,10,9,19.003334,72.832707,2023-04-20
1104,Andheri West,67500.0,Apartment,1,592.21,Semi-Furnished,1,1,5,19,19.135057,72.82818,2023-07-04
1105,Worli,144900.0,Apartment,2,1081.88,Unfurnished,3,1,28,9,19.02472,72.825219,2023-05-09
1106,Malabar Hill,191600.0,Apartment,1,1034.23,Fully Furnished,2,2,20,,18.956326,72.80354,2023-08-17
1107,Bandra West,124600.0,Apartment,2,867.6,Unfurnished,2,1,1,24,19.051743,72.829368,2023-06-16
1108,Lower Parel,203500.0,Apartment,3,1313.55,Fully Furnished,3,0,33,25,19.001409,72.832283,2023-06-18
1109,Juhu,,Apartment,2,1164.62,Fully Furnished,2,1,15,27,19.115359,72.829637,2023-01-01
1110,Powai,88400.0,Apartment,2,-500,Unfurnished,2,0,27,6,19.12573,72.90294,2023-04-04
1111,Chembur,64000.0,Apartment,1,564.7,Fully Furnished,2,1,29,5,19.060815,72.903666,2023-01-26
1112,Chembur,81100.0,Apartment,2,940.15,Unfurnished,2,2,19,19,19.046265,72.907445,2023-01-07
1113,Andheri West,67600.0,Apartment,1,617.13,Semi-Furnished,1,1,19,0,19.145408,72.83751,2023-02-18
1114,Borivali West,119100.0,Apartment,3,1122.53,Fully Furnished,3,2,37,8,19.226951,72.843838,2023-01-31
1115,Chembur,40800.0,Independent House,1,473.26,Unfurnished,1,0,25,5,19.062122,72.899519,2023-05-04
1116,Powai,167500.0,Apartment,3,1292.18,Fully Furnished,3,2,24,6,19.114283,72.896161,2023-03-22
1117,Powai,121500.0,Apartment,2,1027.52,Fully Furnished,2,1,12,7,19.120155,72.90923,2023-02-01
1118,Chembur,101900.0,Apartment,3,1223.81,Unfurnished,3,1,3,26,19.043128,72.894386,2023-12-13
1119,Malabar Hill,174600.0,Apartment,2,1298.63,Unfurnished,2,1,29,25,18.94669,72.804506,2023-12-14
1120,Juhu,,Apartment,2,1176.28,Semi-Furnished,2,1,12,8,19.10085,72.817229,2023-06-09
1121,Worli,171700.0,Apartment,2,1114.21,Semi-Furnished,2,1,12,23,19.018817,72.806622,2023-12-22
1122,Juhu,121000.0,Apartment,1,918.17,Semi-Furnished,1,0,11,15,19.113214,72.826745,2023-09-26
1123,Juhu,228700.0,Apartment,3,1460.25,Semi-Furnished,3,0,24,2,19.10888,72.825575,2023-06-10
1124,Juhu,128400.0,Apartment,1,868.33,Semi-Furnished,1,1,16,28,19.098843,72.835882,2023-04-21
1125,Chembur,132000.0,Apartment,4,1449.38,Unfurnished,3,2,20,0,19.04545,72.890579,2023-09-02
1126,Malabar Hill,156900.0,Independent House,1,1054.42,Unfurnished,1,2,4,2,18.944228,72.787634,2023-12-02
1127,Malabar Hill,270500.0,Villa,3,1715.01,Semi-Furnished,3,1,9,5,18.94554,72.799288,2023-01-26
1128,Powai,61000.0,Apartment,1,679.22,Unfurnished,1,1,16,16,19.109471,72.902709,2023-09-15
1129,Bandra West,127300.0,Studio,1,580.83,Fully Furnished,1,1,29,13,19.060345,72.82214,2023-11-09
1130,Andheri West,92200.0,Apartment,2,896.18,Semi-Furnished,3,2,5,22,19.137941,72.836816,2023-03-23
1131,Worli,116200.0,Apartment,1,797.02,Semi-Furnished,2,0,25,8,19.025678,72.814996,2023-04-14
1132,Andheri W,121100.0,Apartment,2,833.72,Unfurnished,3,2,30,12,19.061007,72.835584,2023-02-13
1133,Borivali West,94600.0,Apartment,2,782.23,Fully Furnished,2,1,28,9,19.230151,72.840976,2023-04-26
1134,Lower Parel,175000.0,Apartment,2,983.1,Fully Furnished,2,1,8,0,18.988049,72.834775,2023-12-07
1135,Borivali West,167500.0,Apartment,4,1376.72,Fully Furnished,3,1,3,25,19.237406,72.83705,2023-11-15
1136,Worli,223400.0,Apartment,3,1394.68,Semi-Furnished,3,0,36,2,19.025845,72.826082,2023-05-25
1137,Powai,177800.0,Apartment,3,1270.3,,4,2,3,5,19.11818,72.904113,2023-12-09
1138,Borivali West,223600.0,Apartment,5,1753.18,Fully Furnished,4,1,32,13,19.233235,72.852955,2023-05-18
1139,Borivali West,130300.0,Apartment,4,1404.52,Semi-Furnished,4,1,39,4,19.221329,72.837642,2023-05-24
1140,Lower Parel,135600.0,Apartment,2,1096.85,Unfurnished,3,2,20,7,18.988152,72.833931,2023-11-02
1141,Borivali West,68000.0,Apartment,2,837.93,Unfurnished,2,1,18,9,19.224114,72.841796,2023-03-02
1142,Lower Parel,114800.0,Apartment,1,745.83,Fully Furnished,1,0,27,10,18.994356,72.826453,2023-01-29
1143,Juhu,118300.0,Apartment,1,894.05,Semi-Furnished,1,0,34,18,19.106433,72.834623,2023-10-09
1144,Malabar Hill,130300.0,Studio,1,562.4,Fully Furnished,2,1,33,20,18.949961,72.787249,2023-12-14
1145,Worli,183300.0,Apartment,2,1043.17,Fully Furnished,2,1,10,13,19.020539,72.814735,2023-07-24
1146,Worli,220000.0,Apartment,2,1188.79,Fully Furnished,2,1,10,3,19.019882,72.819766,2023-06-16
1147,Bandra West,89100.0,Apartment,1,579.79,Semi-Furnished,1,0,30,9,19.068953,72.833346,2023-04-27
1148,Andheri West,124200.0,Apartment,3,1080.01,Semi-Furnished,3,0,3,7,19.129383,72.833211,2023-12-30
1149,Powai,183400.0,Apartment,4,1517.46,Semi-Furnished,3,0,9,11,19.121258,72.914191,2023-12-04
1150,Powai,70200.0,Apartment,1,706.17,Semi-Furnished,1,1,39,6,19.124166,72.911634,2023-12-22
1151,Worli,193700.0,Apartment,3,1412.62,Semi-Furnished,4,1,6,0,19.016857,72.825792,2023-11-07
1152,Malabar Hill,329500.0,Apartment,3,1609.46,Fully Furnished,3,1,23,19,18.952642,72.788658,2023-10-14
1153,Andheri West,154800.0,Apartment,4,1466.14,Unfurnished,3,1,17,13,19.129203,72.837294,2023-03-09
1154,Worli,330200.0,Apartment,5,2005.92,Semi-Furnished,4,0,39,10,19.009986,72.822914,2023-10-17
1155,Powai,62500.0,Apartment,1,687.94,Unfurnished,1,2,14,6,19.123407,72.905576,2023-11-22
1156,Worli,111700.0,Apartment,1,754.32,Semi-Furnished,1,0,16,13,19.022343,72.819664,2023-06-06
1157,S. Mumbai - Worli,58300.0,Apartment,1,521.89,Fully Furnished,1,1,19,12,19.226108,72.835365,2023-12-03
1158,Lower Parel,170100.0,Apartment,3,1298.11,Semi-Furnished,4,1,24,0,18.992144,72.826765,2023-12-11
1159,Bandra West,103100.0,Apartment,2,860.33,Unfurnished,2,1,32,8,19.049963,72.822875,2023-03-12
1160,Powai,132900.0,Apartment,2,1077.04,Fully Furnished,2,0,5,15,19.115671,72.90664,2023-11-14
1161,Juhu,203000.0,Apartment,2,1147.25,Fully Furnished,2,1,6,8,19.106708,72.823082,2023-01-15
1162,Chembur,163500.0,Apartment,4,1444.74,Fully Furnished,4,2,37,5,19.048776,72.893268,2023-07-15
1163,Malabar Hill,269500.0,Apartment,2,1277.35,Fully Furnished,2,0,5,6,18.959864,72.796261,2023-05-20
1164,Juhu,288500.0,Apartment,3,1579.25,Fully Furnished,4,1,20,14,19.108948,72.828162,2023-06-02
1165,Lower Parel,228000.0,Apartment,3,1394.45,Fully Furnished,3,0,22,0,18.994705,72.818953,2023-04-23
1166,Goregaon East,96200.0,Studio,1,846.15,Semi-Furnished,1,1,23,15,19.168494,72.868371,2023-01-26
1167,Bandra West,97400.0,Apartment,1,638.25,Semi-Furnished,1,0,6,20,19.06641,72.834769,2023-10-14
1168,Chembur,109400.0,Apartment,2,882.79,Fully Furnished,2,0,19,9,19.05444,72.89741,2023-06-06
1169,Chembur,67300.0,Apartment,2,901.78,Unfurnished,2,1,15,10,19.058935,72.903492,2023-12-13
1170,Powai,65300.0,Apartment,1,641.82,Semi-Furnished,1,2,37,14,19.109595,72.899154,2023-05-19
1171,Bandra West,332000.0,Apartment,5,1765.13,Fully Furnished,5,1,31,30,19.062206,72.835187,2023-05-27
1172,Borivali West,86500.0,Apartment,2,822.55,Fully Furnished,2,1,37,22,19.223269,72.835192,2023-11-09
1173,Bandra West,97700.0,Apartment,1,575.93,Fully Furnished,1,1,26,14,19.056348,72.833051,2023-10-26
1174,Juhu,221200.0,Apartment,4,1750.9,Unfurnished,3,2,17,5,19.105431,72.820726,2023-06-17
1175,Andheri West,63700.0,Apartment,1,511.87,Fully Furnished,1,1,11,16,19.132155,72.823002,2023-08-23
1176,Worli,172300.0,Apartment,2,1115.93,Semi-Furnished,2,1,26,6,19.013176,72.820757,2023-11-30
1177,Powai,119100.0,Villa,2,1001.63,Fully Furnished,3,0,32,10,19.113642,72.912829,2023-01-20
1178,Bandra West,115800.0,Apartment,1,614.34,Fully Furnished,1,1,18,3,19.053579,72.82217,2023-03-23
1179,Powai,108500.0,Apartment,2,1055.85,Semi-Furnished,3,0,1,1,19.108954,72.909845,2023-08-14
1180,Goregaon East,108200.0,Apartment,3,1178.51,Semi-Furnished,3,1,23,9,19.162004,72.857621,2023-11-25
1181,Powai,159000.0,Apartment,4,1563.16,Semi-Furnished,3,0,9,0,19.12379,72.911943,2023-10-25
1182,S. Mumbai - Worli,118000.0,Apartment,1,639.29,Fully Furnished,1,1,29,30,19.058851,72.835024,2023-10-07
1183,Andheri West,114400.0,Apartment,3,1110.03,Unfurnished,3,1,39,10,19.137036,72.83611,2023-04-27
1184,Powai,123700.0,Apartment,3,1336.68,Unfurnished,3,1,3,11,19.112694,72.906143,2023-12-31
1185,Powai,172100.0,Apartment,4,1558.09,Semi-Furnished,3,0,9,0,19.108439,72.909938,2023-09-20
1186,Malabar Hill,185400.0,Apartment,2,1284.44,Unfurnished,3,1,4,3,18.951965,72.79205,2023-04-26
1187,Chembur,181200.0,Apartment,4,1483.2,Fully Furnished,4,1,32,0,19.057169,72.894495,2023-07-18
1188,Malabar Hill,241200.0,Apartment,2,1239.02,Fully Furnished,2,1,21,25,18.958175,72.799801,2023-04-09
1189,Bandra West,172200.0,Apartment,2,909.39,,3,1,20,14,19.049835,72.828792,2023-06-19
1190,Powai,70300.0,Apartment,1,671.4,Semi-Furnished,1,1,21,1,19.115545,72.908693,2023-04-04
1191,Worli,122700.0,Apartment,1,798.57,Fully Furnished,1,1,21,8,19.008511,72.814587,2023-08-03
1192,Malabar Hill,178100.0,Apartment,1,1021.68,Semi-Furnished,2,0,19,21,18.944367,72.788033,2023-07-30
1193,Borivali West,92500.0,Apartment,2,760.63,Fully Furnished,2,1,27,1,19.219655,72.84164,2023-04-03
1194,Borivali West,86500.0,Apartment,2,847.9,Fully Furnished,2,1,15,28,19.229489,72.85112,2023-10-21
1195,Powai,56800.0,Apartment,1,720.89,Unfurnished,1,0,19,7,19.118469,72.906716,2023-08-11
1196,Goregaon East,55000.0,Apartment,1,563.16,Fully Furnished,1,0,20,29,19.158153,72.875061,2023-07-18
1197,Juhu,226900.0,Apartment,2,1201.94,Fully Furnished,2,1,26,12,19.106207,72.818886,2023-11-02
1198,Lower Parel,133800.0,Independent House,2,1116.26,Unfurnished,2,0,2,2,18.989639,72.837652,2023-09-30
1199,Lower Parel,167700.0,Apartment,3,1365.56,Unfurnished,4,0,40,8,19.004835,72.823754,2023-11-01
1200,Malabar Hill,145100.0,Apartment,1,969.5,Semi-Furnished,1,1,28,6,18.941248,72.791957,2023-01-02
1201,Worli,190400.0,Apartment,3,1419.35,Unfurnished,3,1,21,19,19.021096,72.825306,2023-10-09
1202,Malabar Hill,202100.0,Apartment,2,1310.84,Semi-Furnished,2,1,4,12,18.955126,72.803671,2023-08-23
1203,Worli,105600.0,Apartment,1,841.65,Semi-Furnished,2,1,14,22,19.0196,72.824265,2023-06-22
1204,Malabar Hill,326000.0,Apartment,4,1904.27,Semi-Furnished,3,1,7,0,18.944023,72.789512,2023-03-22
1205,Chembur,71200.0,Apartment,1,625.96,Fully Furnished,2,1,39,,19.042596,72.908553,2023-12-25
1206,Juhu,184900.0,Apartment,2,1304.48,Semi-Furnished,3,0,35,7,19.109923,72.825642,2023-02-08
1207,Juhu,339900.0,Apartment,4,1890.24,Fully Furnished,3,1,35,9,19.101064,72.829811,2023-09-12
1208,Powai,131200.0,Apartment,3,1276.72,Semi-Furnished,3,1,23,7,19.117745,72.90731,2023-11-12
1209,Powai,107300.0,Apartment,2,987.63,Semi-Furnished,2,1,9,15,19.122897,72.90424,2023-03-15
1210,bandra west,211700.0,Apartment,5,1807.0,Fully Furnished,4,0,39,10,19.055912,72.906512,2023-06-30
1211,Lower Parel,122500.0,Apartment,2,936.46,Unfurnished,3,0,30,10,18.989425,72.832862,2023-06-25
1212,Malabar Hill,233100.0,Apartment,3,1522.54,Semi-Furnished,3,1,39,14,18.942365,72.802753,2023-03-29
1213,Bandra West,90000.0,Apartment,1,504.09,Fully Furnished,1,0,35,24,19.065003,72.819511,2023-02-23
1214,Malabar Hill,222000.0,Apartment,2,1253.97,Semi-Furnished,2,1,16,15,18.951067,72.79332,2023-02-24
1215,Worli,118900.0,Apartment,1,781.4,Fully Furnished,1,0,23,12,19.014018,72.810666,2023-11-02
1216,Borivali West,67500.0,Apartment,2,792.5,Unfurnished,3,1,19,3,19.231873,72.844716,2023-01-10
1217,Powai,105300.0,Apartment,2,1045.88,Semi-Furnished,2,1,8,20,19.110231,72.907906,2023-05-10
1218,Bandra West,120300.0,Apartment,2,855.66,Unfurnished,2,2,11,2,19.056072,72.826384,2023-03-01
1219,Chembur,105600.0,Apartment,2,875.71,Fully Furnished,3,0,39,0,19.048098,72.905363,2023-12-04
1220,Lower Parel,149500.0,Apartment,2,1003.64,Semi-Furnished,2,1,39,3,18.995988,72.824451,2023-04-29
1221,bandra west,255000.0,Apartment,3,1497.09,Fully Furnished,3,1,39,0,19.11643,72.83491,2023-04-05
1222,Andheri West,196000.0,Apartment,4,1452.92,Fully Furnished,4,1,28,14,19.137414,72.831947,2023-06-27
1223,Borivali West,67900.0,Apartment,2,718.95,Semi-Furnished,2,1,21,17,19.231099,72.843073,2023-07-08
1224,Bandra West,184600.0,Apartment,2,972.45,Fully Furnished,2,1,20,13,19.065048,72.825451,2023-07-02
1225,Malabar Hill,246800.0,Apartment,3,1592.0,,3,1,37,3,18.940733,72.789627,2023-04-15
1226,Malabar Hill,252000.0,Apartment,2,1361.39,Fully Furnished,2,1,16,14,18.95026,72.795121,2023-01-20
1227,bandra west,133500.0,Apartment,3,1267.48,Semi-Furnished,3,0,36,8,19.116503,72.902115,2023-03-04
1228,Borivali West,88100.0,Apartment,3,1058.87,Unfurnished,3,0,33,7,19.224384,72.84173,2023-05-30
1229,Andheri West,112700.0,Apartment,3,1103.77,Unfurnished,3,0,20,9,19.131439,72.825221,2023-10-22
1230,Goregaon East,48700.0,Apartment,1,571.01,Semi-Furnished,1,0,4,15,19.165226,72.861179,2023-01-09
1231,Borivali West,44500.0,Apartment,1,459.47,Semi-Furnished,2,0,19,27,19.231185,72.852883,2023-06-02
1232,Chembur,91500.0,Apartment,3,50000,Unfurnished,4,1,22,15,19.057038,72.906352,2023-09-23
1233,Bandra West,92000.0,Apartment,1,596.53,Semi-Furnished,1,1,5,10,19.067574,72.828742,2023-08-20
1234,Borivali West,133100.0,Apartment,3,1148.72,Fully Furnished,3,0,14,,19.238441,72.836196,2023-07-20
1235,Powai,142200.0,Apartment,3,1311.81,Semi-Furnished,4,0,6,25,19.109196,72.914905,2023-10-03
1236,Borivali West,77200.0,Apartment,2,824.18,Semi-Furnished,3,1,37,,19.226208,72.837056,2023-01-25
1237,Goregaon East,191500.0,Apartment,4,1459.38,Fully Furnished,4,1,33,6,19.169976,72.869879,2023-01-07
1238,Worli,109200.0,Apartment,1,798.34,Semi-Furnished,1,0,16,8,19.019826,72.812903,2023-03-10
1239,bandra west,59900.0,Apartment,1,491.66,Fully Furnished,1,0,33,5,19.132287,72.831993,2023-03-11
1240,Worli,160300.0,Apartment,2,1120.28,Semi-Furnished,2,1,9,7,19.014919,72.811507,2023-11-03
1241,Borivali West,43600.0,Apartment,1,486.13,Semi-Furnished,2,2,28,26,19.220519,72.840786,2023-05-07
1242,Goregaon East,133100.0,Apartment,3,1065.72,Fully Furnished,4,0,19,,19.17282,72.865931,2023-09-18
1243,Andheri W,109800.0,Apartment,2,973.14,Semi-Furnished,2,0,16,2,19.108974,72.910096,2023-05-12
1244,Goregaon East,37700.0,Apartment,1,533.04,Unfurnished,1,1,22,22,19.173867,72.857249,2023-07-11
1245,Malabar Hill,263200.0,Apartment,2,1399.22,Fully Furnished,2,1,33,0,18.950577,72.79658,2023-03-01
1246,Chembur,,Apartment,2,987.33,Semi-Furnished,2,1,39,5,19.06097,72.899683,2023-05-23
1247,Lower Parel,244800.0,Apartment,3,1327.82,Fully Furnished,4,1,30,13,18.998136,72.826696,2023-01-11
1248,Malabar Hill,290900.0,Apartment,4,1902.09,Unfurnished,4,1,3,10,18.950145,72.789111,2023-02-03
1249,Juhu,200100.0,Apartment,2,1237.06,Fully Furnished,2,1,29,,19.109954,72.818554,2023-01-07
1250,Borivali West,40300.0,Studio,1,312.98,Fully Furnished,1,0,17,1,19.236047,72.838753,2023-03-29
1251,Andheri West,118700.0,Apartment,2,825.16,Fully Furnished,2,0,4,13,19.137601,72.820891,2023-02-21
1252,Borivali West,148000.0,Apartment,5,1619.82,Semi-Furnished,4,1,10,24,19.228293,72.848988,2023-10-13
1253,Lower Parel,250700.0,Apartment,3,1364.79,Fully Furnished,3,0,10,1,18.998769,72.821648,2023-11-27
1254,Andheri West,73700.0,Apartment,1,579.08,Fully Furnished,1,1,14,0,19.139356,72.818822,2023-12-22
1255,Powai,164200.0,Apartment,3,1233.0,Fully Furnished,4,1,5,11,19.1078,72.905297,2023-01-16
1256,Chembur,70200.0,Apartment,2,781.43,Unfurnished,2,0,30,1,19.055287,72.892933,2023-01-18
1257,Andheri West,60000.0,Apartment,1,509.41,Semi-Furnished,2,1,32,1,19.143703,72.831899,2023-06-11
1258,Lower Parel,230900.0,Apartment,3,1384.11,Fully Furnished,4,2,31,13,19.001801,72.833392,2023-03-16
1259,Lower Parel,215600.0,Apartment,3,1362.82,Fully Furnished,3,0,12,15,18.999909,72.829867,2023-12-07
1260,Lower Parel,255300.0,Apartment,3,1384.9,,3,1,27,,18.99348,72.831231,2023-08-29
1261,Chembur,93800.0,Studio,1,744.03,Fully Furnished,2,1,23,4,19.044326,72.902848,2023-02-24
1262,Borivali West,118200.0,Apartment,4,1449.22,Unfurnished,3,1,19,15,19.22992,72.849923,2023-09-03
1263,Malabar Hill,117600.0,Studio,1,720.63,Unfurnished,1,0,30,6,18.95115,72.786771,2023-12-03
1264,Chembur,67900.0,Apartment,1,566.2,,1,0,26,30,19.050061,72.908739,2023-04-14
1265,Powai,189400.0,Apartment,3,1334.47,Fully Furnished,3,1,3,4,19.113971,72.904634,2023-07-30
1266,Powai,165000.0,Apartment,3,1439.33,Semi-Furnished,3,2,10,11,19.10764,72.896412,2023-04-22
1267,Malabar Hill,223500.0,Apartment,2,1278.4,Semi-Furnished,2,0,1,14,18.942426,72.787382,2023-02-16
1268,Bandra West,95600.0,Apartment,1,608.95,,1,1,9,19,19.063065,72.838401,2023-10-25
1269,Chembur,115200.0,Apartment,3,1171.35,Semi-Furnished,3,1,6,23,19.043213,72.907927,2023-01-21
1270,Chembur,96500.0,Apartment,2,900.26,Fully Furnished,3,2,6,,19.053306,72.896888,2023-11-06
1271,Lower Parel,154000.0,Apartment,2,961.43,Fully Furnished,2,1,1,11,18.993522,72.82713,2023-07-31
1272,Goregaon East,134900.0,Apartment,4,1449.88,Semi-Furnished,4,1,10,5,19.16902,72.872702,2023-11-26
1273,Malabar Hill,357700.0,Apartment,4,1924.89,Fully Furnished,3,2,19,8,18.950016,72.786401,2023-06-27
1274,Lower Parel,165000.0,Apartment,2,1028.1,Fully Furnished,3,1,11,1,18.997695,72.83805,2023-03-23
1275,Malabar Hill,344500.0,Apartment,4,1873.12,Semi-Furnished,4,1,21,2,18.942288,72.785634,2023-07-23
1276,Juhu,231000.0,Apartment,2,1192.07,Fully Furnished,2,0,10,3,19.10151,72.834382,2023-03-31
1277,Chembur,140400.0,Apartment,3,1182.31,Fully Furnished,3,0,35,11,19.046688,72.905798,2023-06-16
1278,Lower Parel,163700.0,Apartment,2,1089.38,Fully Furnished,2,1,15,22,18.987062,72.822932,2023-11-15
1279,Borivali West,81500.0,Apartment,2,772.94,Semi-Furnished,2,0,16,2,19.222182,72.852904,2023-10-01
1280,Andheri West,156700.0,Villa,3,1051.65,Fully Furnished,4,1,27,12,19.145354,72.834819,2023-07-24
1281,Lower Parel,220100.0,Apartment,5,1939.21,Unfurnished,5,1,18,10,18.996864,72.830982,2023-03-23
1282,Borivali West,62800.0,Apartment,1,560.65,Fully Furnished,1,2,10,21,19.219873,72.848621,2023-06-07
1283,Goregaon East,77100.0,Apartment,2,859.59,Semi-Furnished,3,1,23,11,19.167798,72.862028,2023-07-24
1284,Lower Parel,166500.0,Apartment,2,1128.58,Semi-Furnished,2,1,6,4,18.98997,72.822707,2023-08-08
1285,Chembur,131900.0,Apartment,3,1238.63,Semi-Furnished,3,0,27,6,19.049146,72.891467,2023-01-10
1286,Andheri West,233200.0,Apartment,5,1798.99,Fully Furnished,4,0,12,6,19.141179,72.828258,2023-11-09
1287,Bandra West,185300.0,Apartment,3,1252.93,Semi-Furnished,3,0,4,16,19.058534,72.836061,2023-11-01
1288,Chembur,106100.0,Apartment,2,912.83,Fully Furnished,2,0,31,9,19.053994,72.898833,2023-02-20
1289,Malabar Hill,274700.0,Apartment,2,1327.81,Fully Furnished,3,1,23,28,18.94197,72.79796,2023-05-13
1290,Juhu,242500.0,Apartment,3,1450.79,Fully Furnished,3,1,15,14,19.108662,72.82982,2023-03-27
1291,Juhu,195000.0,Apartment,2,1309.23,Semi-Furnished,2,1,27,12,19.1069,72.832996,2023-11-12
1292,Powai,,Apartment,3,1332.03,Unfurnished,3,1,8,9,19.125166,72.907193,2023-08-18
1293,Andheri West,143000.0,Apartment,3,1197.06,Semi-Furnished,3,1,23,3,19.143663,72.821583,2023-12-09
1294,Powai,60200.0,Studio,1,435.94,Fully Furnished,1,1,25,12,19.120928,72.896398,2023-07-23
1295,Juhu,215100.0,Apartment,2,1133.75,Fully Furnished,3,2,24,8,19.115393,72.832769,2023-07-28
1296,Goregaon East,67900.0,Apartment,1,610.44,Fully Furnished,2,1,34,20,19.15685,72.867264,2023-12-22
1297,Worli,210300.0,Apartment,2,1148.43,Fully Furnished,2,2,28,4,19.009847,72.813966,2023-01-24
1298,Andheri West,79800.0,Apartment,2,853.47,Unfurnished,2,1,16,15,19.128169,72.824217,2023-02-16
1299,Andheri West,109300.0,Apartment,3,1069.79,Unfurnished,3,1,38,7,19.141189,72.835988,2023-06-14
1300,Andheri West,73200.0,Independent House,1,579.97,Fully Furnished,1,0,24,4,19.133828,72.836478,2023-03-21
1301,Bandra West,235200.0,Apartment,3,1168.66,Fully Furnished,3,1,28,5,19.052427,72.826662,2023-08-28
1302,Juhu,150700.0,Apartment,1,957.71,Fully Furnished,1,0,31,9,19.107234,72.822438,2023-02-20
1303,Worli,195500.0,Apartment,2,1127.22,Fully Furnished,2,1,30,5,19.012091,72.821635,2023-06-20
1304,Malabar Hill,184300.0,Apartment,2,1206.8,Unfurnished,3,1,28,,18.944137,72.794565,2023-12-16
1305,Andheri West,138900.0,Apartment,3,1189.05,Semi-Furnished,4,1,9,,19.143018,72.829848,2023-09-16
1306,Goregaon East,94800.0,Apartment,3,1162.52,Unfurnished,4,1,15,6,19.159794,72.863437,2023-05-01
1307,Bandra West,175000.0,Apartment,2,886.47,Fully Furnished,2,0,21,22,19.053437,72.832625,2023-06-10
1308,Borivali West,61400.0,Apartment,2,682.23,Semi-Furnished,2,1,11,7,19.223993,72.851002,2023-09-27
1309,Juhu,172500.0,Apartment,1,935.17,Fully Furnished,1,0,10,7,19.110525,72.826102,2023-07-09
1310,Chembur,62200.0,Apartment,1,547.28,Fully Furnished,1,1,8,10,19.042848,72.893014,2023-04-30
1311,Andheri West,126600.0,Apartment,3,1165.09,Unfurnished,3,1,27,4,19.129988,72.82565,2023-05-17
1312,Juhu,231500.0,Apartment,3,1386.58,Semi-Furnished,4,1,14,0,19.115263,72.830005,2023-01-21
1313,Bandra West,120200.0,Apartment,1,635.85,Fully Furnished,2,1,15,13,19.069178,72.837818,2023-08-10
1314,Bandra West,116400.0,Apartment,2,914.36,Unfurnished,2,0,23,29,19.061672,72.834263,2023-12-24
1315,Worli,110600.0,Apartment,1,842.11,Semi-Furnished,1,1,8,9,19.023242,72.80779,2023-10-16
1316,Goregaon East,116400.0,Apartment,3,1111.69,Semi-Furnished,3,1,23,1,19.162073,72.865553,2023-10-28
1317,Bandra West,143600.0,Apartment,2,882.56,Semi-Furnished,3,1,2,1,19.060901,72.836348,2023-02-22
1318,Powai,108400.0,Independent House,2,1012.85,Semi-Furnished,3,1,16,4,19.119296,72.899467,2023-01-18
1319,Powai,118000.0,Apartment,2,1024.62,Fully Furnished,2,0,24,21,19.125295,72.900525,2023-11-13
1320,Borivali West,-50000,Apartment,1,486.2,Unfurnished,1,1,36,2,19.236303,72.839991,2023-04-09
1321,Worli,160500.0,Apartment,2,50000,Semi-Furnished,2,1,35,5,19.021953,72.808409,2023-05-18
1322,Chembur,45800.0,Apartment,1,600.3,Unfurnished,1,1,4,19,19.051822,72.89568,2023-02-08
1323,Borivali West,48900.0,Apartment,1,616.21,Semi-Furnished,1,0,14,25,19.222416,72.843027,2023-03-09
1324,Worli,103100.0,Apartment,1,787.94,Semi-Furnished,2,1,10,26,19.024846,72.809437,2023-02-22
1325,Bandra West,198900.0,Apartment,3,1138.04,Fully Furnished,3,0,35,,19.063703,72.820756,2023-03-27
1326,Worli,202000.0,Apartment,3,1370.25,Semi-Furnished,3,1,7,26,19.016602,72.818426,2023-08-15
1327,Powai,89800.0,Apartment,1,735.0,Fully Furnished,1,2,33,27,19.114027,72.914635,2023-12-12
1328,Andheri West,106000.0,Apartment,2,888.42,Semi-Furnished,2,1,25,19,19.138091,72.828864,2023-10-29
1329,Borivali West,48000.0,Apartment,1,524.43,Semi-Furnished,1,0,28,6,19.233505,72.844708,2023-07-03
1330,Malabar Hill,161000.0,Apartment,1,988.85,Semi-Furnished,1,0,33,2,18.947248,72.80348,2023-03-28
1331,Borivali West,124200.0,Apartment,3,1003.53,Fully Furnished,3,1,7,8,19.226915,72.849239,2023-11-22
1332,Lower Parel,120800.0,Apartment,2,1070.46,Unfurnished,2,0,11,1,18.9888,72.818429,2023-10-21
1333,Bandra West,126900.0,Apartment,2,863.77,,2,1,17,6,19.059144,72.825201,2023-02-04
1334,bandra west,115300.0,Apartment,1,676.23,Fully Furnished,1,1,13,4,19.051473,72.838493,2023-08-26
1335,Worli,114000.0,Studio,1,752.17,Unfurnished,1,1,3,12,19.023519,72.807698,2023-08-03
1336,Goregaon East,89400.0,Apartment,3,1163.52,Unfurnished,3,1,15,3,19.167781,72.873648,2023-08-06
1337,Andheri West,79300.0,Apartment,1,558.53,Fully Furnished,2,1,19,5,19.134082,72.82322,2023-02-20
1338,Lower Parel,101100.0,Apartment,1,713.18,Semi-Furnished,1,1,27,12,18.991146,72.830674,2023-11-06
1339,Bandra West,152400.0,Apartment,3,1209.14,,3,1,2,13,19.063547,72.820324,2023-06-03
1340,Powai,86100.0,Apartment,1,669.13,Fully Furnished,1,0,23,3,19.112711,72.907405,2023-10-21
1341,Bandra West,101500.0,Apartment,1,603.69,Fully Furnished,2,0,36,6,19.058277,72.833622,2023-09-22
1342,Andheri West,,Apartment,2,860.24,Semi-Furnished,2,1,31,5,19.132726,72.829499,2023-05-01
1343,Bandra West,219200.0,Apartment,3,1225.34,Fully Furnished,3,0,32,5,19.068724,72.829951,2023-09-16
1344,Lower Parel,97300.0,Apartment,1,733.01,Semi-Furnished,2,2,23,10,19.002837,72.8333,2023-12-14
1345,Goregaon East,76700.0,Apartment,2,881.74,Semi-Furnished,3,0,24,4,19.164108,72.870416,2023-08-20
1346,Chembur,114300.0,Apartment,3,1050.83,Semi-Furnished,3,1,25,10,19.042865,72.907489,2023-08-08
1347,Worli,252700.0,Apartment,3,1454.8,Fully Furnished,3,1,29,16,19.01786,72.809313,2023-03-03
1348,Powai,120100.0,Apartment,2,975.9,Fully Furnished,2,0,33,14,19.122799,72.909525,2023-09-15
1349,Bandra West,144800.0,Apartment,2,866.07,Semi-Furnished,2,1,40,4,19.056053,72.819938,2023-11-23
1350,Lower Parel,168300.0,Apartment,2,1123.28,Fully Furnished,3,1,5,12,18.989419,72.834979,2023-07-20
1351,Andheri West,95400.0,Apartment,2,936.43,Unfurnished,2,2,38,28,19.139758,72.829033,2023-02-11
1352,Malabar Hill,412100.0,Apartment,4,1844.77,Fully Furnished,4,0,15,7,18.948458,72.801609,2023-10-01
1353,Chembur,58900.0,Apartment,1,582.5,Semi-Furnished,1,1,16,9,19.056047,72.891759,2023-11-04
1354,Borivali West,137100.0,Apartment,3,1056.69,Fully Furnished,3,1,35,9,19.222048,72.854087,2023-09-29
1355,Worli,190500.0,Apartment,2,1109.32,Fully Furnished,2,0,5,14,19.014627,72.814138,2023-01-03
1356,Lower Parel,154000.0,Apartment,2,1025.5,Semi-Furnished,2,2,4,26,19.00372,72.831363,2023-10-25
1357,Malabar Hill,202100.0,Apartment,1,1167.67,Fully Furnished,1,1,10,10,18.950264,72.795788,2023-01-16
1358,Malabar Hill,208700.0,Apartment,2,1316.95,Semi-Furnished,2,1,27,26,18.956849,72.791525,2023-06-03
1359,Bandra West,152500.0,Apartment,2,984.53,Semi-Furnished,2,1,30,5,19.068341,72.833208,2023-08-05
1360,Chembur,122900.0,Apartment,3,1253.19,Semi-Furnished,3,1,34,6,19.057348,72.893005,2023-11-22
1361,Goregaon East,62000.0,Apartment,1,547.92,Fully Furnished,1,1,12,21,19.1726,72.858124,2023-09-06
1362,Bandra West,240300.0,Apartment,3,1158.95,Fully Furnished,3,1,27,4,19.058771,72.824473,2023-04-25
1363,Powai,79900.0,Apartment,2,922.43,Unfurnished,2,1,29,8,19.110259,72.911297,2023-06-12
1364,S. Mumbai - Worli,92300.0,Apartment,1,727.07,Semi-Furnished,1,1,29,2,19.001841,72.82364,2023-07-24
1365,Malabar Hill,181700.0,Apartment,2,1372.64,Unfurnished,2,1,26,19,18.947623,72.801136,2023-01-20
1366,Chembur,156000.0,Apartment,3,1189.7,Fully Furnished,3,1,32,8,19.054297,72.897239,2023-04-06
1367,Powai,209700.0,Apartment,4,1636.94,Fully Furnished,4,2,37,4,19.127305,72.914174,2023-11-09
1368,Chembur,80600.0,Apartment,2,983.14,Unfurnished,2,0,36,29,19.056402,72.898519,2023-08-26
1369,Powai,133200.0,Apartment,2,1035.05,Fully Furnished,2,1,17,9,19.127121,72.90799,2023-04-08
1370,Powai,275200.0,Apartment,5,1966.32,Fully Furnished,4,2,30,8,19.126732,72.902099,2023-02-04
1371,Worli,262400.0,Apartment,3,1396.88,Fully Furnished,3,0,37,18,19.009548,72.818429,2023-08-29
1372,Malabar Hill,215900.0,Apartment,2,1264.56,Semi-Furnished,2,1,19,25,18.950372,72.789671,2023-01-29
1373,Worli,,Apartment,1,818.68,Unfurnished,1,2,36,18,19.025324,72.82618,2023-10-07
1374,Bandra West,178700.0,Apartment,2,877.32,Fully Furnished,2,1,1,,19.061037,72.839063,2023-08-09
1375,Powai,114100.0,Studio,1,776.96,Fully Furnished,2,1,20,10,19.120733,72.905643,2023-02-07
1376,Chembur,93900.0,Apartment,2,967.04,Semi-Furnished,2,0,23,0,19.045787,72.8904,2023-12-06
1377,Borivali West,111200.0,Apartment,3,1066.78,Semi-Furnished,3,0,30,9,19.224301,72.843071,2023-06-08
1378,Malabar Hill,189000.0,Apartment,2,1264.76,Semi-Furnished,2,1,15,30,18.948271,72.786524,2023-08-29
1379,Chembur,59900.0,Independent House,1,659.93,Semi-Furnished,1,1,31,5,19.043769,72.896534,2023-06-27
1380,Worli,307500.0,Apartment,4,1750.2,Fully Furnished,3,1,6,21,19.021266,72.818983,2023-05-19
1381,Borivali West,43100.0,Apartment,1,539.72,Semi-Furnished,1,0,1,30,19.225179,72.840335,2023-06-09
1382,Malabar Hill,170200.0,Apartment,1,1009.89,Semi-Furnished,1,0,35,9,18.944771,72.792435,2023-01-21
1383,Malabar Hill,155600.0,Studio,1,775.31,Semi-Furnished,1,1,1,1,18.959417,72.792643,2023-02-16
1384,Goregaon East,104400.0,Apartment,3,1175.45,Semi-Furnished,3,0,13,4,19.1726,72.871742,2023-09-17
1385,Goregaon East,76300.0,Apartment,2,906.99,Unfurnished,2,0,8,15,19.167184,72.876082,2023-12-21
1386,Worli,130900.0,Apartment,1,855.52,Fully Furnished,1,1,18,4,19.011719,72.819763,2023-07-24
1387,Andheri West,86100.0,Apartment,2,831.09,Semi-Furnished,3,0,21,15,19.145339,72.824967,2023-09-02
1388,Lower Parel,102300.0,Apartment,1,788.63,Semi-Furnished,2,1,13,0,19.001757,72.829646,2023-02-07
1389,Worli,132000.0,Apartment,2,1117.42,Unfurnished,2,1,16,22,19.009657,72.814287,2023-01-07
1390,Malabar Hill,195600.0,Apartment,2,1199.33,Semi-Furnished,2,1,26,30,18.947925,72.789774,2023-01-22
1391,Bandra West,119600.0,Apartment,2,800.76,,2,1,40,,19.061447,72.839269,2023-01-23
1392,Bandra West,246100.0,Apartment,3,1283.43,Fully Furnished,3,0,13,11,19.066749,72.83099,2023-04-29
1393,Powai,222900.0,Apartment,4,1509.9,Fully Furnished,4,1,32,20,19.126636,72.896877,2023-10-30
1394,Lower Parel,234400.0,Apartment,3,1347.29,Fully Furnished,3,0,2,14,18.997885,72.828788,2023-06-28
1395,Lower Parel,175000.0,Apartment,3,1352.2,Semi-Furnished,4,1,24,7,18.993448,72.818441,2023-12-25
1396,Goregaon East,61800.0,Apartment,1,592.13,Fully Furnished,1,1,10,3,19.161919,72.863803,2023-02-02
1397,Andheri West,106000.0,Apartment,2,939.81,Semi-Furnished,2,0,32,0,19.127537,72.820279,2023-10-20
1398,Lower Parel,145600.0,Apartment,2,975.54,Semi-Furnished,2,1,17,5,19.004079,72.836558,2023-12-22
1399,Chembur,74600.0,Independent House,1,628.83,Fully Furnished,1,1,37,22,19.053815,72.898094,2023-07-27
1400,Goregaon East,114300.0,Apartment,3,1168.48,Semi-Furnished,3,1,30,14,19.174011,72.876376,2023-04-06
1401,Juhu,198300.0,Apartment,3,1528.25,Unfurnished,4,0,12,6,19.101293,72.832648,2023-04-22
1402,Chembur,67200.0,Apartment,2,863.85,Unfurnished,2,0,12,4,19.060895,72.907415,2023-07-22
1403,Juhu,165100.0,Apartment,2,1184.21,Semi-Furnished,3,1,11,14,19.102266,72.819947,2023-03-11
1404,Chembur,69800.0,Apartment,1,643.18,Fully Furnished,1,0,18,19,19.054293,72.900005,2023-02-06
1405,Chembur,61800.0,Apartment,1,578.21,Fully Furnished,2,1,9,30,19.055995,72.901947,2023-10-19
1406,Worli,187700.0,Apartment,2,1185.38,Fully Furnished,2,0,10,12,19.016755,72.815949,2023-03-07
1407,Worli,101500.0,Apartment,1,886.07,Unfurnished,2,1,20,16,19.01807,72.807647,2023-04-17
1408,Goregaon East,,Apartment,3,1121.41,Semi-Furnished,3,0,3,13,19.172556,72.861905,2023-03-09
1409,Goregaon East,82400.0,Apartment,2,812.86,Semi-Furnished,2,2,28,1,19.170697,72.869747,2023-04-08
1410,Borivali West,78000.0,Apartment,2,831.88,Semi-Furnished,3,1,19,13,19.222977,72.844554,2023-10-28
1411,Worli,295600.0,Apartment,5,1961.79,Semi-Furnished,4,0,39,25,19.018686,72.819004,2023-01-18
1412,Borivali West,99100.0,Apartment,3,1070.79,Semi-Furnished,3,1,28,2,19.223945,72.84172,2023-10-30
1413,Powai,64900.0,Independent House,1,665.11,Semi-Furnished,1,1,7,15,19.107926,72.909996,2023-05-09
1414,Powai,132900.0,Independent House,2,979.74,Fully Furnished,3,1,34,10,19.110832,72.903954,2023-11-23
1415,Juhu,234400.0,Apartment,3,1539.14,,3,2,14,14,19.110645,72.835751,2023-06-18
1416,Lower Parel,96300.0,Apartment,1,707.38,Semi-Furnished,1,0,24,10,19.004749,72.837571,2023-10-02
1417,Goregaon East,50200.0,Apartment,1,506.24,Semi-Furnished,1,1,13,19,19.157683,72.864399,2023-08-16
1418,Andheri West,65900.0,Apartment,1,500.6,Fully Furnished,1,0,27,11,19.134427,72.823256,2023-09-17
1419,Juhu,156700.0,Apartment,2,1154.22,Semi-Furnished,3,1,12,,19.107975,72.823052,2023-07-17
1420,Goregaon East,130400.0,Apartment,3,1142.86,Fully Furnished,3,0,7,1,19.169997,72.868275,2023-02-05
1421,Juhu,331800.0,Apartment,4,1851.98,Fully Furnished,3,1,28,0,19.114845,72.830904,2023-08-29
1422,Juhu,170200.0,Apartment,1,928.9,Fully Furnished,2,0,14,4,19.112126,72.827111,2023-06-20
1423,Malabar Hill,196000.0,Apartment,1,1001.55,Fully Furnished,1,1,38,7,18.957553,72.787699,2023-10-22
1424,Lower Parel,182900.0,Apartment,2,1038.62,Fully Furnished,2,0,21,13,18.995143,72.837957,2023-12-20
1425,Bandra West,145800.0,Apartment,2,862.14,Fully Furnished,2,1,36,26,19.054619,72.822443,2023-11-12
1426,S. Mumbai - Worli,149500.0,Apartment,3,1192.44,Unfurnished,3,1,40,19,19.051527,72.834382,2023-04-27
1427,Juhu,153300.0,Apartment,2,1145.61,Unfurnished,2,1,33,10,19.097574,72.82674,2023-04-14
1428,Powai,129700.0,Apartment,3,1252.4,Semi-Furnished,4,0,37,8,19.108223,72.908857,2023-08-08
1429,Malabar Hill,178100.0,Apartment,2,1290.9,Unfurnished,2,1,7,3,18.944273,72.804332,2023-10-30
1430,Andheri West,93300.0,Apartment,2,840.56,Semi-Furnished,2,1,19,12,19.134586,72.828675,2023-06-09
1431,Bandra West,310400.0,Apartment,4,1501.75,Fully Furnished,3,0,40,16,19.059031,72.83605,2023-04-27
1432,Bandra West,84200.0,Apartment,1,602.61,Unfurnished,2,1,29,20,19.056059,72.82469,2023-10-25
1433,Juhu,146500.0,Apartment,2,1222.37,Unfurnished,3,1,40,6,19.098826,72.827964,2023-09-21
1434,Borivali West,59000.0,Apartment,2,695.84,Unfurnished,2,1,11,,19.22702,72.844602,2023-08-15
1435,Powai,187300.0,Apartment,4,1565.06,Semi-Furnished,3,0,39,0,19.109595,72.914568,2023-10-07
1436,Malabar Hill,223900.0,Apartment,2,1261.51,Semi-Furnished,2,1,32,12,18.940733,72.787368,2023-11-02
1437,Juhu,215800.0,Apartment,2,1215.96,Fully Furnished,2,1,15,26,19.109649,72.825382,2023-06-05
1438,Bandra West,73200.0,Apartment,1,533.34,Semi-Furnished,1,1,15,11,19.058445,72.834295,2023-09-07
1439,Powai,159100.0,Apartment,3,1333.31,Fully Furnished,3,1,21,3,19.119957,72.90951,2023-09-02
1440,Worli,204800.0,Apartment,2,1092.22,Fully Furnished,2,0,5,20,19.025295,72.808648,2023-11-30
1441,Powai,214300.0,Apartment,4,1602.85,Fully Furnished,3,1,21,29,19.122473,72.907656,2023-02-08
1442,Juhu,185400.0,Apartment,3,1440.39,Unfurnished,3,2,18,2,19.10899,72.822169,2023-08-31
1443,Worli,178500.0,Villa,3,1440.58,Unfurnished,3,0,9,4,19.011066,72.808981,2023-12-05
1444,Chembur,135400.0,Apartment,4,1480.83,Unfurnished,3,1,15,22,19.056413,72.892234,2023-04-17
1445,Andheri West,111700.0,Apartment,2,830.38,Fully Furnished,3,0,20,29,19.133239,72.832477,2023-10-09
1446,Malabar Hill,119900.0,Independent House,1,950.39,Unfurnished,1,1,31,5,18.951446,72.795895,2023-11-20
1447,Andheri West,172000.0,Independent House,4,1446.51,Semi-Furnished,3,1,22,0,19.13439,72.828736,2023-02-18
1448,Lower Parel,220200.0,Apartment,3,1375.26,Fully Furnished,3,1,4,20,19.001517,72.823956,2023-09-07
1449,Powai,118300.0,Apartment,2,1028.65,Semi-Furnished,3,2,2,12,19.119103,72.908916,2023-01-16
1450,Goregaon East,116000.0,Apartment,3,1064.44,Fully Furnished,3,1,25,22,19.169532,72.874805,2023-06-10
1451,Lower Parel,79200.0,Apartment,1,765.67,Unfurnished,1,1,15,15,18.999804,72.837639,2023-04-17
1452,Malabar Hill,170500.0,Apartment,1,958.69,Fully Furnished,2,1,21,20,18.940538,72.788284,2023-05-31
1453,Worli,166500.0,Apartment,3,1330.11,Unfurnished,3,1,25,7,19.014492,72.80793,2023-03-07
1454,Chembur,121400.0,Apartment,3,1259.28,Semi-Furnished,3,1,11,8,19.058438,72.895473,2023-05-15
1455,Bandra West,,Independent House,1,619.05,Semi-Furnished,1,0,22,7,19.06519,72.838007,2023-05-19
1456,Lower Parel,188300.0,Apartment,3,1392.96,Semi-Furnished,3,1,16,20,18.986974,72.831933,2023-12-23
1457,Lower Parel,149700.0,Apartment,2,993.69,Semi-Furnished,2,1,30,4,18.99109,72.829863,2023-01-05
1458,Lower Parel,113000.0,Apartment,1,695.56,Fully Furnished,1,1,33,6,18.987015,72.822323,2023-05-05
1459,Andheri West,89400.0,Apartment,2,849.98,Semi-Furnished,2,0,1,14,19.139728,72.830317,2023-11-11
1460,Borivali West,83000.0,Apartment,2,806.98,Semi-Furnished,2,1,10,3,19.226246,72.839366,2023-02-06
1461,Worli,105600.0,Apartment,1,852.05,Unfurnished,1,1,22,6,19.012666,72.808512,2023-03-28
1462,Lower Parel,210000.0,Apartment,3,1237.23,Fully Furnished,3,1,37,17,18.989416,72.833004,2023-05-08
1463,Powai,77500.0,Apartment,1,695.08,Fully Furnished,2,1,12,8,19.109512,72.909265,2023-01-15
1464,Chembur,118700.0,Apartment,3,1221.49,Semi-Furnished,3,1,13,1,19.058132,72.892666,2023-03-01
1465,Chembur,57400.0,Apartment,1,574.26,Fully Furnished,1,1,20,15,19.053873,72.898101,2023-05-16
1466,Worli,132600.0,Apartment,1,795.12,Fully Furnished,1,1,31,9,19.01411,72.819037,2023-11-17
1467,Worli,147400.0,Apartment,2,1125.15,Unfurnished,3,1,22,7,19.014295,72.811526,2023-03-22
1468,Malabar Hill,155400.0,Apartment,1,981.89,Semi-Furnished,2,0,26,4,18.958476,72.792876,2023-05-19
1469,Borivali West,68200.0,Apartment,2,731.74,Semi-Furnished,2,1,37,4,19.2339,72.841865,2023-12-29
1470,Chembur,45000.0,Apartment,1,494.78,Semi-Furnished,1,2,13,5,19.047932,72.900471,2023-12-04
1471,Malabar Hill,317400.0,Apartment,3,1526.09,Fully Furnished,3,0,37,,18.955747,72.786543,2023-10-07
1472,Andheri West,133300.0,Apartment,2,931.55,Fully Furnished,2,1,30,0,19.128916,72.818879,2023-08-31
1473,Powai,146400.0,Apartment,3,1333.58,Semi-Furnished,4,2,2,8,19.110236,72.89845,2023-03-02
1474,Lower Parel,144000.0,Apartment,2,1060.3,Semi-Furnished,2,1,10,15,18.991231,72.833213,2023-12-26
1475,Worli,211600.0,Apartment,4,1770.48,Unfurnished,4,1,20,22,19.008498,72.819955,2023-12-07
1476,Powai,97300.0,Apartment,2,968.79,Semi-Furnished,2,1,2,3,19.108257,72.915119,2023-02-26
1477,Andheri West,54500.0,Apartment,1,518.66,Semi-Furnished,1,1,38,0,19.130609,72.836053,2023-05-20
1478,Goregaon East,125000.0,Apartment,3,1162.76,Semi-Furnished,3,0,37,,19.164472,72.86083,2023-08-11
1479,Andheri West,193400.0,Apartment,5,1768.39,Unfurnished,4,1,6,6,19.144173,72.818473,2023-03-24
1480,Malabar Hill,201800.0,Independent House,2,1315.15,Semi-Furnished,2,0,5,4,18.945156,72.802906,2023-04-13
1481,Borivali West,103200.0,Apartment,2,845.66,Fully Furnished,2,0,31,23,19.222908,72.844971,2023-02-21
1482,Bandra West,122100.0,Apartment,1,628.12,Fully Furnished,1,0,9,,19.069527,72.825569,2023-01-09
1483,Juhu,165100.0,Apartment,2,1362.24,Unfurnished,2,0,9,,19.116178,72.817802,2023-09-06
1484,Chembur,63000.0,Apartment,1,637.58,Fully Furnished,2,0,5,28,19.052186,72.901793,2023-11-23
1485,Andheri West,89700.0,Studio,1,518.46,Fully Furnished,1,0,19,0,19.13293,72.825919,2023-04-22
1486,Goregaon East,117900.0,Apartment,4,1533.89,Unfurnished,3,2,12,13,19.16726,72.86216,2023-03-13
1487,Andheri West,218900.0,Apartment,4,1390.48,Fully Furnished,3,2,28,15,19.130718,72.818867,2023-11-03
1488,Borivali West,48300.0,Apartment,1,497.89,Semi-Furnished,2,2,14,11,19.227765,72.848588,2023-04-05
1489,Juhu,172300.0,Apartment,1,904.4,Fully Furnished,1,1,31,0,19.099725,72.82075,2023-05-21
1490,Goregaon East,95300.0,Apartment,2,836.77,Fully Furnished,2,1,7,26,19.16659,72.869946,2023-10-05
1491,Andheri West,115000.0,Apartment,2,905.75,Fully Furnished,2,0,11,9,19.1294,72.817963,2023-10-12
1492,Lower Parel,,Apartment,2,1023.57,Semi-Furnished,2,0,18,6,19.001351,72.822763,2023-11-06
1493,Andheri West,115600.0,Apartment,3,1139.59,Unfurnished,3,0,29,8,19.142131,72.826434,2023-01-04
1494,Andheri West,87500.0,Apartment,2,838.46,Unfurnished,2,1,16,8,19.144199,72.819747,2023-01-13
1495,Lower Parel,231400.0,Apartment,4,1630.29,Semi-Furnished,4,0,33,10,18.991057,72.835876,2023-08-21
1496,Powai,77400.0,Apartment,2,941.23,Unfurnished,2,1,23,14,19.116893,72.907704,2023-04-27
1497,Andheri West,83300.0,Apartment,2,898.33,Unfurnished,2,2,16,12,19.137351,72.836856,2023-06-19
1498,Juhu,207100.0,Apartment,3,1482.35,Semi-Furnished,3,1,1,15,19.104686,72.819365,2023-06-02
1499,Chembur,128100.0,Apartment,3,1153.36,Fully Furnished,3,0,29,23,19.045078,72.897787,2023-06-12
1500,Worli,190900.0,Apartment,2,1083.74,Fully Furnished,2,1,33,9,19.019703,72.823578,2023-03-24
1501,Lower Parel,134700.0,Apartment,1,782.52,Fully Furnished,2,1,35,8,18.989552,72.828446,2023-03-31
1502,Bandra West,114100.0,Apartment,1,644.12,Fully Furnished,1,1,39,11,19.068163,72.827183,2023-10-27
1503,Juhu,191400.0,Apartment,2,1236.53,Semi-Furnished,2,1,15,8,19.104677,72.834918,2023-05-30
1504,Andheri West,128100.0,Apartment,2,870.64,Fully Furnished,2,2,9,4,19.138302,72.826552,2023-11-13
1505,Andheri West,107900.0,Apartment,2,837.23,Fully Furnished,2,1,12,0,19.133949,72.821898,2023-07-27
1506,Bandra West,129800.0,Apartment,2,903.52,Unfurnished,2,0,11,6,19.049752,72.822524,2023-07-03
1507,Goregaon East,57900.0,Apartment,1,590.66,Fully Furnished,1,0,39,3,19.158276,72.868135,2023-01-12
1508,Borivali West,75000.0,Apartment,2,828.06,Semi-Furnished,2,1,5,21,19.230387,72.846533,2023-08-19
1509,Powai,61000.0,Apartment,1,714.65,Unfurnished,1,0,25,23,19.113297,72.903537,2023-02-08
1510,Andheri W,294300.0,Apartment,3,1472.09,Fully Furnished,3,1,13,27,19.106527,72.826279,2023-12-10
1511,Goregaon East,115100.0,Apartment,3,1108.87,Semi-Furnished,3,0,2,4,19.164136,72.857599,2023-06-14
1512,Andheri West,140600.0,Apartment,3,1177.03,Semi-Furnished,3,1,29,26,19.133006,72.82041,2023-04-15
1513,Worli,137600.0,Apartment,2,1036.9,Unfurnished,2,1,19,14,19.008563,72.823516,2023-02-12
1514,Chembur,105000.0,Apartment,2,1036.22,Semi-Furnished,2,2,37,15,19.056146,72.893644,2023-12-26
1515,Lower Parel,171900.0,Apartment,2,1014.54,Fully Furnished,2,2,35,10,18.995239,72.82505,2023-12-16
1516,Andheri West,159900.0,Apartment,3,1168.11,Fully Furnished,3,0,2,11,19.134922,72.835016,2023-04-05
1517,Worli,192000.0,Apartment,3,1424.12,Unfurnished,3,1,16,,19.019172,72.826149,2023-07-17
1518,Lower Parel,156000.0,Apartment,2,1000.85,Fully Furnished,3,0,24,6,19.004471,72.829772,2023-01-03
1519,Chembur,112800.0,Apartment,2,962.45,Fully Furnished,2,1,9,12,19.056994,72.903543,2023-04-29
1520,Chembur,69000.0,Apartment,2,898.35,Unfurnished,2,1,20,3,19.048054,72.899369,2023-04-11
1521,Malabar Hill,356100.0,Apartment,5,2226.34,Semi-Furnished,4,1,32,23,18.95728,72.790826,2023-03-01
1522,Bandra West,171700.0,Apartment,2,847.44,Fully Furnished,2,1,10,9,19.050722,72.830848,2023-12-22
1523,Lower Parel,155800.0,Apartment,2,1017.87,Semi-Furnished,2,0,15,29,18.993827,72.818287,2023-09-24
1524,Andheri West,174600.0,Apartment,5,1761.37,Unfurnished,4,1,34,2,19.141765,72.835094,2023-05-10
1525,Worli,110600.0,Apartment,1,766.66,Semi-Furnished,1,1,11,14,19.008616,72.810737,2023-11-23
1526,Bandra West,163600.0,Independent House,3,1199.05,Unfurnished,4,1,2,11,19.051874,72.823256,2023-01-27
1527,Lower Parel,175700.0,Apartment,2,1080.56,Fully Furnished,2,1,1,7,18.9922,72.836193,2023-09-01
1528,Bandra West,148500.0,Apartment,2,1017.26,Semi-Furnished,2,1,19,,19.056571,72.827199,2023-02-02
1529,Malabar Hill,218500.0,Apartment,2,1321.73,Semi-Furnished,2,1,14,10,18.940841,72.797783,2023-04-11
1530,Andheri West,189500.0,Apartment,4,1426.26,Fully Furnished,4,1,17,7,19.142106,72.830841,2023-08-25
1531,Goregaon East,110200.0,Apartment,3,1097.23,Semi-Furnished,3,0,24,22,19.156856,72.867875,2023-08-05
1532,Juhu,203100.0,Apartment,3,1457.25,Semi-Furnished,3,0,5,6,19.101648,72.820092,2023-10-02
1533,Borivali West,75000.0,Apartment,2,732.98,Semi-Furnished,2,0,16,15,19.224446,72.841858,2023-03-25
1534,Powai,89400.0,Apartment,1,693.17,Fully Furnished,1,1,18,12,19.123896,72.911527,2023-01-03
1535,Bandra West,94700.0,Independent House,1,616.23,Semi-Furnished,1,1,38,9,19.050825,72.825899,2023-12-30
1536,Malabar Hill,205200.0,Apartment,2,1360.87,Unfurnished,2,0,1,15,18.952778,72.800311,2023-01-05
1537,Worli,148200.0,Apartment,2,1120.42,Semi-Furnished,2,1,8,0,19.019949,72.825031,2023-09-04
1538,Worli,139200.0,Independent House,1,850.26,Fully Furnished,1,0,18,9,19.026186,72.813576,2023-12-14
1539,Juhu,207000.0,Apartment,3,1459.43,Semi-Furnished,4,1,28,15,19.111696,72.82499,2023-07-06
1540,Goregaon East,84000.0,Apartment,2,832.12,Semi-Furnished,2,1,13,2,19.15783,72.872982,2023-03-19
1541,Lower Parel,271000.0,Apartment,4,1643.98,Fully Furnished,3,0,12,1,18.999368,72.827373,2023-11-16
1542,Borivali West,84000.0,Apartment,2,802.58,,2,1,8,11,19.226739,72.850676,2023-02-05
1543,Powai,126600.0,Apartment,2,1129.18,Semi-Furnished,2,1,30,23,19.112013,72.90178,2023-04-15
1544,Malabar Hill,348300.0,Apartment,3,1656.46,Fully Furnished,3,1,6,19,18.959699,72.792747,2023-07-31
1545,Lower Parel,192100.0,Apartment,2,1097.14,Fully Furnished,3,1,9,12,18.991508,72.828975,2023-03-14
1546,Lower Parel,,Apartment,3,1375.65,Semi-Furnished,3,0,3,8,18.991384,72.833126,2023-02-14
1547,Bandra West,165000.0,Apartment,2,852.12,Fully Furnished,2,1,26,5,19.069367,72.825905,2023-04-12
1548,Goregaon East,101700.0,Apartment,3,1134.0,Unfurnished,3,0,4,0,19.159296,72.867561,2023-10-29
1549,Malabar Hill,197400.0,Apartment,1,1156.34,Semi-Furnished,1,1,15,10,18.95512,72.7975,2023-11-04
1550,Bandra West,135900.0,Apartment,2,975.99,,2,0,27,24,19.052407,72.822242,2023-02-12
1551,Goregaon East,109000.0,Apartment,2,922.21,Fully Furnished,2,1,17,6,19.17447,72.873763,2023-02-07
1552,Andheri West,53700.0,Apartment,1,480.78,Semi-Furnished,1,1,28,9,19.128193,72.829391,2023-03-13
1553,Andheri West,106000.0,Apartment,3,1062.45,,3,1,2,22,19.143635,72.827882,2023-12-20
1554,Juhu,156300.0,Apartment,2,1187.35,Unfurnished,2,0,35,4,19.100729,72.834786,2023-11-24
1555,Powai,92000.0,Apartment,2,916.22,Unfurnished,2,1,13,,19.11098,72.907006,2023-06-16
1556,Chembur,111300.0,Apartment,2,940.18,Fully Furnished,2,1,37,,19.051497,72.898177,2023-09-03
1557,Chembur,110900.0,Apartment,3,1268.69,Unfurnished,3,1,2,2,19.044696,72.898316,2023-05-29
1558,Goregaon East,71300.0,Apartment,2,870.57,Unfurnished,2,2,23,3,19.167566,72.87333,2023-02-11
1559,Lower Parel,190300.0,Apartment,2,1138.81,Fully Furnished,2,0,18,24,18.992292,72.827461,2023-09-09
1560,Bandra West,165500.0,Apartment,2,907.05,Fully Furnished,2,1,22,6,19.050323,72.825005,2023-11-17
1561,Chembur,141200.0,Apartment,3,1127.54,Fully Furnished,3,0,13,19,19.049889,72.907229,2023-01-09
1562,Bandra West,162100.0,Independent House,3,1219.79,Unfurnished,3,2,28,27,19.058991,72.835352,2023-05-03
1563,Lower Parel,291700.0,Apartment,5,1930.34,Semi-Furnished,5,1,20,21,18.990414,72.832607,2023-09-11
1564,Malabar Hill,276100.0,Apartment,4,1877.74,Unfurnished,3,1,5,12,18.953253,72.793377,2023-10-02
1565,Malabar Hill,204800.0,Apartment,1,995.77,Fully Furnished,1,0,23,14,18.944317,72.804573,2023-09-11
1566,Lower Parel,167900.0,Apartment,2,1133.0,Semi-Furnished,2,1,33,4,19.000729,72.830402,2023-07-29
1567,Worli,164700.0,Apartment,2,1085.42,Semi-Furnished,3,1,35,11,19.022894,72.813824,2023-06-13
1568,Bandra West,113100.0,Apartment,2,854.37,Unfurnished,2,0,12,4,19.067894,72.8293,2023-04-27
1569,Powai,163500.0,Apartment,3,1293.68,Fully Furnished,3,1,16,6,19.109799,72.896769,2023-06-29
1570,Powai,113000.0,Apartment,2,985.33,Semi-Furnished,3,0,14,2,19.112896,72.909676,2023-11-02
1571,Worli,245600.0,Apartment,3,1372.46,Fully Furnished,3,1,7,8,19.026775,72.809937,2023-05-21
1572,Borivali West,35800.0,Apartment,1,494.46,Unfurnished,1,0,23,6,19.22988,72.847638,2023-04-09
1573,Borivali West,38000.0,Apartment,1,499.09,Unfurnished,1,1,6,4,19.22568,72.84125,2023-06-05
1574,Worli,149100.0,Apartment,2,1137.59,Semi-Furnished,2,0,30,1,19.023817,72.819956,2023-03-13
1575,Juhu,197800.0,Apartment,2,1188.49,Fully Furnished,2,1,12,3,19.106342,72.819496,2023-12-02
1576,Chembur,66700.0,Apartment,2,792.76,Unfurnished,2,1,16,21,19.06102,72.895715,2023-09-10
1577,Bandra West,178100.0,Apartment,3,1217.56,Unfurnished,3,1,27,26,19.055208,72.824083,2023-04-21
1578,Malabar Hill,268600.0,Apartment,4,1954.65,Unfurnished,3,0,10,8,18.947325,72.80218,2023-06-02
1579,Powai,117200.0,Apartment,2,1002.72,Fully Furnished,2,1,25,8,19.113456,72.896486,2023-06-19
1580,Lower Parel,200800.0,Apartment,2,1127.91,Fully Furnished,2,1,40,9,18.998363,72.821336,2023-12-18
1581,Chembur,90300.0,Apartment,2,835.47,Semi-Furnished,2,0,30,22,19.060394,72.893773,2023-02-02
1582,Powai,101900.0,Apartment,2,1018.52,Semi-Furnished,2,1,40,8,19.125598,72.911737,2023-10-18
1583,Juhu,152900.0,Apartment,1,910.9,Fully Furnished,1,1,29,6,19.11231,72.83311,2023-11-01
1584,Andheri West,117700.0,Apartment,2,847.57,Fully Furnished,3,0,25,14,19.144041,72.832596,2023-01-18
1585,Lower Parel,187200.0,Apartment,2,1062.14,Fully Furnished,2,0,4,,18.993462,72.831995,2023-05-20
1586,Borivali West,40200.0,Apartment,1,471.92,Semi-Furnished,1,0,5,1,19.236227,72.840371,2023-01-25
1587,Worli,127300.0,Apartment,1,856.49,Fully Furnished,1,1,36,1,19.021705,72.820303,2023-10-09
1588,Andheri West,119700.0,Apartment,3,1105.89,Semi-Furnished,3,1,16,15,19.135878,72.822611,2023-12-26
1589,Goregaon East,,Apartment,2,788.33,Semi-Furnished,2,0,3,0,19.170211,72.87583,2023-02-21
1590,Bandra West,125300.0,Apartment,2,892.31,Semi-Furnished,2,1,39,2,19.051219,72.821703,2023-07-10
1591,Chembur,154700.0,Apartment,3,1214.63,Fully Furnished,3,1,10,12,19.045921,72.898056,2023-11-04
1592,Andheri West,53100.0,Apartment,1,524.53,Semi-Furnished,1,1,10,9,19.141598,72.825334,2023-07-25
1593,Juhu,166500.0,Apartment,2,1187.77,Semi-Furnished,2,1,34,29,19.101848,72.829406,2023-03-13
1594,Lower Parel,131200.0,Apartment,2,1045.5,Unfurnished,2,1,14,0,19.000883,72.831884,2023-08-02
1595,Powai,140100.0,Apartment,2,1042.05,Fully Furnished,2,1,27,12,19.113864,72.906773,2023-07-18
1596,Chembur,103500.0,Apartment,2,842.35,Fully Furnished,2,2,1,0,19.046757,72.904079,2023-11-25
1597,Andheri West,133400.0,Villa,3,1172.0,,3,2,8,23,19.130761,72.818988,2023-11-03
1598,Lower Parel,106500.0,Apartment,1,734.82,Fully Furnished,1,0,11,13,18.987584,72.83213,2023-10-02
1599,Goregaon East,86000.0,Apartment,2,821.5,Semi-Furnished,2,1,34,10,19.166886,72.868986,2023-10-25
1600,Bandra West,171800.0,Apartment,2,912.63,Fully Furnished,2,1,22,11,19.062858,72.839398,2023-10-01
1601,Bandra West,106800.0,Apartment,2,859.77,Unfurnished,2,1,16,19,19.069221,72.82683,2023-08-25
1602,Borivali West,85800.0,Apartment,2,862.19,Semi-Furnished,2,1,32,4,19.229311,72.847895,2023-04-19
1603,Chembur,83300.0,Apartment,2,923.11,Unfurnished,2,0,14,5,19.045971,72.903165,2023-06-28
1604,Powai,59700.0,Apartment,1,786.32,Unfurnished,2,0,31,4,19.113809,72.908041,2023-01-24
1605,Bandra West,109800.0,Apartment,1,564.2,Fully Furnished,1,1,22,30,19.061554,72.83122,2023-12-15
1606,Andheri West,66800.0,Apartment,1,578.44,Semi-Furnished,1,1,22,0,19.141095,72.824153,2023-12-25
1607,Andheri West,89800.0,Apartment,2,873.98,Unfurnished,3,1,7,5,19.140224,72.825603,2023-03-04
1608,Chembur,87200.0,Apartment,2,958.59,Semi-Furnished,2,0,21,3,19.054156,72.899926,2023-08-29
1609,Borivali West,109800.0,Apartment,3,1071.5,Semi-Furnished,3,1,35,3,19.238505,72.846326,2023-10-15
1610,Powai,155800.0,Apartment,3,1259.15,Fully Furnished,4,2,27,3,19.117009,72.914686,2023-11-15
1611,Juhu,125300.0,Apartment,1,931.06,Semi-Furnished,2,1,12,2,19.099381,72.828635,2023-05-19
1612,Worli,190700.0,Apartment,3,1345.51,Semi-Furnished,3,1,1,14,19.010264,72.821816,2023-05-18
1613,Malabar Hill,307500.0,Apartment,3,1560.8,Fully Furnished,3,1,24,15,18.94236,72.799717,2023-02-16
1614,Goregaon East,,Apartment,2,841.27,Semi-Furnished,2,0,32,9,19.163949,72.862898,2023-04-09
1615,Powai,128400.0,Apartment,2,1062.46,Fully Furnished,3,0,5,7,19.11993,72.899625,2023-06-13
1616,Chembur,80300.0,Apartment,2,837.95,,2,1,28,4,19.052945,72.891365,2023-04-29
1617,Lower Parel,136600.0,Apartment,1,801.51,Fully Furnished,1,1,15,8,18.985344,72.826693,2023-05-31
1618,Powai,129400.0,Apartment,2,922.76,Fully Furnished,2,1,16,9,19.115225,72.914051,2023-09-27
1619,Lower Parel,224500.0,Apartment,3,1359.48,Fully Furnished,3,1,12,15,18.99068,72.825001,2023-08-19
1620,Bandra West,149000.0,Apartment,2,971.75,Semi-Furnished,3,1,24,30,19.066913,72.824475,2023-11-20
1621,Goregaon East,130000.0,Apartment,3,1198.56,Fully Furnished,3,1,31,3,19.165061,72.856591,2023-10-09
1622,Chembur,135000.0,Apartment,3,1248.08,Semi-Furnished,4,2,40,12,19.051199,72.900278,2023-08-09
1623,Chembur,45000.0,Apartment,1,556.38,Unfurnished,1,1,28,17,19.043816,72.908767,2023-02-12
1624,Worli,188100.0,Apartment,3,1478.19,Unfurnished,3,1,23,12,19.017756,72.816704,2023-02-09
1625,Bandra West,113400.0,Apartment,2,863.76,Unfurnished,2,0,14,15,19.056153,72.837159,2023-09-22
1626,Lower Parel,153800.0,Apartment,2,1036.72,Semi-Furnished,2,1,15,3,19.003325,72.834108,2023-05-16
1627,Goregaon East,59500.0,Apartment,1,520.44,Fully Furnished,1,1,3,,19.165378,72.873926,2023-05-04
1628,Juhu,179600.0,Apartment,2,1133.13,Semi-Furnished,2,1,16,4,19.114863,72.829723,2023-10-14
1629,Worli,183200.0,Apartment,2,1171.86,Fully Furnished,2,1,29,15,19.01987,72.806631,2023-11-09
1630,Lower Parel,115900.0,Independent House,2,1010.22,Unfurnished,2,1,25,3,18.986332,72.822086,2023-03-17
1631,Goregaon East,64100.0,Apartment,1,534.94,Fully Furnished,1,1,16,1,19.159047,72.865295,2023-04-11
1632,Goregaon East,41800.0,Apartment,1,548.14,Unfurnished,2,1,20,11,19.16287,72.859218,2023-12-12
1633,Worli,272700.0,Apartment,4,1675.39,Semi-Furnished,4,2,39,,19.019166,72.820283,2023-07-11
1634,Worli,297100.0,Apartment,4,1693.16,Fully Furnished,3,1,17,9,19.012528,72.811903,2023-09-01
1635,Powai,76800.0,Apartment,1,676.45,Fully Furnished,1,0,6,11,19.108788,72.907767,2023-04-17
1636,Bandra West,142700.0,Apartment,2,973.5,Semi-Furnished,2,1,33,,19.060107,72.838672,2023-05-06
1637,Borivali West,70100.0,Villa,2,801.65,Unfurnished,3,0,27,6,19.236034,72.834836,2023-01-07
1638,Juhu,136900.0,Apartment,1,899.87,Semi-Furnished,2,1,24,7,19.108854,72.831012,2023-09-14
1639,Borivali West,168400.0,Apartment,5,1788.7,Semi-Furnished,4,1,18,12,19.227301,72.83596,2023-08-18
1640,Goregaon East,85100.0,Apartment,2,841.41,,2,1,25,8,19.157263,72.864582,2023-12-31
1641,Chembur,80700.0,Apartment,2,810.19,Semi-Furnished,2,1,1,8,19.059307,72.895811,2023-05-27
1642,Juhu,208500.0,Independent House,2,1157.05,Fully Furnished,2,0,6,4,19.114852,72.820564,2023-08-19
1643,Chembur,137000.0,Apartment,3,1191.29,Fully Furnished,3,1,9,9,19.0608,72.904426,2023-01-09
1644,Powai,144200.0,Apartment,4,1513.79,Unfurnished,4,1,27,30,19.10951,72.897803,2023-06-04
1645,Worli,278100.0,Apartment,4,1648.08,Fully Furnished,3,0,27,2,19.025613,72.822116,2023-11-15
1646,Borivali West,92800.0,Apartment,2,757.35,Fully Furnished,2,1,37,27,19.237133,72.853523,2023-02-08
1647,Malabar Hill,299400.0,Apartment,4,1926.37,Unfurnished,3,1,40,,18.944407,72.79565,2023-10-28
1648,Chembur,47900.0,Apartment,1,602.32,Unfurnished,2,0,17,3,19.048435,72.89264,2023-03-30
1649,Chembur,119200.0,Apartment,3,1198.2,Semi-Furnished,3,1,7,7,19.048104,72.909303,2023-04-09
1650,Lower Parel,203900.0,Apartment,3,1350.37,Semi-Furnished,3,1,5,2,18.985505,72.827019,2023-06-01
1651,Andheri West,77700.0,Studio,1,571.56,Semi-Furnished,1,1,21,13,19.141286,72.823809,2023-05-02
1652,Lower Parel,122700.0,Apartment,1,803.25,Fully Furnished,1,1,39,2,19.003999,72.836547,2023-02-12
1653,Andheri West,53500.0,Apartment,1,560.42,Unfurnished,1,1,2,0,19.142301,72.82017,2023-03-10
1654,Malabar Hill,208000.0,Apartment,1,1027.71,Fully Furnished,2,1,26,12,18.94061,72.788871,2023-03-16
1655,Lower Parel,178400.0,Apartment,2,1041.36,Fully Furnished,2,0,23,3,18.999369,72.821358,2023-01-26
1656,Bandra West,78000.0,Apartment,1,554.45,Semi-Furnished,1,1,17,23,19.051367,72.826194,2023-06-29
1657,Bandra West,161400.0,Apartment,2,903.41,Fully Furnished,3,2,34,6,19.05307,72.838206,2023-01-15
1658,Powai,63200.0,Apartment,1,658.38,Semi-Furnished,1,1,39,6,19.120291,72.915441,2023-02-12
1659,Chembur,110500.0,Apartment,2,962.72,Fully Furnished,3,1,23,8,19.060735,72.898356,2023-09-18
1660,Goregaon East,76700.0,Apartment,2,886.04,Unfurnished,2,1,4,30,19.172294,72.876346,2023-01-12
1661,Worli,166900.0,Apartment,2,1071.81,Fully Furnished,2,2,6,4,19.009325,72.821021,2023-06-18
1662,Lower Parel,203900.0,Apartment,3,1366.83,Semi-Furnished,3,2,37,10,18.994492,72.829467,2023-05-13
1663,Bandra West,232400.0,Apartment,4,1420.59,Semi-Furnished,4,2,27,3,19.052122,72.834103,2023-04-24
1664,Juhu,137300.0,Apartment,1,935.67,Semi-Furnished,1,1,27,12,19.104851,72.829571,2023-03-27
1665,S. Mumbai - Worli,204500.0,Independent House,2,1314.14,Semi-Furnished,3,1,8,4,18.957966,72.795285,2023-08-12
1666,Goregaon East,69900.0,Apartment,2,922.71,Unfurnished,2,1,40,21,19.169281,72.867991,2023-05-18
1667,Chembur,108600.0,Apartment,2,911.64,,2,1,22,8,19.052949,72.898647,2023-05-21
1668,Lower Parel,105300.0,Apartment,1,738.08,Semi-Furnished,1,2,11,13,18.987656,72.830542,2023-11-30
1669,Juhu,179900.0,Apartment,2,1191.55,Semi-Furnished,2,1,28,7,19.102252,72.830753,2023-08-07
1670,Bandra West,171400.0,Apartment,2,892.42,Fully Furnished,2,1,3,11,19.068039,72.822392,2023-03-30
1671,Malabar Hill,151900.0,Apartment,1,998.3,Semi-Furnished,1,1,36,15,18.953883,72.804098,2023-12-02
1672,Malabar Hill,417100.0,Apartment,4,1921.76,Fully Furnished,3,1,22,1,18.947983,72.804735,2023-09-27
1673,Juhu,,Apartment,1,894.87,Fully Furnished,1,0,26,15,19.11016,72.819056,2023-07-26
1674,Powai,66800.0,Independent House,1,720.15,Unfurnished,1,1,7,,19.116489,72.908531,2023-07-29
1675,Powai,87600.0,Studio,1,821.11,Unfurnished,2,2,14,4,19.125095,72.90698,2023-06-24
1676,Andheri West,170000.0,Apartment,4,1390.25,Semi-Furnished,3,1,18,12,19.142924,72.834303,2023-01-12
1677,Andheri West,92300.0,Independent House,2,842.25,,2,1,24,8,19.142169,72.82978,2023-02-19
1678,Powai,97600.0,Apartment,2,959.74,,2,1,16,11,19.116287,72.903585,2023-08-16
1679,Borivali West,83800.0,Apartment,2,927.66,Semi-Furnished,2,1,14,19,19.231945,72.836137,2023-08-30
1680,Goregaon East,126600.0,Apartment,3,1209.14,Semi-Furnished,3,1,4,3,19.15881,72.868375,2023-06-27
1681,S. Mumbai - Worli,159700.0,Apartment,1,1016.55,Fully Furnished,1,1,15,2,19.102748,72.827031,2023-12-04
1682,Powai,73700.0,Apartment,1,683.15,Semi-Furnished,1,1,32,7,19.116952,72.908391,2023-07-11
1683,Borivali West,38600.0,Studio,1,284.0,Fully Furnished,1,1,38,13,19.237359,72.836054,2023-07-05
1684,Goregaon East,77800.0,Apartment,2,927.31,Unfurnished,2,0,13,3,19.160639,72.856538,2023-11-23
1685,Bandra West,106900.0,Studio,1,557.43,Semi-Furnished,1,0,32,15,19.054511,72.825317,2023-12-22
1686,Malabar Hill,213500.0,Apartment,2,1259.5,Semi-Furnished,2,0,26,0,18.942015,72.786557,2023-07-18
1687,Borivali West,81900.0,Apartment,2,874.94,Semi-Furnished,2,1,37,5,19.230748,72.852983,2023-12-25
1688,Borivali West,83600.0,Apartment,2,888.72,Semi-Furnished,2,1,16,14,19.226836,72.8391,2023-08-16
1689,Worli,206900.0,Apartment,3,1403.71,Semi-Furnished,3,1,3,3,19.012302,72.808307,2023-04-20
1690,Worli,153900.0,Apartment,1,857.19,Fully Furnished,1,0,30,,19.015544,72.823621,2023-04-27
1691,Worli,167900.0,Apartment,2,1094.11,Semi-Furnished,3,2,18,6,19.00712,72.807631,2023-12-08
1692,Juhu,159700.0,Apartment,2,1143.49,Unfurnished,2,0,2,8,19.105802,72.834239,2023-12-09
1693,Juhu,254700.0,Apartment,3,1495.61,Fully Furnished,3,1,25,3,19.116638,72.832235,2023-03-07
1694,Powai,56900.0,Apartment,1,724.24,Unfurnished,1,0,32,25,19.1238,72.913303,2023-06-20
1695,Goregaon East,136600.0,Apartment,4,1414.56,Semi-Furnished,3,1,14,26,19.156788,72.858451,2023-02-09
1696,Malabar Hill,258500.0,Apartment,2,1287.87,Fully Furnished,2,1,2,5,18.952869,72.787005,2023-11-28
1697,Chembur,51000.0,Apartment,1,594.84,Semi-Furnished,1,1,32,10,19.047421,72.899945,2023-02-08
1698,Worli,154200.0,Apartment,1,875.62,Fully Furnished,1,0,25,9,19.025303,72.815974,2023-07-22
1699,Juhu,123400.0,Apartment,1,952.69,Semi-Furnished,1,1,30,8,19.110584,72.830081,2023-08-04
1700,Andheri West,132900.0,Apartment,2,926.29,Fully Furnished,2,1,36,10,19.127194,72.835421,2023-04-24
1701,Powai,110900.0,Apartment,2,963.13,Semi-Furnished,2,0,40,12,19.119785,72.896409,2023-04-29
1702,Lower Parel,196300.0,Apartment,3,1401.83,Semi-Furnished,3,0,9,27,18.987768,72.819583,2023-01-28
1703,Borivali West,63900.0,Apartment,2,714.33,Semi-Furnished,2,0,18,21,19.231552,72.842059,2023-05-08
1704,Powai,165500.0,Apartment,3,1334.58,Fully Furnished,3,1,2,14,19.110431,72.912861,2023-01-06
1705,Chembur,52600.0,Apartment,1,575.74,Semi-Furnished,1,1,40,,19.059226,72.8991,2023-06-17
1706,Borivali West,153100.0,Apartment,4,1414.08,Fully Furnished,3,0,6,30,19.223691,72.835836,2023-10-06
1707,Borivali West,68800.0,Apartment,2,786.33,Semi-Furnished,3,1,39,23,19.232785,72.837945,2023-09-06
1708,Borivali West,91400.0,Apartment,2,859.02,Fully Furnished,2,2,25,17,19.234015,72.846724,2023-04-29
1709,Chembur,80900.0,Apartment,2,836.49,Semi-Furnished,2,1,30,3,19.048403,72.908335,2023-04-25
1710,Chembur,100900.0,Apartment,3,1158.51,Unfurnished,3,1,16,0,19.057168,72.903951,2023-08-04
1711,Juhu,94600.0,Studio,1,697.5,Unfurnished,1,1,20,10,19.111518,72.835964,2023-06-05
1712,Worli,194200.0,Apartment,3,1455.3,Unfurnished,4,0,4,,19.023253,72.820962,2023-07-04
1713,Lower Parel,192000.0,Apartment,3,1399.18,Semi-Furnished,4,1,20,11,18.994527,72.828435,2023-06-24
1714,Juhu,159600.0,Apartment,1,838.97,Fully Furnished,2,1,14,6,19.108068,72.823277,2023-07-14
1715,Goregaon East,58000.0,Apartment,1,539.32,Fully Furnished,2,1,27,0,19.164127,72.868996,2023-10-08
1716,Juhu,277300.0,Apartment,3,1477.65,Fully Furnished,3,1,27,12,19.098895,72.832006,2023-08-16
1717,Bandra West,228700.0,Apartment,4,1537.01,Semi-Furnished,3,0,3,14,19.052879,72.823352,2023-04-14
1718,Worli,125400.0,Independent House,1,726.78,Fully Furnished,1,1,2,15,19.014877,72.813476,2023-01-02
1719,Powai,80500.0,Apartment,1,746.84,Fully Furnished,1,0,22,27,19.12483,72.901298,2023-07-15
1720,Malabar Hill,212700.0,Apartment,3,1587.42,Unfurnished,3,0,38,5,18.959262,72.80309,2023-06-29
1721,Malabar Hill,235300.0,Apartment,3,1674.1,Unfurnished,4,1,2,29,18.952751,72.793933,2023-09-29
1722,Goregaon East,66000.0,Apartment,1,562.36,Fully Furnished,1,1,31,25,19.162626,72.864794,2023-10-14
1723,Worli,229000.0,Apartment,4,1681.25,Semi-Furnished,3,1,34,9,19.023011,72.817948,2023-03-22
1724,Goregaon East,51600.0,Apartment,1,518.68,Fully Furnished,1,1,16,8,19.154988,72.858072,2023-01-03
1725,Bandra West,79400.0,Apartment,1,568.38,Unfurnished,1,0,1,0,19.057567,72.830097,2023-02-04
1726,Chembur,63700.0,Apartment,1,624.51,Fully Furnished,1,1,21,5,19.055811,72.898446,2023-12-15
1727,Lower Parel,107100.0,Apartment,1,832.27,Semi-Furnished,2,1,35,9,18.988135,72.822958,2023-09-10
1728,Malabar Hill,141700.0,Apartment,1,965.52,Semi-Furnished,2,1,39,9,18.95063,72.795003,2023-12-06
1729,Andheri West,118700.0,Apartment,2,901.37,Fully Furnished,2,1,31,8,19.128914,72.820083,2023-10-20
1730,Malabar Hill,164300.0,Apartment,1,975.8,Semi-Furnished,2,1,1,26,18.946809,72.788231,2023-10-27
1731,Andheri West,108000.0,Apartment,2,840.92,Fully Furnished,2,1,14,4,19.144381,72.827033,2023-01-10
1732,Juhu,105900.0,Studio,1,736.52,Unfurnished,1,1,16,12,19.107843,72.827208,2023-02-10
1733,Andheri West,40000.0,Studio,1,356.46,Unfurnished,1,0,28,5,19.130125,72.823814,2023-06-02
1734,Borivali West,99700.0,Apartment,3,1052.68,Semi-Furnished,4,1,8,12,19.236131,72.847052,2023-09-23
1735,Powai,98500.0,Apartment,2,1004.28,Unfurnished,2,1,9,25,19.108211,72.896997,2023-11-17
1736,Lower Parel,97400.0,Apartment,1,713.26,Semi-Furnished,1,1,26,8,18.989716,72.833838,2023-01-17
1737,Worli,96600.0,Apartment,1,792.57,Unfurnished,2,2,22,1,19.010587,72.810246,2023-08-24
1738,Lower Parel,262300.0,Apartment,4,1729.65,Semi-Furnished,3,1,5,18,19.004878,72.830416,2023-04-22
1739,Lower Parel,188300.0,Apartment,2,1092.07,Fully Furnished,2,1,21,12,19.001245,72.819848,2023-09-02
1740,Borivali West,43200.0,Apartment,1,512.56,Semi-Furnished,1,1,16,3,19.230055,72.845593,2023-11-06
1741,Bandra West,148700.0,Apartment,2,875.62,Semi-Furnished,2,1,32,1,19.068022,72.823021,2024-01-01
1742,Worli,100900.0,Apartment,1,760.16,Semi-Furnished,1,1,24,15,19.020578,72.814605,2023-04-29
1743,Bandra West,73800.0,Apartment,1,598.12,Unfurnished,1,1,12,13,19.054562,72.835463,2023-04-12
1744,Malabar Hill,191000.0,Apartment,1,1086.17,Fully Furnished,1,1,14,8,18.943051,72.800163,2023-04-02
1745,Lower Parel,90700.0,Apartment,1,712.68,Semi-Furnished,1,0,3,,18.991833,72.834577,2023-03-09
1746,Juhu,241900.0,Apartment,3,1456.0,Semi-Furnished,4,2,18,5,19.111002,72.835226,2023-12-18
1747,Goregaon East,92600.0,Apartment,2,768.13,,2,1,33,13,19.171046,72.871155,2023-05-08
1748,Borivali West,165200.0,Apartment,4,1396.78,Fully Furnished,4,2,5,13,19.225959,72.853088,2023-06-10
1749,Goregaon East,96400.0,Apartment,2,932.79,Fully Furnished,2,0,28,18,19.172052,72.869643,2023-12-09
1750,Goregaon East,53900.0,Apartment,1,620.78,Semi-Furnished,1,0,10,11,19.167953,72.864901,2023-07-03
1751,Juhu,144400.0,Apartment,2,1241.74,Unfurnished,2,2,3,5,19.112806,72.824652,2023-05-26
1752,Andheri West,142100.0,Apartment,3,1118.08,Semi-Furnished,3,0,39,6,19.128592,72.836465,2023-12-03
1753,Malabar Hill,210200.0,Apartment,2,1233.11,Semi-Furnished,2,1,23,,18.951824,72.791681,2023-12-05
1754,Goregaon East,117100.0,Apartment,3,1179.81,,3,2,32,6,19.167975,72.873796,2023-12-11
1755,Juhu,162800.0,Apartment,1,922.12,Fully Furnished,1,1,2,9,19.112705,72.82798,2023-09-24
1756,Chembur,93100.0,Apartment,2,873.11,Semi-Furnished,2,1,17,13,19.052737,72.903964,2023-07-14
1757,Juhu,209600.0,Apartment,2,1186.1,Fully Furnished,2,1,3,15,19.102479,72.83131,2023-06-05
1758,Andheri W,173400.0,Apartment,1,955.11,Fully Furnished,1,0,34,12,18.95407,72.794642,2023-08-29
1759,Worli,105400.0,Apartment,1,735.18,Semi-Furnished,1,0,27,11,19.023942,72.809472,2023-01-07
1760,Bandra West,,Apartment,1,629.05,Fully Furnished,1,1,38,14,19.067968,72.836359,2023-10-28
1761,Chembur,110100.0,Apartment,3,1134.76,Semi-Furnished,3,0,14,9,19.046595,72.902925,2023-09-27
1762,Bandra West,112500.0,Apartment,1,618.72,Fully Furnished,2,2,32,10,19.057856,72.839307,2023-11-26
1763,Goregaon East,125700.0,Apartment,3,1078.99,Fully Furnished,3,1,11,11,19.155714,72.859819,2023-07-26
1764,Worli,145000.0,Apartment,1,882.83,Fully Furnished,1,1,7,11,19.023421,72.808646,2023-01-23
1765,Malabar Hill,313600.0,Apartment,3,1661.34,Fully Furnished,3,1,3,5,18.942542,72.795544,2023-10-24
1766,Lower Parel,226200.0,Apartment,3,1304.74,Fully Furnished,3,0,9,12,18.991355,72.821306,2023-05-25
1767,Powai,66900.0,Apartment,1,696.29,Semi-Furnished,2,0,5,13,19.112127,72.897473,2023-01-22
1768,Andheri West,161000.0,Apartment,4,1525.58,Semi-Furnished,4,2,8,,19.12679,72.826784,2023-02-13
1769,Andheri West,119400.0,Apartment,3,1148.11,Unfurnished,4,1,21,18,19.137504,72.831082,2023-07-29
1770,Worli,145100.0,Apartment,1,802.32,Fully Furnished,1,1,8,4,19.020848,72.811229,2023-02-13
1771,S. Mumbai - Worli,95300.0,Apartment,2,745.69,Fully Furnished,2,1,1,4,19.227865,72.840018,2023-07-17
1772,Malabar Hill,180400.0,Apartment,2,1387.15,Unfurnished,2,2,18,18,18.953228,72.794448,2023-06-17
1773,Lower Parel,163300.0,Apartment,3,1343.02,Unfurnished,4,0,40,25,18.997385,72.822793,2023-01-02
1774,Chembur,43600.0,Studio,1,359.29,Fully Furnished,1,1,20,6,19.057382,72.898518,2023-08-07
1775,Andheri W,216500.0,Apartment,4,1660.63,Unfurnished,3,0,3,6,19.01504,72.808492,2023-06-01
1776,bandra west,67300.0,Apartment,1,616.31,Fully Furnished,1,1,30,10,19.230478,72.844477,2023-11-22
1777,Lower Parel,165200.0,Apartment,2,993.76,Fully Furnished,3,0,4,13,18.998377,72.824464,2023-04-24
1778,Lower Parel,145300.0,Independent House,2,1063.09,Semi-Furnished,2,2,5,7,19.005154,72.823761,2023-01-27
1779,Bandra West,76100.0,Apartment,1,575.14,Unfurnished,1,1,28,3,19.055661,72.830793,2023-09-23
1780,Goregaon East,158700.0,Apartment,5,1736.18,Semi-Furnished,4,1,2,1,19.160822,72.870395,2023-01-29
1781,Chembur,82500.0,Apartment,2,843.03,Semi-Furnished,2,2,40,3,19.059581,72.904767,2023-10-18
1782,Powai,85600.0,Independent House,1,689.91,Fully Furnished,1,1,23,12,19.110669,72.905583,2023-11-15
1783,Goregaon East,62900.0,Apartment,2,846.94,Unfurnished,2,1,8,15,19.161906,72.867684,2023-01-04
1784,Andheri West,114100.0,Apartment,2,813.73,Fully Furnished,2,1,22,27,19.144989,72.82512,2023-04-07
1785,Lower Parel,141400.0,Apartment,2,1078.64,Semi-Furnished,2,2,21,16,18.990311,72.820846,2023-05-02
1786,Andheri West,111300.0,Apartment,3,1143.18,Unfurnished,3,0,4,25,19.126442,72.831036,2023-01-28
1787,Andheri West,126800.0,Apartment,2,882.88,Fully Furnished,2,1,13,4,19.138836,72.819338,2023-11-16
1788,Andheri West,138500.0,Apartment,3,1064.32,Fully Furnished,3,1,20,12,19.140032,72.835493,2023-12-15
1789,Malabar Hill,359800.0,Independent House,3,1619.99,Fully Furnished,3,0,8,3,18.959389,72.799493,2023-07-05
1790,Andheri West,78700.0,Studio,1,564.9,Semi-Furnished,2,0,14,27,19.135914,72.818963,2023-03-04
1791,Worli,198200.0,Apartment,3,1317.45,Semi-Furnished,3,0,33,11,19.023852,72.815291,2023-07-31
1792,Bandra West,197800.0,Apartment,3,1219.27,Semi-Furnished,3,1,22,18,19.065701,72.83773,2023-07-25
1793,Powai,84800.0,Apartment,2,951.16,Unfurnished,2,1,11,18,19.112763,72.909676,2023-05-12
1794,Lower Parel,189700.0,Apartment,3,1423.58,Semi-Furnished,3,1,8,7,18.993822,72.818686,2023-01-24
1795,Malabar Hill,192600.0,Apartment,1,946.79,Fully Furnished,1,1,4,27,18.949578,72.797195,2023-09-29
1796,Powai,183300.0,Apartment,4,1580.12,Semi-Furnished,4,2,30,1,19.115505,72.89645,2023-07-23
1797,Powai,93300.0,Apartment,1,752.21,Fully Furnished,1,1,38,13,19.111511,72.912612,2023-10-20
1798,Juhu,232100.0,Apartment,3,1456.84,,3,1,18,5,19.116764,72.825421,2023-07-20
1799,Worli,198500.0,Apartment,3,1463.42,Semi-Furnished,4,0,11,14,19.007513,72.806888,2023-04-17
1800,Bandra West,134100.0,Independent House,2,914.65,Semi-Furnished,2,0,17,14,19.065587,72.820286,2023-03-29
1801,Juhu,181200.0,Apartment,2,1216.7,Semi-Furnished,2,2,19,,19.098781,72.825284,2023-01-04
1802,Bandra West,156300.0,Apartment,2,802.21,Fully Furnished,2,0,40,28,19.050924,72.831994,2023-06-17
1803,Borivali West,82300.0,Apartment,2,772.38,Fully Furnished,2,1,40,2,19.236342,72.83826,2023-08-08
1804,Bandra West,122600.0,Apartment,1,665.99,Fully Furnished,1,1,34,27,19.052447,72.835885,2023-12-16
1805,Andheri W,90900.0,Apartment,1,771.89,Unfurnished,1,0,36,17,18.987779,72.835005,2023-04-24
1806,Goregaon East,93500.0,Apartment,2,820.57,Fully Furnished,2,0,24,17,19.162419,72.868106,2023-08-12
1807,Bandra West,96000.0,Apartment,1,586.28,Semi-Furnished,1,1,7,3,19.052999,72.819572,2023-12-21
1808,Powai,,Apartment,1,803.09,Semi-Furnished,2,1,37,12,19.114198,72.899249,2023-03-04
1809,Borivali West,77100.0,Apartment,2,785.97,Semi-Furnished,2,0,33,9,19.225797,72.83952,2023-05-01
1810,Bandra West,183900.0,Studio,1,894.12,Fully Furnished,1,1,13,11,19.065126,72.835841,2023-06-18
1811,Borivali West,70400.0,Apartment,2,826.87,Semi-Furnished,2,1,15,13,19.219197,72.85227,2023-05-02
1812,Borivali West,101200.0,Apartment,3,1116.49,Semi-Furnished,3,1,28,29,19.22616,72.84815,2023-04-23
1813,Lower Parel,162900.0,Apartment,2,1101.57,Semi-Furnished,2,1,21,13,18.998912,72.833905,2023-02-24
1814,Chembur,106500.0,Apartment,3,1177.76,Semi-Furnished,4,1,17,17,19.061778,72.906477,2023-10-19
1815,Malabar Hill,186200.0,Apartment,2,1320.87,Unfurnished,2,2,12,9,18.941216,72.803308,2023-07-12
1816,Worli,119200.0,Apartment,1,799.32,Semi-Furnished,1,1,40,9,19.014708,72.808717,2023-05-24
1817,Andheri West,126800.0,Apartment,3,1114.39,Semi-Furnished,4,1,9,26,19.145001,72.835947,2023-07-21
1818,Worli,107700.0,Apartment,1,799.49,Semi-Furnished,2,0,24,14,19.008998,72.822059,2023-11-30
1819,Lower Parel,233900.0,Apartment,3,1337.75,Fully Furnished,4,1,1,9,19.002293,72.837053,2023-11-10
1820,Lower Parel,211100.0,Apartment,3,1319.28,Fully Furnished,3,0,3,25,18.988009,72.831005,2023-08-07
1821,Borivali West,39000.0,Apartment,1,509.96,Unfurnished,1,1,17,11,19.229114,72.853196,2023-11-09
1822,Chembur,95500.0,Apartment,3,1151.14,Unfurnished,3,1,29,9,19.061924,72.900543,2023-12-07
1823,Goregaon East,62600.0,Studio,1,530.55,Semi-Furnished,1,2,14,,19.163914,72.864259,2023-08-27
1824,Worli,,Apartment,2,1005.1,Semi-Furnished,2,0,13,1,19.015076,72.818357,2023-04-07
1825,Borivali West,51700.0,Apartment,1,477.53,Fully Furnished,1,2,9,5,19.232687,72.848319,2023-06-10
1826,Andheri West,73100.0,Apartment,1,545.05,Fully Furnished,2,0,31,7,19.138003,72.831907,2023-01-18
1827,Borivali West,64600.0,Apartment,2,842.52,Unfurnished,2,1,31,7,19.230072,72.850086,2023-07-04
1828,Goregaon East,39300.0,Apartment,1,459.17,Semi-Furnished,1,1,31,6,19.156667,72.859576,2023-07-27
1829,Powai,231700.0,Apartment,4,1604.57,Fully Furnished,3,0,36,11,19.114994,72.912226,2023-07-09
1830,Borivali West,95800.0,Apartment,2,919.73,Fully Furnished,2,1,35,10,19.228563,72.851257,2023-03-12
1831,Worli,,Apartment,2,1095.93,Fully Furnished,2,1,16,15,19.025861,72.815082,2023-03-14
1832,Chembur,54700.0,Apartment,1,606.67,Semi-Furnished,2,1,26,13,19.042675,72.903926,2023-08-25
1833,Borivali West,91000.0,Apartment,2,888.01,Fully Furnished,2,0,28,4,19.233362,72.845125,2023-04-04
1834,Worli,148200.0,Apartment,2,1115.51,Semi-Furnished,3,1,11,12,19.023902,72.811087,2023-01-02
1835,Juhu,94800.0,Apartment,1,818.57,Unfurnished,1,0,15,13,19.103811,72.828709,2023-01-28
1836,Borivali West,71600.0,Apartment,2,842.48,Unfurnished,3,0,13,8,19.238,72.853717,2023-01-14
1837,Powai,117500.0,Apartment,2,1049.56,Semi-Furnished,2,1,21,10,19.123969,72.912438,2023-08-02
1838,Goregaon East,140300.0,Apartment,3,1135.24,Fully Furnished,4,1,24,9,19.164496,72.874623,2023-08-29
1839,Lower Parel,93700.0,Apartment,1,695.05,Semi-Furnished,1,1,4,18,18.994375,72.836626,2023-11-07
1840,Malabar Hill,203200.0,Apartment,2,1362.82,,3,1,5,5,18.943918,72.794854,2023-06-24
1841,Malabar Hill,314900.0,Apartment,4,1800.98,Semi-Furnished,3,0,26,23,18.95272,72.787887,2023-07-08
1842,Chembur,79900.0,Apartment,2,916.96,Unfurnished,2,1,16,17,19.053736,72.891212,2023-02-13
1843,Chembur,73200.0,Apartment,2,981.24,Unfurnished,2,0,33,23,19.042988,72.898847,2023-03-29
1844,Andheri West,174300.0,Apartment,3,1206.06,Fully Furnished,3,1,24,13,19.14454,72.825946,2023-11-28
1845,Bandra West,137800.0,Apartment,2,1013.34,Unfurnished,2,1,7,14,19.057044,72.822472,2023-01-07
1846,Lower Parel,146000.0,Apartment,2,1057.53,Semi-Furnished,2,0,1,25,19.001111,72.827667,2023-11-16
1847,Juhu,206000.0,Apartment,2,1229.4,Fully Furnished,2,1,29,,19.105172,72.829864,2023-03-19
1848,Chembur,,Apartment,3,1150.97,Fully Furnished,3,1,14,16,19.044058,72.907461,2023-07-07
1849,Worli,97500.0,Apartment,1,817.87,Unfurnished,1,1,26,15,19.017571,72.821471,2023-07-14
1850,Goregaon East,97900.0,Apartment,3,989.54,Semi-Furnished,4,1,39,6,19.164924,72.858077,2023-07-20
1851,Lower Parel,155100.0,Villa,2,1170.95,,2,0,3,5,18.997644,72.829357,2023-10-17
1852,Andheri W,107500.0,Apartment,1,802.87,Semi-Furnished,1,0,8,6,19.024132,72.825843,2023-12-21
1853,Lower Parel,115400.0,Apartment,2,984.7,Unfurnished,2,0,11,21,18.99862,72.819246,2023-09-14
1854,Juhu,233400.0,Independent House,3,1485.94,Semi-Furnished,4,0,10,1,19.110754,72.818985,2023-09-11
1855,Borivali West,,Apartment,3,1135.93,Semi-Furnished,4,1,36,18,19.22821,72.847762,2023-05-25
1856,Chembur,140800.0,Apartment,3,1172.95,Fully Furnished,3,1,7,3,19.043812,72.898096,2023-04-03
1857,Juhu,118900.0,Apartment,1,970.6,Unfurnished,1,1,28,25,19.1066,72.836163,2023-11-13
1858,Malabar Hill,260700.0,Apartment,2,1283.54,Fully Furnished,2,0,5,1,18.954441,72.796625,2023-03-11
1859,Worli,173200.0,Apartment,2,1124.07,Semi-Furnished,2,1,5,5,19.018956,72.808818,2023-09-22
1860,Lower Parel,-50000,Apartment,3,1363.24,Fully Furnished,3,1,27,7,18.999405,72.832225,2023-03-11
1861,Worli,202600.0,Apartment,3,1510.11,Semi-Furnished,3,0,2,9,19.01589,72.825076,2023-03-08
1862,Worli,79100.0,Apartment,1,718.27,Unfurnished,2,1,32,14,19.016031,72.824087,2023-06-02
1863,Goregaon East,66900.0,Apartment,1,590.9,Fully Furnished,1,0,35,,19.172723,72.864824,2023-01-25
1864,Borivali West,65300.0,Apartment,2,744.22,Semi-Furnished,2,1,21,10,19.23589,72.847713,2023-11-18
1865,Powai,115100.0,Apartment,2,1053.83,Semi-Furnished,2,1,21,10,19.122824,72.899512,2023-09-27
1866,Malabar Hill,201200.0,Studio,1,961.84,Semi-Furnished,1,0,16,9,18.95111,72.803093,2023-10-04
1867,Andheri West,114500.0,Apartment,3,1168.57,Unfurnished,3,1,25,,19.137203,72.820424,2023-09-04
1868,Malabar Hill,5000000,Apartment,3,1613.84,Semi-Furnished,3,0,16,24,18.94453,72.790373,2023-10-15
1869,Andheri West,141200.0,Apartment,4,1515.04,Unfurnished,3,1,24,,19.128881,72.833784,2023-11-29
1870,Juhu,210000.0,Apartment,2,1239.98,Fully Furnished,2,1,31,6,19.110884,72.818831,2023-11-22
1871,Malabar Hill,250100.0,Independent House,2,1281.23,Fully Furnished,2,0,10,,18.954529,72.799007,2023-11-06
1872,Worli,206300.0,Studio,1,1215.82,Semi-Furnished,1,0,31,29,19.015327,72.822287,2023-10-26
1873,Lower Parel,158300.0,Apartment,2,1055.04,Semi-Furnished,3,1,1,10,18.993925,72.833122,2023-12-10
1874,Worli,104900.0,Studio,1,512.22,Fully Furnished,1,1,35,3,19.011683,72.818899,2023-03-24
1875,Borivali West,72200.0,Villa,2,827.9,Semi-Furnished,2,1,36,4,19.223308,72.853204,2023-01-25
1876,Chembur,89900.0,Independent House,2,902.33,Semi-Furnished,3,1,35,9,19.060022,72.900462,2023-06-14
1877,Andheri West,,Apartment,1,591.97,Fully Furnished,1,1,13,2,19.13612,72.82793,2023-08-19
1878,Juhu,118700.0,Apartment,1,844.57,Semi-Furnished,1,1,38,21,19.109732,72.823717,2023-06-25
1879,Borivali West,52800.0,Apartment,1,558.26,Semi-Furnished,1,1,6,7,19.236751,72.845283,2023-05-27
1880,Chembur,79000.0,Apartment,2,863.15,Semi-Furnished,2,1,4,26,19.050087,72.895767,2023-02-08
1881,Andheri West,124500.0,Apartment,2,884.6,Fully Furnished,2,0,10,9,19.138914,72.833001,2023-08-31
1882,Lower Parel,158700.0,Apartment,2,1033.59,Fully Furnished,2,1,24,,19.000057,72.82389,2023-03-28
1883,Lower Parel,69800.0,Studio,1,428.11,Semi-Furnished,1,1,2,4,19.003324,72.825434,2023-10-10
1884,Powai,115700.0,Apartment,2,954.15,Fully Furnished,3,1,17,28,19.114098,72.904133,2023-03-20
1885,Andheri West,111500.0,Apartment,2,898.96,Fully Furnished,2,2,15,,19.138317,72.831412,2023-04-20
1886,Goregaon East,98600.0,Apartment,2,828.58,Fully Furnished,2,1,8,8,19.168755,72.86655,2023-12-23
1887,Worli,136100.0,Apartment,1,849.88,Fully Furnished,1,1,36,4,19.01294,72.813809,2023-07-31
1888,Worli,133500.0,Apartment,1,776.34,Fully Furnished,1,1,13,12,19.015745,72.809632,2023-02-18
1889,Goregaon East,61800.0,Studio,1,661.03,Unfurnished,1,1,5,16,19.172638,72.858345,2023-10-08
1890,Andheri West,106100.0,Apartment,3,1116.26,Unfurnished,3,0,14,28,19.138149,72.826297,2023-05-15
1891,Juhu,162200.0,Apartment,1,876.67,Fully Furnished,1,1,10,2,19.099853,72.816822,2023-04-17
1892,Worli,169800.0,Apartment,2,1085.66,Semi-Furnished,3,1,4,29,19.019141,72.823794,2023-10-21
1893,Worli,94400.0,Apartment,1,734.17,Semi-Furnished,1,2,26,19,19.011264,72.815824,2023-05-07
1894,Bandra West,131000.0,Apartment,2,883.94,Semi-Furnished,2,1,5,6,19.055565,72.836388,2023-04-21
1895,Goregaon East,79300.0,Apartment,2,794.13,Semi-Furnished,2,1,40,8,19.171415,72.866358,2023-01-03
1896,Powai,132100.0,Apartment,2,1020.71,Fully Furnished,2,2,18,2,19.125483,72.915096,2023-02-28
1897,Bandra West,240300.0,Apartment,4,1479.65,Semi-Furnished,3,1,14,13,19.05345,72.838557,2023-11-22
1898,Malabar Hill,201500.0,Apartment,1,1007.55,Fully Furnished,1,1,18,12,18.947858,72.794822,2023-02-20
1899,Andheri West,49700.0,Apartment,1,603.29,Unfurnished,1,1,3,10,19.128518,72.833225,2023-02-22
1900,Lower Parel,216100.0,Apartment,3,1380.72,Fully Furnished,3,1,5,12,19.003649,72.835395,2023-07-17
1901,Goregaon East,65500.0,Apartment,1,578.83,Fully Furnished,1,1,18,3,19.173996,72.864095,2023-09-14
1902,Lower Parel,160400.0,Studio,1,1000.1,Semi-Furnished,1,0,2,10,18.991595,72.838038,2023-12-18
1903,Chembur,65700.0,Apartment,2,840.72,Unfurnished,3,0,27,8,19.061573,72.897028,2023-04-23
1904,Chembur,80500.0,Apartment,2,957.2,Unfurnished,3,1,14,14,19.061046,72.895997,2023-01-29
1905,Juhu,129300.0,Apartment,1,911.9,Semi-Furnished,1,1,24,0,19.113314,72.833423,2023-12-21
1906,Bandra West,111000.0,Apartment,1,577.95,Fully Furnished,1,1,30,6,19.056214,72.832715,2023-10-20
1907,Borivali West,120700.0,Apartment,3,1138.38,Fully Furnished,3,1,28,4,19.22832,72.848006,2023-12-23
1908,Borivali West,87000.0,Apartment,3,1044.44,Unfurnished,3,2,5,5,19.234463,72.848042,2023-12-06
1909,Borivali West,67300.0,Apartment,2,760.92,Semi-Furnished,2,1,28,14,19.235845,72.83516,2023-12-16
1910,Juhu,124200.0,Apartment,1,951.07,Semi-Furnished,1,1,29,,19.114979,72.831864,2023-05-19
1911,Chembur,112900.0,Apartment,2,874.86,Fully Furnished,2,1,16,2,19.04624,72.893765,2023-10-05
1912,Powai,102500.0,Apartment,2,992.5,,2,1,14,22,19.116727,72.91022,2023-11-23
1913,Andheri West,117400.0,Apartment,3,1081.93,Semi-Furnished,3,1,30,14,19.136053,72.829237,2023-01-02
1914,Andheri West,251200.0,Apartment,5,1717.71,Fully Furnished,4,0,7,4,19.142305,72.821149,2023-07-05
1915,Lower Parel,207800.0,Apartment,3,1407.85,Semi-Furnished,4,1,22,8,19.00471,72.829391,2023-09-05
1916,Juhu,174100.0,Apartment,2,1088.64,Semi-Furnished,2,0,7,7,19.108512,72.819568,2023-01-16
1917,Powai,95800.0,Apartment,2,954.59,Semi-Furnished,2,0,35,11,19.124179,72.908932,2023-04-21
1918,Borivali West,71800.0,Apartment,2,745.36,Semi-Furnished,3,1,1,26,19.235656,72.834523,2023-10-31
1919,Bandra West,202800.0,Apartment,3,1210.01,Semi-Furnished,3,2,28,4,19.050302,72.838778,2023-12-28
1920,Malabar Hill,139200.0,Apartment,1,951.4,Semi-Furnished,1,1,29,8,18.955969,72.798464,2023-09-01
1921,Lower Parel,243300.0,Apartment,3,1286.38,Fully Furnished,3,0,39,4,18.995268,72.829748,2023-05-19
1922,Bandra West,212600.0,Apartment,3,1211.34,Fully Furnished,3,0,12,3,19.062866,72.837581,2023-07-19
1923,Borivali West,53700.0,Apartment,1,518.68,Fully Furnished,2,1,30,6,19.229099,72.837033,2023-08-10
1924,Powai,74900.0,Apartment,1,632.9,Fully Furnished,1,1,37,6,19.115589,72.914483,2023-04-18
1925,Goregaon East,108800.0,Apartment,2,908.1,Fully Furnished,2,0,23,12,19.163907,72.874404,2023-04-29
1926,Worli,184800.0,Apartment,2,1051.6,Fully Furnished,2,0,31,6,19.02,72.81162,2023-03-14
1927,Bandra West,74200.0,Apartment,1,593.19,Unfurnished,1,0,35,4,19.052158,72.832413,2023-02-12
1928,Malabar Hill,196100.0,Apartment,2,1155.78,Semi-Furnished,3,1,24,23,18.950807,72.802873,2023-07-17
1929,Goregaon East,40800.0,Apartment,1,531.94,Unfurnished,1,1,35,,19.161064,72.870766,2023-01-16
1930,Juhu,133500.0,Apartment,1,912.15,Semi-Furnished,1,0,9,14,19.109565,72.828572,2023-04-24
1931,Chembur,,Apartment,2,890.17,Semi-Furnished,2,1,16,7,19.050612,72.896409,2023-12-12
1932,Borivali West,120800.0,Apartment,3,1093.82,Fully Furnished,3,1,34,6,19.228684,72.843521,2023-06-02
1933,Lower Parel,-50000,Apartment,3,1298.61,Semi-Furnished,3,1,1,1,18.992923,72.821254,2023-08-29
1934,Borivali West,99000.0,Apartment,2,801.86,Fully Furnished,2,2,15,15,19.218944,72.845227,2023-05-28
1935,Borivali West,68500.0,Apartment,2,766.94,Semi-Furnished,2,0,4,4,19.219114,72.837029,2023-02-16
1936,Juhu,218700.0,Apartment,4,1750.51,Unfurnished,3,1,30,18,19.10654,72.827586,2023-09-16
1937,Chembur,155500.0,Apartment,4,1449.3,Semi-Furnished,3,0,36,12,19.046357,72.906677,2023-08-15
1938,Powai,115300.0,Apartment,2,1002.64,,2,1,31,11,19.117287,72.904615,2023-02-16
1939,Bandra West,228700.0,Apartment,3,1248.67,Fully Furnished,3,2,24,5,19.065892,72.833815,2023-09-09
1940,Goregaon East,85000.0,Independent House,2,833.69,Semi-Furnished,2,2,35,3,19.161112,72.866523,2023-12-31
1941,Chembur,60200.0,Independent House,1,531.51,Fully Furnished,1,1,20,5,19.052249,72.909033,2023-10-04
1942,Lower Parel,99500.0,Apartment,1,828.59,Semi-Furnished,1,1,26,1,18.998198,72.834774,2023-10-20
1943,Goregaon East,41600.0,Apartment,1,581.72,Unfurnished,1,1,23,14,19.158333,72.858542,2023-02-27
1944,Borivali West,66400.0,Apartment,2,768.76,Semi-Furnished,2,1,20,15,19.230548,72.835272,2023-06-03
1945,Juhu,166200.0,Apartment,2,1138.1,Semi-Furnished,2,1,28,0,19.11204,72.832623,2023-05-02
1946,Goregaon East,77900.0,Apartment,2,840.24,Semi-Furnished,3,0,37,6,19.165023,72.860932,2023-06-10
1947,Worli,144100.0,Apartment,2,1074.94,Semi-Furnished,2,0,21,28,19.022608,72.816238,2023-06-23
1948,Malabar Hill,124500.0,Apartment,1,1004.88,Unfurnished,2,1,7,7,18.956168,72.796955,2023-12-01
1949,Chembur,93200.0,Apartment,2,919.35,Semi-Furnished,2,1,22,15,19.046652,72.908074,2023-10-31
1950,Goregaon East,93000.0,Apartment,2,747.78,Fully Furnished,2,0,20,25,19.172743,72.875584,2023-10-13
1951,Borivali West,49900.0,Apartment,1,493.87,Fully Furnished,2,0,9,9,19.219642,72.851531,2023-03-11
1952,Lower Parel,90700.0,Apartment,1,871.37,Unfurnished,1,2,32,,18.990398,72.818338,2023-08-18
1953,Goregaon East,30500.0,Studio,1,350.53,Unfurnished,1,1,3,5,19.173464,72.865087,2023-07-09
1954,Juhu,165600.0,Apartment,2,1269.7,Unfurnished,2,0,8,8,19.114996,72.828592,2023-04-28
1955,Chembur,121800.0,Apartment,4,1537.37,Unfurnished,3,1,9,0,19.05852,72.896317,2023-05-26
1956,Goregaon East,51600.0,Studio,1,502.15,Unfurnished,2,1,25,7,19.173938,72.863686,2023-01-25
1957,Borivali West,43000.0,Apartment,1,503.33,Semi-Furnished,1,0,18,0,19.235597,72.851629,2023-07-28
1958,Andheri West,98600.0,Apartment,2,897.17,Semi-Furnished,3,0,37,10,19.126531,72.831302,2023-07-26
1959,Borivali West,111500.0,Apartment,3,1120.99,Semi-Furnished,3,1,28,14,19.23023,72.834912,2023-06-28
1960,Lower Parel,97300.0,Apartment,1,758.21,Semi-Furnished,1,1,30,13,18.99879,72.830742,2023-04-08
1961,Lower Parel,118700.0,Apartment,2,1020.2,Unfurnished,2,0,19,24,19.005085,72.831646,2023-08-29
1962,Goregaon East,115500.0,Apartment,3,1212.85,Semi-Furnished,3,0,29,7,19.16258,72.856658,2023-10-04
1963,Worli,129900.0,Independent House,2,1092.83,Unfurnished,2,1,27,6,19.02182,72.82303,2023-09-12
1964,Lower Parel,72500.0,Independent House,1,672.83,Unfurnished,1,1,10,2,18.992131,72.833055,2023-03-19
1965,Bandra West,120500.0,Apartment,1,639.15,Fully Furnished,1,0,12,0,19.062119,72.837664,2023-01-05
1966,Worli,181200.0,Apartment,2,1113.72,Fully Furnished,3,0,40,9,19.021412,72.820822,2023-03-06
1967,Bandra West,129000.0,Apartment,2,921.94,Unfurnished,3,0,7,20,19.068125,72.82921,2023-10-03
1968,Worli,102700.0,Apartment,1,813.89,Semi-Furnished,2,1,35,10,19.015442,72.817218,2023-02-28
1969,Worli,95600.0,Apartment,1,855.41,Unfurnished,1,1,1,0,19.013776,72.815863,2023-07-29
1970,Chembur,116200.0,Apartment,3,1213.26,,3,0,23,12,19.061207,72.892374,2023-09-25
1971,Juhu,253200.0,Apartment,3,1463.62,Fully Furnished,3,1,5,14,19.104122,72.835998,2023-01-13
1972,Lower Parel,120400.0,Apartment,2,1042.59,Unfurnished,2,2,29,13,18.995946,72.829007,2023-01-23
1973,Juhu,125100.0,Apartment,1,919.56,Semi-Furnished,1,1,21,26,19.108609,72.828384,2023-07-19
1974,bandra west,105900.0,Apartment,2,874.85,Semi-Furnished,2,1,6,2,19.142405,72.819332,2023-01-08
1975,Lower Parel,192800.0,Apartment,2,1084.46,Fully Furnished,2,1,14,7,19.001515,72.831871,2023-02-19
1976,Borivali West,36100.0,Apartment,1,524.01,Unfurnished,1,1,40,3,19.234636,72.840151,2023-04-16
1977,Lower Parel,151600.0,Apartment,2,1016.73,Semi-Furnished,3,1,5,14,18.995535,72.819274,2023-09-01
1978,Powai,93500.0,Apartment,1,730.1,Fully Furnished,1,2,33,1,19.111888,72.899204,2023-04-18
1979,Powai,59800.0,Apartment,1,695.56,Unfurnished,1,1,8,14,19.116797,72.910461,2023-06-08
1980,Juhu,103700.0,Apartment,1,911.24,Unfurnished,2,1,1,22,19.11455,72.818703,2023-10-09
1981,Powai,129000.0,Apartment,3,1332.68,Unfurnished,4,1,35,13,19.116133,72.910166,2023-03-10
1982,Worli,182200.0,Apartment,2,1189.83,Semi-Furnished,2,2,28,8,19.020103,72.814542,2023-07-25
1983,Lower Parel,148600.0,Apartment,2,1056.29,Semi-Furnished,2,2,34,25,19.004632,72.831356,2023-02-27
1984,Goregaon East,72200.0,Apartment,2,843.09,Unfurnished,2,1,6,6,19.170386,72.861548,2023-04-26
1985,Malabar Hill,128300.0,Apartment,1,993.68,Unfurnished,1,1,24,4,18.955094,72.803428,2023-10-21
1986,Worli,214900.0,Apartment,3,1456.27,Semi-Furnished,3,1,28,13,19.022666,72.815103,2023-07-04
1987,Worli,157500.0,Studio,1,794.19,Fully Furnished,1,1,36,,19.022632,72.823699,2023-08-10
1988,Worli,103800.0,Apartment,1,778.6,Semi-Furnished,1,0,7,7,19.02624,72.812756,2023-09-27
1989,Powai,154100.0,Apartment,3,1299.53,Semi-Furnished,3,1,1,6,19.123605,72.903689,2023-02-19
1990,Lower Parel,181600.0,Apartment,3,1391.6,Unfurnished,3,1,6,13,18.994384,72.836972,2023-07-15
1991,Goregaon East,50200.0,Studio,1,460.96,Semi-Furnished,1,0,12,13,19.155743,72.866678,2023-03-30
1992,Goregaon East,106700.0,Apartment,2,884.99,Fully Furnished,3,0,24,2,19.163938,72.858871,2023-09-08
1993,Borivali West,76300.0,Apartment,2,824.56,Semi-Furnished,2,0,27,15,19.232557,72.85145,2023-10-10
1994,Malabar Hill,250300.0,Apartment,2,1405.76,Semi-Furnished,2,2,33,29,18.945867,72.789251,2023-10-30
1995,Worli,385500.0,Apartment,5,1991.0,Fully Furnished,4,1,32,30,19.014774,72.824038,2023-11-01
1996,Lower Parel,193000.0,Apartment,3,1318.02,Semi-Furnished,4,1,29,7,18.990802,72.827067,2023-05-03
1997,Lower Parel,237200.0,Apartment,3,1340.38,Fully Furnished,3,1,11,6,18.997523,72.824496,2023-09-26
1998,Worli,141000.0,Apartment,2,1159.06,Unfurnished,2,1,3,14,19.021488,72.814037,2023-04-12
1999,Goregaon East,76200.0,Apartment,2,778.37,Semi-Furnished,2,1,3,10,19.158781,72.875852,2023-08-23
2000,Lower Parel,91500.0,Apartment,1,882.75,Unfurnished,1,1,21,6,18.995631,72.835587,2023-07-04
2001,Juhu,,Apartment,2,1219.21,Fully Furnished,2,1,26,3,19.115569,72.820231,2023-03-11
2002,Chembur,101000.0,Apartment,2,858.19,Fully Furnished,3,1,5,0,19.051859,72.900166,2023-01-23
2003,Chembur,71200.0,Apartment,2,967.72,Unfurnished,2,1,13,19,19.047472,72.893799,2023-02-14
2004,Borivali West,79500.0,Independent House,2,794.36,Semi-Furnished,2,1,23,5,19.233324,72.851314,2023-01-15
2005,Juhu,163800.0,Apartment,2,1234.71,Unfurnished,2,1,8,1,19.114754,72.8277,2023-02-18
2006,Powai,65800.0,Apartment,1,659.21,Semi-Furnished,1,1,14,22,19.125933,72.9061,2023-06-21
2007,Bandra West,169400.0,Apartment,2,1011.93,Semi-Furnished,2,0,2,10,19.0537,72.830257,2023-09-28
2008,Lower Parel,163700.0,Apartment,2,1010.51,Fully Furnished,2,1,23,22,18.999102,72.818345,2023-05-26
2009,Lower Parel,182100.0,Apartment,3,1301.54,,3,1,36,9,18.990214,72.837164,2023-05-12
2010,Goregaon East,94400.0,Apartment,2,848.6,Fully Furnished,2,0,3,14,19.158912,72.860498,2023-10-28
2011,Powai,213100.0,Apartment,4,1508.7,Fully Furnished,3,1,28,4,19.111734,72.914242,2023-03-23
2012,Bandra West,215000.0,Apartment,3,1159.24,Fully Furnished,3,2,11,29,19.069169,72.820087,2023-01-02
2013,Chembur,77100.0,Apartment,2,837.48,Unfurnished,3,1,14,1,19.049346,72.891368,2023-11-08
2014,Borivali West,44800.0,Apartment,1,524.01,,1,1,25,28,19.234435,72.834751,2023-03-05
2015,Worli,301500.0,Apartment,4,1816.45,,3,2,23,13,19.025723,72.809607,2023-09-27
2016,Borivali West,64500.0,Apartment,2,726.3,Unfurnished,2,1,13,22,19.225901,72.853234,2023-10-28
2017,Malabar Hill,193400.0,Apartment,2,1282.59,Semi-Furnished,2,1,6,2,18.942479,72.793464,2023-09-20
2018,Chembur,96600.0,Apartment,2,895.99,Fully Furnished,2,0,19,14,19.059106,72.904242,2024-01-01
2019,Malabar Hill,261200.0,Apartment,2,1289.08,Fully Furnished,3,0,27,11,18.947365,72.791653,2023-04-18
2020,Malabar Hill,188000.0,Apartment,1,1004.91,Fully Furnished,1,1,29,13,18.947399,72.802588,2023-04-03
2021,Andheri West,65800.0,Apartment,1,584.36,Semi-Furnished,2,1,31,6,19.144154,72.829697,2023-06-19
2022,Lower Parel,122700.0,Apartment,2,1020.95,Unfurnished,3,1,7,3,18.99848,72.827972,2023-08-04
2023,Powai,130900.0,Apartment,2,971.35,Fully Furnished,2,1,40,6,19.117416,72.909591,2023-03-20
2024,Goregaon East,78000.0,Apartment,2,880.74,Unfurnished,2,0,7,6,19.165714,72.872306,2023-06-22
2025,Borivali West,83900.0,Apartment,2,810.39,Semi-Furnished,2,0,36,9,19.228473,72.853511,2023-12-03
2026,Goregaon East,89300.0,Apartment,2,901.7,Semi-Furnished,2,1,38,6,19.158618,72.865973,2023-05-31
2027,Borivali West,147400.0,Apartment,4,1359.12,Fully Furnished,3,1,15,12,19.232433,72.838951,2023-11-12
2028,bandra west,81700.0,Villa,2,784.88,Unfurnished,3,1,2,6,19.138244,72.819557,2023-04-11
2029,Borivali West,132500.0,Apartment,3,1149.29,Fully Furnished,3,1,16,9,19.222499,72.834149,2023-01-22
2030,Worli,127600.0,Independent House,2,1052.78,Unfurnished,2,1,14,20,19.021954,72.814844,2023-02-20
2031,Juhu,167700.0,Apartment,2,1261.53,Unfurnished,2,1,20,4,19.106199,72.825915,2023-07-27
2032,Powai,133200.0,Apartment,3,1289.68,Semi-Furnished,3,1,11,15,19.123298,72.902545,2023-11-01
2033,Andheri West,105700.0,Apartment,2,798.69,Fully Furnished,2,1,34,20,19.130645,72.833563,2023-11-09
2034,Chembur,129500.0,Apartment,3,1230.86,Semi-Furnished,3,0,40,6,19.05738,72.906438,2023-10-26
2035,Chembur,127800.0,Apartment,3,1277.91,Semi-Furnished,4,1,8,18,19.04706,72.904942,2023-03-16
2036,Powai,80000.0,Independent House,1,734.99,Fully Furnished,1,1,36,6,19.115873,72.914398,2023-09-21
2037,Malabar Hill,346100.0,Independent House,4,1902.01,Semi-Furnished,3,1,21,13,18.956513,72.794207,2023-07-10
2038,Goregaon East,84600.0,Apartment,2,982.79,Unfurnished,2,1,31,12,19.158897,72.864785,2023-05-16
2039,Worli,88400.0,Apartment,1,690.87,Semi-Furnished,1,0,17,1,19.017102,72.815462,2023-12-17
2040,Juhu,271800.0,Apartment,3,1517.48,Fully Furnished,3,1,34,6,19.102209,72.822632,2023-02-21
2041,Malabar Hill,117100.0,Studio,1,756.71,Unfurnished,2,1,33,12,18.953432,72.798837,2023-09-08
2042,Bandra West,176100.0,Apartment,3,1228.57,Semi-Furnished,4,1,33,27,19.052622,72.831563,2023-07-06
2043,Malabar Hill,129900.0,Apartment,1,1032.96,Unfurnished,1,1,24,15,18.954066,72.792027,2023-01-10
2044,Chembur,78300.0,Apartment,2,904.71,Unfurnished,2,0,20,13,19.04467,72.890303,2023-07-07
2045,Andheri West,52100.0,Studio,1,348.12,Fully Furnished,1,1,22,1,19.127175,72.822617,2023-03-21
2046,S. Mumbai - Worli,55900.0,Apartment,1,624.51,Semi-Furnished,1,1,12,1,19.048995,72.889943,2023-07-02
2047,Powai,56100.0,Apartment,1,660.53,Unfurnished,2,1,26,5,19.109855,72.896154,2023-06-10
2048,Borivali West,130800.0,Independent House,4,1425.17,Semi-Furnished,3,1,21,3,19.229251,72.851088,2023-12-24
2049,Juhu,190200.0,Studio,1,911.22,Fully Furnished,1,1,15,9,19.103138,72.827955,2023-09-29
2050,Borivali West,156200.0,Apartment,4,1377.07,Fully Furnished,3,0,10,0,19.232468,72.842345,2023-07-22
2051,Malabar Hill,269500.0,Apartment,3,1580.6,Semi-Furnished,3,0,5,7,18.955581,72.786971,2023-01-17
2052,Chembur,69800.0,Apartment,1,612.25,,1,1,1,13,19.051509,72.90691,2023-04-10
2053,Bandra West,106200.0,Apartment,2,888.98,Unfurnished,2,2,3,8,19.058417,72.821726,2023-05-19
2054,Powai,110100.0,Apartment,2,969.66,Semi-Furnished,3,1,37,13,19.115082,72.906584,2023-10-04
2055,Juhu,206400.0,Apartment,2,1261.98,Semi-Furnished,2,2,37,6,19.104443,72.823562,2023-12-18
2056,Chembur,58000.0,Apartment,1,608.34,Semi-Furnished,1,1,25,13,19.056654,72.890363,2023-05-12
2057,Borivali West,89300.0,Studio,1,654.31,Fully Furnished,1,1,37,1,19.2361,72.834234,2023-07-15
2058,Lower Parel,159800.0,Apartment,2,1024.04,Fully Furnished,2,2,12,7,19.000502,72.837764,2023-01-14
2059,Goregaon East,117800.0,Apartment,3,1179.0,Semi-Furnished,4,1,2,22,19.166391,72.873386,2023-02-04
2060,Bandra West,222500.0,Apartment,3,1086.26,Fully Furnished,3,1,11,21,19.063406,72.828737,2023-12-08
2061,Juhu,241300.0,Apartment,3,1530.0,Semi-Furnished,3,1,7,15,19.115675,72.822418,2023-11-04
2062,Bandra West,211300.0,Studio,1,875.05,Fully Furnished,1,1,8,4,19.069019,72.826868,2023-03-03
2063,Worli,194800.0,Apartment,3,1363.94,Semi-Furnished,3,1,40,1,19.01624,72.811914,2023-08-06
2064,Malabar Hill,256200.0,Apartment,2,1260.08,Fully Furnished,2,1,17,,18.957266,72.797284,2023-07-11
2065,Chembur,91500.0,Apartment,2,890.52,Semi-Furnished,2,1,38,7,19.054433,72.890732,2023-02-11
2066,Goregaon East,88200.0,Apartment,3,1092.34,Unfurnished,3,0,27,4,19.158858,72.858026,2023-01-20
2067,Malabar Hill,242700.0,Apartment,2,1262.31,Fully Furnished,2,1,31,9,18.953791,72.786065,2023-08-05
2068,Chembur,87700.0,Apartment,2,934.3,Semi-Furnished,2,1,26,4,19.046815,72.908971,2023-08-20
2069,Powai,67400.0,Apartment,1,619.13,Semi-Furnished,2,0,16,10,19.12433,72.908883,2023-07-11
2070,Bandra West,133800.0,Apartment,2,895.33,,3,0,20,1,19.062415,72.823628,2023-06-04
2071,Worli,176700.0,Apartment,2,1138.69,Fully Furnished,3,0,30,1,19.014511,72.820637,2023-04-07
2072,Borivali West,86600.0,Apartment,2,737.22,Fully Furnished,2,0,35,16,19.219131,72.845553,2023-06-16
2073,Lower Parel,87900.0,Apartment,1,737.53,Unfurnished,1,1,2,8,18.990509,72.822059,2023-08-31
2074,Lower Parel,176800.0,Apartment,3,1435.55,Unfurnished,3,1,40,30,19.004488,72.833453,2023-04-20
2075,Chembur,76500.0,Apartment,1,660.62,Fully Furnished,1,1,7,11,19.051361,72.897412,2023-06-03
2076,Andheri West,120600.0,Independent House,3,1143.26,Semi-Furnished,3,1,22,,19.14553,72.834311,2023-04-02
2077,Borivali West,119500.0,Apartment,3,1075.62,Fully Furnished,3,0,32,13,19.22646,72.835341,2023-07-17
2078,Chembur,138700.0,Apartment,4,1498.26,Semi-Furnished,3,0,16,29,19.062104,72.896649,2023-10-23
2079,Goregaon East,54300.0,Apartment,1,543.85,Fully Furnished,1,2,11,7,19.155432,72.868647,2023-09-21
2080,Goregaon East,51800.0,Villa,1,519.97,Fully Furnished,1,0,13,12,19.161411,72.875307,2023-09-23
2081,Andheri West,106800.0,Apartment,2,853.67,Fully Furnished,2,0,24,5,19.129854,72.83376,2023-06-18
2082,Chembur,44100.0,Apartment,1,504.55,Semi-Furnished,1,0,38,4,19.057222,72.893828,2023-01-04
2083,Malabar Hill,409100.0,Apartment,4,1865.9,Fully Furnished,3,1,27,16,18.940611,72.794004,2023-12-30
2084,Bandra West,101100.0,Apartment,1,551.09,Fully Furnished,1,1,34,12,19.060449,72.828767,2023-12-20
2085,Chembur,48100.0,Apartment,1,556.23,Unfurnished,2,2,20,17,19.058118,72.903886,2023-04-08
2086,Malabar Hill,250500.0,Apartment,2,1319.44,Fully Furnished,2,0,26,30,18.945014,72.799305,2023-10-06
2087,Bandra West,248000.0,Apartment,3,1185.63,Fully Furnished,3,1,6,5,19.054538,72.836201,2023-06-10
2088,Lower Parel,101900.0,Apartment,1,698.02,Semi-Furnished,1,1,9,26,18.997101,72.828905,2023-12-05
2089,Goregaon East,74100.0,Studio,1,685.79,Semi-Furnished,2,1,9,6,19.171457,72.857535,2023-05-30
2090,Worli,265600.0,Apartment,3,1431.29,Fully Furnished,3,1,39,5,19.013793,72.810257,2023-03-12
2091,Borivali West,46500.0,Apartment,1,496.28,Semi-Furnished,1,1,32,9,19.229911,72.836168,2023-04-23
2092,Malabar Hill,169500.0,Independent House,1,982.85,Semi-Furnished,2,1,30,4,18.945484,72.798014,2023-01-21
2093,Worli,148000.0,Apartment,2,1103.09,Semi-Furnished,2,1,5,12,19.019916,72.812975,2023-02-11
2094,Lower Parel,174300.0,Apartment,3,1326.97,Unfurnished,4,0,31,6,18.996627,72.831372,2023-06-02
2095,Chembur,112200.0,Apartment,2,906.87,Fully Furnished,2,2,9,24,19.049368,72.901718,2023-10-24
2096,Lower Parel,112700.0,Apartment,2,1043.23,Unfurnished,2,1,13,6,18.987225,72.826469,2023-05-31
2097,Borivali West,49600.0,Apartment,1,533.85,Semi-Furnished,1,1,15,9,19.237656,72.840803,2023-01-06
2098,Bandra West,89400.0,Independent House,1,540.4,Fully Furnished,1,0,32,29,19.053574,72.838617,2023-12-30
2099,Powai,78400.0,Apartment,1,723.6,Semi-Furnished,2,1,40,5,19.121095,72.910834,2023-06-07
2100,Borivali West,110100.0,Independent House,3,1111.16,Semi-Furnished,3,1,16,3,19.223572,72.85386,2023-04-16
2101,Bandra West,271400.0,Apartment,5,1830.75,Unfurnished,4,1,38,2,19.059789,72.819874,2023-02-18
2102,Goregaon East,41800.0,Apartment,1,546.6,Unfurnished,1,1,20,10,19.164956,72.87595,2023-03-10
2103,Andheri West,99000.0,Apartment,2,796.51,Semi-Furnished,2,0,37,23,19.139595,72.836953,2023-04-18
2104,Lower Parel,98600.0,Apartment,1,673.65,Fully Furnished,1,0,27,2,18.985339,72.81844,2023-07-22
2105,Lower Parel,102300.0,Apartment,1,697.11,Semi-Furnished,1,0,31,1,19.0004,72.838111,2023-08-05
2106,Juhu,129100.0,Apartment,1,820.16,Semi-Furnished,2,1,36,14,19.107322,72.825822,2023-08-21
2107,Juhu,278300.0,Apartment,4,1805.43,Semi-Furnished,3,0,35,,19.113498,72.817134,2023-11-22
2108,Malabar Hill,232600.0,Apartment,2,1218.0,Fully Furnished,2,1,33,13,18.95111,72.798712,2023-10-03
2109,Juhu,265000.0,Apartment,4,1757.17,Semi-Furnished,3,1,7,13,19.115643,72.818421,2023-04-09
2110,Malabar Hill,254800.0,Apartment,2,1234.33,Fully Furnished,2,1,13,15,18.945033,72.803863,2023-06-11
2111,Worli,130300.0,Apartment,2,1122.89,Unfurnished,2,2,5,9,19.020636,72.813527,2023-01-29
2112,Borivali West,89300.0,Apartment,3,1082.76,Unfurnished,4,1,34,15,19.236291,72.844861,2023-09-15
2113,Chembur,132900.0,Apartment,4,1479.76,Unfurnished,3,1,3,6,19.060711,72.889933,2023-01-05
2114,Chembur,116500.0,Apartment,2,933.72,Fully Furnished,2,1,24,13,19.044096,72.907254,2023-05-24
2115,Lower Parel,131700.0,Apartment,2,1108.23,Unfurnished,2,1,19,13,18.9947,72.8205,2023-08-01
2116,Bandra West,252600.0,Apartment,4,1442.62,Fully Furnished,3,1,19,10,19.052292,72.836302,2023-05-06
2117,Goregaon East,89000.0,Apartment,3,1109.69,Unfurnished,3,1,4,6,19.170656,72.865346,2023-02-21
2118,Chembur,126400.0,Apartment,3,1150.29,Semi-Furnished,3,0,2,2,19.043384,72.899733,2023-04-09
2119,Lower Parel,112200.0,Independent House,1,782.74,Semi-Furnished,2,0,8,13,18.986437,72.823115,2023-09-01
2120,S. Mumbai - Worli,294700.0,Apartment,4,1720.06,Fully Furnished,3,1,19,11,19.020335,72.81071,2023-11-29
2121,Andheri West,115400.0,Apartment,3,1096.33,Unfurnished,4,1,2,3,19.137961,72.818755,2023-11-29
2122,Bandra West,194000.0,Apartment,2,990.12,Fully Furnished,2,1,29,9,19.05491,72.822222,2023-10-14
2123,Goregaon East,47400.0,Apartment,1,573.49,Semi-Furnished,1,1,20,8,19.17162,72.863089,2023-05-21
2124,Worli,206400.0,Apartment,2,1125.76,Fully Furnished,2,1,40,2,19.023241,72.819738,2023-10-25
2125,Bandra West,94300.0,Apartment,1,630.87,Semi-Furnished,2,1,14,11,19.056321,72.838021,2023-01-16
2126,Juhu,190800.0,Apartment,2,1194.48,Semi-Furnished,3,1,29,11,19.104663,72.82191,2023-03-09
2127,Juhu,162100.0,Independent House,2,1186.73,Semi-Furnished,2,1,3,20,19.105231,72.826941,2023-01-05
2128,Malabar Hill,339500.0,Apartment,4,1834.29,Semi-Furnished,3,1,14,3,18.947033,72.798032,2023-10-15
2129,bandra west,174200.0,Apartment,2,989.64,Fully Furnished,3,0,11,28,18.994001,72.820052,2023-11-05
2130,Goregaon East,44300.0,Studio,1,316.4,Fully Furnished,2,1,30,0,19.167969,72.874355,2023-07-04
2131,Andheri West,172000.0,Apartment,3,1205.33,Fully Furnished,3,0,15,5,19.144988,72.822873,2023-09-18
2132,Lower Parel,187300.0,Apartment,4,1594.16,Unfurnished,3,1,32,10,18.99739,72.833169,2023-06-06
2133,Borivali West,126500.0,Apartment,3,1030.63,Fully Furnished,3,0,7,10,19.227589,72.836229,2023-03-15
2134,Worli,136500.0,Independent House,1,759.72,Fully Furnished,1,0,9,12,19.02111,72.821929,2023-05-19
2135,Lower Parel,286900.0,Apartment,4,1720.81,Fully Furnished,3,1,15,17,18.999447,72.834293,2023-03-11
2136,Malabar Hill,276300.0,Apartment,3,1505.6,Semi-Furnished,3,1,34,8,18.94963,72.790458,2023-09-09
2137,Worli,205300.0,Independent House,2,1092.88,Fully Furnished,2,1,13,8,19.015265,72.821524,2023-11-08
2138,Powai,80900.0,Apartment,1,710.63,Fully Furnished,1,1,5,9,19.118039,72.915128,2023-12-23
2139,Chembur,103500.0,Apartment,2,917.27,Fully Furnished,2,1,23,17,19.053406,72.900689,2023-01-03
2140,Andheri West,105800.0,Apartment,2,805.96,Fully Furnished,2,0,15,29,19.138546,72.837478,2023-03-08
2141,Lower Parel,200100.0,Apartment,4,1611.61,,3,1,24,4,18.985305,72.819376,2023-01-10
2142,Powai,82500.0,Apartment,1,662.76,Fully Furnished,1,1,18,8,19.119005,72.911449,2023-06-15
2143,Powai,67000.0,Apartment,1,646.58,Semi-Furnished,1,1,23,13,19.110947,72.896275,2023-04-12
2144,Malabar Hill,215700.0,Apartment,2,1190.37,Semi-Furnished,3,1,1,17,18.948874,72.797505,2023-01-25
2145,Goregaon East,,Apartment,2,827.89,Fully Furnished,2,2,1,11,19.160534,72.873077,2023-01-23
2146,Juhu,152300.0,Apartment,1,828.87,Fully Furnished,1,1,22,0,19.098287,72.832165,2023-03-10
2147,Worli,157100.0,Independent House,2,1057.59,Semi-Furnished,2,2,10,13,19.018995,72.810624,2023-06-01
2148,Chembur,159500.0,Independent House,4,1522.5,Semi-Furnished,4,1,3,14,19.050589,72.899715,2023-12-22
2149,Borivali West,80200.0,Villa,2,753.88,Fully Furnished,2,1,28,3,19.231296,72.847162,2023-08-18
2150,Juhu,221000.0,Apartment,2,1204.96,Fully Furnished,2,1,8,10,19.116026,72.821474,2023-03-17
2151,Worli,365700.0,Apartment,5,2063.93,Fully Furnished,4,1,25,7,19.022627,72.810169,2023-07-21
2152,Goregaon East,90000.0,Apartment,3,1164.46,Unfurnished,3,2,11,9,19.162388,72.866175,2023-07-06
2153,Powai,197700.0,Apartment,5,1900.51,Semi-Furnished,4,1,37,15,19.111233,72.911512,2023-06-06
2154,Goregaon East,44900.0,Apartment,1,561.21,Unfurnished,1,1,35,12,19.155217,72.874537,2023-04-16
2155,Lower Parel,124400.0,Apartment,1,750.56,Fully Furnished,1,1,21,14,19.002615,72.834254,2023-08-16
2156,Bandra West,235900.0,Apartment,3,1170.23,Fully Furnished,3,1,16,16,19.051187,72.836854,2023-10-30
2157,Juhu,325200.0,Apartment,5,2094.97,Semi-Furnished,4,1,25,14,19.115631,72.834141,2023-02-10
2158,Juhu,275600.0,Apartment,3,1497.92,Fully Furnished,3,1,34,10,19.102981,72.826081,2023-02-04
2159,Borivali West,98000.0,Apartment,3,1099.79,Semi-Furnished,3,0,14,10,19.221527,72.848375,2023-03-24
2160,Chembur,94300.0,Apartment,3,1170.27,Unfurnished,3,1,2,27,19.055436,72.889634,2023-03-12
2161,Lower Parel,199400.0,Apartment,4,1665.7,Unfurnished,3,1,18,13,18.991613,72.829161,2023-06-01
2162,Worli,183600.0,Apartment,2,1080.49,Fully Furnished,2,1,29,11,19.024127,72.816213,2023-07-25
2163,Goregaon East,44000.0,Apartment,1,622.08,Unfurnished,2,0,28,11,19.161875,72.86225,2023-09-09
2164,Chembur,93800.0,Apartment,2,939.39,Semi-Furnished,2,1,18,8,19.049436,72.890312,2023-10-11
2165,Chembur,50700.0,Apartment,1,569.81,Semi-Furnished,1,1,3,12,19.046243,72.890248,2023-08-10
2166,Powai,153500.0,Apartment,3,1301.96,Semi-Furnished,3,1,16,1,19.112857,72.896429,2023-09-18
2167,Borivali West,48200.0,Apartment,1,468.96,Fully Furnished,1,1,37,3,19.227949,72.839159,2023-11-08
2168,Juhu,187000.0,Independent House,3,1476.62,Unfurnished,4,0,33,3,19.116605,72.834577,2023-07-23
2169,Goregaon East,152500.0,Apartment,4,1533.29,Semi-Furnished,4,1,35,10,19.16114,72.87015,2023-03-14
2170,Bandra West,96400.0,Studio,1,539.99,Semi-Furnished,2,1,17,15,19.061438,72.827367,2023-03-28
2171,Malabar Hill,152600.0,Apartment,1,1041.32,Semi-Furnished,1,0,31,30,18.942622,72.804761,2023-01-03
2172,Juhu,234100.0,Apartment,3,1546.69,Semi-Furnished,4,1,9,24,19.115802,72.818784,2023-02-21
2173,Borivali West,71900.0,Apartment,2,764.79,Semi-Furnished,2,1,18,3,19.226961,72.846743,2023-08-06
2174,Worli,169900.0,Apartment,2,1094.84,Fully Furnished,2,1,21,17,19.019764,72.812878,2023-01-28
2175,Chembur,142600.0,Apartment,3,1227.22,Fully Furnished,3,0,20,11,19.046447,72.906842,2023-11-04
2176,Powai,95600.0,Apartment,2,982.11,Semi-Furnished,2,0,18,10,19.10784,72.905684,2023-11-14
2177,Malabar Hill,132800.0,Apartment,1,987.06,Unfurnished,1,1,15,12,18.948751,72.793876,2023-02-03
2178,Juhu,343800.0,Independent House,4,1772.88,Fully Furnished,4,0,25,12,19.101843,72.831738,2023-10-25
2179,Powai,90500.0,Apartment,2,975.71,Unfurnished,2,2,7,29,19.108611,72.899152,2023-10-19
2180,Chembur,118400.0,Apartment,3,1157.89,Semi-Furnished,4,1,31,27,19.05426,72.901573,2023-03-09
2181,Bandra West,82400.0,Apartment,1,592.27,Unfurnished,1,0,24,26,19.051286,72.834288,2023-04-03
2182,Goregaon East,141700.0,Apartment,4,1490.4,Semi-Furnished,4,1,21,4,19.158392,72.861524,2023-05-09
2183,Worli,175300.0,Apartment,2,1119.44,Semi-Furnished,3,1,6,8,19.007049,72.807727,2023-12-29
2184,Powai,75200.0,Apartment,1,677.39,Fully Furnished,1,1,33,14,19.12592,72.899767,2023-11-05
2185,Borivali West,39500.0,Apartment,1,375.95,Semi-Furnished,1,2,22,26,19.224474,72.841494,2023-06-19
2186,Goregaon East,31000.0,Studio,1,298.94,Semi-Furnished,1,0,27,5,19.161674,72.872279,2023-07-13
2187,Goregaon East,135700.0,Apartment,3,1202.28,Fully Furnished,3,1,22,13,19.170953,72.866793,2023-02-04
2188,Andheri West,143800.0,Apartment,3,1120.79,Fully Furnished,3,1,38,11,19.144731,72.836068,2023-11-24
2189,Worli,187700.0,Apartment,3,1374.91,Unfurnished,3,1,9,0,19.013421,72.821247,2023-03-07
2190,Borivali West,83600.0,Apartment,2,786.2,Fully Furnished,2,0,26,3,19.224938,72.835248,2023-08-08
2191,Chembur,143000.0,Apartment,3,1309.57,Fully Furnished,3,0,2,9,19.046004,72.892557,2023-12-10
2192,Chembur,71600.0,Apartment,2,872.54,Unfurnished,2,1,9,10,19.055552,72.9057,2023-11-27
2193,Worli,169800.0,Independent House,2,1080.15,Semi-Furnished,2,1,26,3,19.010017,72.812669,2023-09-16
2194,Goregaon East,175600.0,Apartment,5,1724.87,Semi-Furnished,4,0,37,10,19.169468,72.874608,2023-12-16
2195,Bandra West,135800.0,Apartment,2,931.15,Semi-Furnished,2,1,25,28,19.056148,72.834188,2023-03-15
2196,Powai,103700.0,Apartment,2,984.01,Semi-Furnished,2,1,11,6,19.123219,72.909599,2023-04-09
2197,Lower Parel,196100.0,Apartment,2,1075.57,Fully Furnished,2,2,20,12,18.993217,72.828243,2023-09-20
2198,Malabar Hill,225500.0,Apartment,2,1261.4,Semi-Furnished,3,2,18,30,18.953604,72.800926,2023-05-06
2199,Chembur,86300.0,Apartment,2,848.7,Semi-Furnished,2,1,18,0,19.053089,72.900389,2023-02-21
2200,Andheri West,110400.0,Apartment,2,845.67,Fully Furnished,2,1,14,25,19.137321,72.817747,2023-11-09
2201,Powai,68400.0,Apartment,1,729.61,Semi-Furnished,1,0,10,15,19.112447,72.912519,2023-04-10
2202,Worli,188200.0,Apartment,2,1178.52,Fully Furnished,2,0,8,15,19.010559,72.813554,2023-02-27
2203,Bandra West,194900.0,Apartment,3,1213.28,Semi-Furnished,3,2,1,0,19.068624,72.827024,2023-02-10
2204,Borivali West,118300.0,Apartment,3,1110.71,Fully Furnished,3,0,14,13,19.233176,72.840189,2023-05-26
2205,Chembur,49200.0,Apartment,1,556.63,Semi-Furnished,1,0,10,4,19.054665,72.902636,2023-01-24
2206,Malabar Hill,147700.0,Apartment,1,1024.13,Semi-Furnished,1,0,14,7,18.957222,72.802409,2023-07-11
2207,Worli,95300.0,Apartment,1,759.38,Semi-Furnished,1,1,25,11,19.008665,72.808834,2023-03-25
2208,Goregaon East,62700.0,Apartment,2,831.83,Unfurnished,2,1,32,6,19.164711,72.858759,2023-08-17
2209,Goregaon East,192900.0,Apartment,5,1779.45,Semi-Furnished,5,0,21,11,19.163246,72.861177,2023-03-28
2210,Bandra West,68600.0,Apartment,1,486.73,Semi-Furnished,2,1,2,6,19.05522,72.820985,2023-09-25
2211,Borivali West,42800.0,Apartment,1,468.08,Semi-Furnished,1,0,32,6,19.227842,72.843943,2023-08-12
2212,Bandra West,188200.0,Apartment,2,939.99,Fully Furnished,2,1,22,9,19.059551,72.822768,2023-02-13
2213,Powai,112000.0,Independent House,2,952.31,Fully Furnished,2,0,36,8,19.108864,72.899866,2023-03-22
2214,Bandra West,101700.0,Apartment,2,832.85,Unfurnished,2,1,12,6,19.062361,72.836138,2023-08-29
2215,Juhu,264600.0,Apartment,3,1460.61,Fully Furnished,3,1,29,,19.110115,72.818091,2023-04-10
2216,S. Mumbai - Worli,203500.0,Apartment,3,1316.12,Semi-Furnished,3,0,16,14,19.005236,72.837177,2023-02-21
2217,Lower Parel,193400.0,Apartment,3,1288.38,Semi-Furnished,3,2,38,8,18.994979,72.829565,2023-02-19
2218,Andheri West,91600.0,Apartment,2,918.5,,2,1,9,1,19.145445,72.823807,2023-06-29
2219,Malabar Hill,319700.0,Apartment,3,1564.72,Fully Furnished,3,1,23,15,18.951281,72.794486,2023-09-26
2220,Worli,200100.0,Apartment,2,1126.76,Fully Furnished,2,2,14,11,19.010168,72.824623,2023-01-09
2221,Bandra West,170700.0,Apartment,3,1155.93,Semi-Furnished,3,1,20,3,19.054569,72.830645,2023-08-21
2222,Borivali West,137700.0,Apartment,3,1069.75,Fully Furnished,3,1,27,5,19.223779,72.853566,2023-08-31
2223,Worli,191800.0,Independent House,3,1421.95,Semi-Furnished,3,0,28,9,19.024451,72.808437,2023-12-20
2224,Goregaon East,63500.0,Apartment,2,819.12,Unfurnished,2,1,34,,19.155243,72.862019,2023-08-24
2225,Borivali West,61400.0,Apartment,2,797.49,Unfurnished,2,1,10,7,19.2241,72.853933,2023-10-22
2226,Borivali West,74500.0,Apartment,2,807.57,Semi-Furnished,2,0,20,3,19.231281,72.83656,2023-03-24
2227,Goregaon East,43900.0,Independent House,1,504.16,Semi-Furnished,1,1,33,8,19.167636,72.868935,2023-04-20
2228,Malabar Hill,325800.0,Apartment,3,1557.11,Fully Furnished,4,0,21,21,18.944405,72.790559,2023-09-28
2229,Chembur,55300.0,Apartment,1,604.18,Semi-Furnished,2,0,21,5,19.04722,72.909094,2023-03-13
2230,Worli,125900.0,Studio,1,825.82,Unfurnished,1,1,5,12,19.014685,72.821108,2023-10-30
2231,Goregaon East,102500.0,Apartment,3,1106.43,Unfurnished,3,1,10,14,19.155339,72.863263,2023-11-18
2232,Goregaon East,51400.0,Apartment,1,516.81,Fully Furnished,1,0,1,9,19.169831,72.860245,2023-05-11
2233,Juhu,117400.0,Apartment,1,886.03,Unfurnished,2,2,9,8,19.112451,72.828642,2023-05-16
2234,Andheri W,93100.0,Apartment,1,625.07,Fully Furnished,1,1,29,4,18.991018,72.823765,2023-02-04
2235,Lower Parel,95200.0,Apartment,1,706.94,Semi-Furnished,1,1,28,11,19.000097,72.832374,2023-06-14
2236,Chembur,63400.0,Apartment,1,593.99,Fully Furnished,1,1,39,4,19.051757,72.898885,2023-09-13
2237,Chembur,110500.0,Apartment,2,907.3,Fully Furnished,2,1,3,15,19.044268,72.889589,2023-10-02
2238,Lower Parel,168300.0,Apartment,3,1430.54,Unfurnished,3,0,9,11,19.004577,72.826711,2023-11-20
2239,Bandra West,156900.0,Apartment,3,1158.86,Unfurnished,3,2,21,0,19.057388,72.832766,2023-03-08
2240,Goregaon East,76100.0,Apartment,2,889.54,Unfurnished,2,0,38,6,19.159283,72.864606,2023-11-21
2241,Worli,150600.0,Apartment,2,1078.92,Semi-Furnished,2,1,3,12,19.016075,72.81107,2023-06-15
2242,Lower Parel,144100.0,Apartment,2,1044.47,Semi-Furnished,2,0,22,5,19.002214,72.819228,2023-10-31
2243,Juhu,219300.0,Apartment,3,1521.48,Semi-Furnished,3,0,18,21,19.105448,72.821396,2023-11-16
2244,Chembur,172200.0,Apartment,4,1550.62,Fully Furnished,3,0,29,0,19.05649,72.908327,2023-10-20
2245,Lower Parel,121500.0,Apartment,1,727.26,Fully Furnished,1,1,13,15,18.98852,72.823886,2023-06-20
2246,Andheri West,106600.0,Apartment,2,849.45,Fully Furnished,2,0,16,10,19.136264,72.827621,2023-11-03
2247,Juhu,123600.0,Apartment,1,831.5,Semi-Furnished,2,1,33,10,19.099201,72.833986,2023-09-04
2248,Goregaon East,53300.0,Apartment,1,633.48,Semi-Furnished,1,1,19,7,19.170687,72.865098,2023-12-01
2249,Powai,118700.0,Apartment,2,1041.8,Semi-Furnished,2,0,11,7,19.122097,72.910464,2023-09-06
2250,Goregaon East,83400.0,Apartment,2,789.1,Semi-Furnished,2,1,20,11,19.159604,72.875755,2023-04-17
2251,Andheri West,92700.0,Apartment,2,839.03,Semi-Furnished,2,0,4,1,19.131001,72.818686,2023-04-16
2252,Chembur,105400.0,Apartment,3,1163.86,Unfurnished,3,1,5,14,19.042657,72.89703,2023-08-26
2253,Bandra West,162500.0,Apartment,2,870.49,Fully Furnished,2,1,8,20,19.051747,72.838225,2023-03-22
2254,Goregaon East,97500.0,Studio,1,871.07,Semi-Furnished,1,1,38,3,19.165936,72.873001,2023-08-12
2255,Powai,100900.0,Apartment,2,1024.68,Semi-Furnished,2,1,30,7,19.118214,72.91133,2023-05-16
2256,Chembur,109700.0,Apartment,3,1239.53,Unfurnished,3,1,6,11,19.05388,72.895771,2023-12-25
2257,Goregaon East,103300.0,Apartment,2,826.49,Fully Furnished,2,1,2,2,19.162114,72.867267,2023-09-27
2258,Borivali West,41200.0,Apartment,1,505.61,Semi-Furnished,1,1,3,10,19.232381,72.83867,2023-11-12
2259,Juhu,158200.0,Apartment,1,873.84,Fully Furnished,1,0,20,7,19.107406,72.821697,2023-11-22
2260,Andheri W,52100.0,Apartment,1,478.53,Fully Furnished,1,1,9,22,19.171461,72.866256,2023-06-15
2261,Lower Parel,189800.0,Apartment,2,1040.27,Fully Furnished,2,1,26,21,18.986345,72.836345,2023-12-15
2262,Goregaon East,96800.0,Apartment,2,816.54,Fully Furnished,2,1,27,12,19.174207,72.867813,2023-06-04
2263,Goregaon East,168700.0,Apartment,4,1449.53,Fully Furnished,4,1,27,0,19.158347,72.861716,2023-04-07
2264,Borivali West,156100.0,Apartment,4,1359.48,Fully Furnished,3,2,28,13,19.236347,72.845695,2023-12-25
2265,Malabar Hill,215000.0,Apartment,2,1301.39,Semi-Furnished,2,0,37,9,18.945197,72.789097,2023-01-27
2266,Chembur,118000.0,Apartment,3,1203.12,Semi-Furnished,3,0,16,7,19.044412,72.897309,2023-01-06
2267,Andheri West,150400.0,Apartment,3,1200.06,Fully Furnished,4,1,34,19,19.129776,72.817941,2023-03-18
2268,Worli,137400.0,Apartment,2,1061.21,Semi-Furnished,2,1,11,20,19.024497,72.823362,2023-06-02
2269,Bandra West,82000.0,Apartment,1,562.33,Semi-Furnished,1,1,29,12,19.064093,72.835241,2023-12-16
2270,Goregaon East,45300.0,Apartment,1,530.24,Unfurnished,2,1,28,15,19.167826,72.867744,2023-03-13
2271,Worli,323200.0,Apartment,4,1709.03,Fully Furnished,4,1,6,13,19.019651,72.815078,2023-04-18
2272,Goregaon East,57500.0,Apartment,1,592.92,Fully Furnished,1,0,27,2,19.174144,72.866327,2023-04-13
2273,Bandra West,160500.0,Studio,1,698.31,Fully Furnished,1,1,23,9,19.06381,72.834293,2023-03-21
2274,Powai,119800.0,Apartment,3,1276.19,Unfurnished,3,1,16,11,19.123394,72.898516,2023-08-22
2275,Goregaon East,79700.0,Apartment,2,898.35,Semi-Furnished,2,1,39,,19.172739,72.857977,2023-01-03
2276,Andheri West,65400.0,Apartment,1,488.29,,1,0,23,12,19.145476,72.831763,2023-03-27
2277,Goregaon East,41600.0,Apartment,1,525.01,Unfurnished,1,0,9,24,19.158394,72.873549,2023-06-01
2278,Lower Parel,187600.0,Apartment,3,1275.08,Semi-Furnished,3,1,16,14,19.000839,72.837332,2023-01-09
2279,Bandra West,257200.0,Apartment,3,1243.81,Fully Furnished,3,1,13,9,19.068785,72.834636,2023-07-06
2280,Worli,194000.0,Apartment,2,1207.25,Fully Furnished,2,0,25,14,19.021009,72.816454,2023-01-18
2281,Bandra West,-50000,Apartment,5,1864.22,Unfurnished,5,2,14,17,19.061956,72.82742,2023-10-23
2282,Juhu,167400.0,Apartment,2,1244.82,Semi-Furnished,2,1,33,12,19.099513,72.828879,2023-11-24
2283,Bandra West,124100.0,Apartment,2,879.03,Unfurnished,3,1,32,3,19.061621,72.821018,2023-04-14
2284,Lower Parel,185600.0,Studio,1,901.1,Fully Furnished,1,1,35,9,19.004662,72.826775,2023-09-22
2285,Andheri West,55700.0,Apartment,1,572.41,Unfurnished,2,1,27,20,19.140028,72.828971,2023-01-25
2286,Malabar Hill,221500.0,Apartment,1,1122.91,Fully Furnished,1,1,1,17,18.949015,72.795381,2023-01-18
2287,Borivali West,59400.0,Apartment,1,503.33,Fully Furnished,1,0,26,9,19.230888,72.836193,2023-10-11
2288,Andheri West,91900.0,Apartment,2,782.61,Semi-Furnished,2,0,1,18,19.139395,72.831895,2023-05-10
2289,Borivali West,95600.0,Apartment,2,904.13,Fully Furnished,2,1,1,10,19.22507,72.84307,2023-04-03
2290,Chembur,117800.0,Apartment,3,1193.14,Semi-Furnished,3,1,29,12,19.049945,72.892806,2023-11-20
2291,Malabar Hill,274300.0,Apartment,2,1375.43,Fully Furnished,3,1,14,29,18.949223,72.790804,2023-10-01
2292,Worli,111800.0,Apartment,1,835.37,,1,0,40,5,19.011747,72.809937,2023-07-15
2293,Bandra West,158600.0,Apartment,2,873.73,Fully Furnished,2,1,7,13,19.05772,72.828546,2023-08-18
2294,Andheri West,107000.0,Apartment,2,851.59,Semi-Furnished,2,1,15,24,19.142377,72.823096,2023-06-13
2295,Borivali West,95100.0,Apartment,2,814.83,Fully Furnished,2,1,32,13,19.233992,72.843543,2023-05-17
2296,Powai,90200.0,Apartment,2,1053.56,Unfurnished,2,1,31,11,19.116652,72.91131,2023-04-28
2297,Borivali West,67600.0,Apartment,2,827.07,Unfurnished,2,0,21,26,19.232944,72.850427,2023-01-25
2298,Borivali West,138000.0,Apartment,4,1429.41,Semi-Furnished,3,0,15,11,19.228689,72.834842,2023-08-04
2299,Andheri W,39000.0,Studio,1,326.48,Fully Furnished,1,0,14,0,19.22235,72.843797,2023-01-31
2300,Malabar Hill,327500.0,Apartment,4,2007.31,Semi-Furnished,3,0,16,1,18.942768,72.800386,2023-07-04
2301,Juhu,148900.0,Apartment,1,974.09,Semi-Furnished,2,2,9,9,19.113582,72.83553,2023-04-14
2302,Powai,134500.0,Apartment,2,964.51,Fully Furnished,2,2,33,25,19.117228,72.910467,2023-05-09
2303,Powai,165800.0,Apartment,4,1597.7,Semi-Furnished,3,2,31,28,19.10952,72.915818,2023-09-27
2304,Worli,225200.0,Apartment,4,1718.95,Unfurnished,3,1,12,9,19.010609,72.811413,2023-07-20
2305,Chembur,74400.0,Apartment,1,633.51,Fully Furnished,1,1,40,24,19.043911,72.904816,2023-05-03
2306,Bandra West,156600.0,Apartment,3,1211.53,Unfurnished,3,1,13,,19.061191,72.8346,2023-08-17
2307,Goregaon East,79900.0,Apartment,2,900.67,Semi-Furnished,2,0,10,11,19.162756,72.867225,2023-10-04
2308,Goregaon East,52400.0,Apartment,1,535.59,Semi-Furnished,1,1,35,9,19.163387,72.866913,2023-10-06
2309,Lower Parel,161900.0,Apartment,2,1040.45,Fully Furnished,2,0,36,2,19.004649,72.821245,2023-07-21
2310,Bandra West,117400.0,Apartment,1,668.52,,2,0,32,,19.054683,72.83254,2023-05-03
2311,Worli,225100.0,Apartment,3,1405.85,Semi-Furnished,3,1,16,18,19.012382,72.823342,2023-09-26
2312,Lower Parel,102000.0,Apartment,1,712.92,Semi-Furnished,2,2,10,1,18.985337,72.824444,2023-11-21
2313,Goregaon East,67800.0,Apartment,1,-500,Fully Furnished,1,0,25,10,19.159837,72.869702,2023-08-15
2314,Worli,194300.0,Apartment,2,1137.53,Fully Furnished,3,2,18,6,19.012658,72.826335,2023-10-06
2315,Worli,192400.0,Apartment,3,1486.84,Unfurnished,4,0,14,15,19.016118,72.822605,2023-01-08
2316,Bandra West,161700.0,Apartment,2,872.19,Fully Furnished,2,0,23,6,19.060418,72.82418,2023-05-10
2317,Worli,154700.0,Apartment,2,1064.41,Semi-Furnished,2,1,5,15,19.012754,72.821769,2023-03-26
2318,Powai,62700.0,Villa,1,713.4,Unfurnished,1,1,12,25,19.109813,72.90481,2023-03-13
2319,Goregaon East,88400.0,Apartment,2,891.08,Semi-Furnished,2,0,21,0,19.169597,72.868503,2023-05-23
2320,Worli,199300.0,Apartment,3,1473.61,Semi-Furnished,3,0,11,10,19.018123,72.816717,2023-05-03
2321,Lower Parel,69400.0,Studio,1,470.27,Semi-Furnished,1,1,23,9,19.00045,72.832948,2023-10-15
2322,Bandra West,72800.0,Apartment,1,591.49,Unfurnished,1,1,16,1,19.056254,72.820645,2023-01-11
2323,Lower Parel,210700.0,Apartment,4,1592.1,Semi-Furnished,4,0,9,1,18.994966,72.823979,2023-01-27
2324,Juhu,221900.0,Apartment,2,1266.85,Fully Furnished,3,1,1,0,19.115293,72.830056,2023-12-14
2325,Malabar Hill,244000.0,Apartment,2,1255.76,Fully Furnished,2,1,25,0,18.95535,72.802024,2023-01-30
2326,Juhu,154000.0,Apartment,1,808.75,Fully Furnished,1,0,10,8,19.103141,72.822423,2023-11-17
2327,Chembur,49800.0,Apartment,1,542.01,Semi-Furnished,1,1,29,27,19.061143,72.908206,2023-05-29
2328,Worli,189900.0,Apartment,2,1135.63,Fully Furnished,2,0,36,0,19.010035,72.823199,2023-05-18
2329,Malabar Hill,168600.0,Villa,1,1049.32,Semi-Furnished,1,1,9,12,18.943764,72.797002,2023-06-27
2330,Malabar Hill,308200.0,Apartment,3,1593.66,Fully Furnished,3,1,32,23,18.944034,72.802389,2023-09-08
2331,Juhu,271300.0,Villa,3,1508.75,Fully Furnished,4,1,5,21,19.108999,72.835216,2023-06-22
2332,Worli,172500.0,Apartment,2,1198.21,Semi-Furnished,2,1,14,30,19.017278,72.821516,2023-01-27
2333,Lower Parel,193900.0,Apartment,3,1308.27,Semi-Furnished,3,1,3,,19.00116,72.827326,2023-12-05
2334,Juhu,205400.0,Independent House,3,1460.77,Semi-Furnished,3,1,12,12,19.102774,72.83348,2023-01-17
2335,Juhu,397300.0,Independent House,5,2081.81,Fully Furnished,4,1,31,24,19.11432,72.828037,2023-03-15
2336,Andheri West,53900.0,Apartment,1,494.83,Semi-Furnished,1,1,17,15,19.136897,72.819698,2023-11-23
2337,Borivali West,68500.0,Apartment,2,772.68,,2,1,18,13,19.226168,72.842171,2023-06-14
2338,Juhu,158900.0,Apartment,1,871.22,Fully Furnished,1,2,7,2,19.098224,72.825191,2023-05-20
2339,Goregaon East,54200.0,Apartment,1,604.56,Semi-Furnished,1,1,29,13,19.158129,72.867736,2023-03-24
2340,Borivali West,119100.0,Apartment,3,1026.27,Fully Furnished,4,1,37,18,19.237194,72.843709,2023-11-25
2341,bandra west,228800.0,Apartment,3,1430.03,Fully Furnished,3,1,30,9,19.02369,72.813052,2023-01-31
2342,Chembur,104100.0,Apartment,3,1140.81,Semi-Furnished,3,1,8,11,19.044336,72.89529,2023-11-22
2343,Worli,275900.0,Apartment,3,1480.19,Fully Furnished,3,0,8,7,19.013942,72.816206,2023-08-27
2344,Bandra West,149000.0,Apartment,2,905.05,Semi-Furnished,2,0,28,11,19.053169,72.833426,2023-06-01
2345,Powai,102600.0,Apartment,2,1049.38,Semi-Furnished,2,1,27,18,19.108293,72.910765,2023-08-13
2346,Lower Parel,58200.0,Studio,1,406.23,Semi-Furnished,1,1,27,13,18.992979,72.827548,2023-05-25
2347,Malabar Hill,178700.0,Apartment,1,980.9,Fully Furnished,1,0,23,22,18.954031,72.802417,2023-01-16
2348,Juhu,142700.0,Apartment,1,915.17,Fully Furnished,2,1,29,3,19.112218,72.819875,2023-04-30
2349,Powai,,Apartment,2,983.41,Semi-Furnished,2,0,11,4,19.114914,72.913789,2023-01-07
2350,Worli,300800.0,Apartment,4,1754.82,Fully Furnished,3,1,29,4,19.009568,72.808804,2023-07-10
2351,Andheri West,50200.0,Apartment,1,535.96,Unfurnished,1,2,11,11,19.132086,72.820234,2023-05-17
2352,Worli,149600.0,Apartment,2,1061.4,Semi-Furnished,2,1,21,4,19.015518,72.8073,2023-06-10
2353,Powai,102000.0,Apartment,2,951.4,,2,1,24,15,19.114292,72.897338,2023-10-29
2354,Powai,83500.0,Apartment,2,1008.6,Unfurnished,2,0,5,13,19.115938,72.897784,2023-05-18
2355,Lower Parel,129600.0,Apartment,2,1117.31,Unfurnished,2,0,10,30,18.995501,72.837804,2023-12-13
2356,Bandra West,91100.0,Apartment,1,643.96,Semi-Furnished,1,1,3,30,19.064961,72.838468,2023-08-18
2357,Malabar Hill,172100.0,Apartment,2,1287.57,Unfurnished,3,1,33,28,18.950424,72.785362,2023-01-08
2358,Malabar Hill,229700.0,Apartment,2,1335.61,Semi-Furnished,3,0,8,2,18.946798,72.785667,2023-01-13
2359,bandra west,73500.0,Studio,1,502.43,Semi-Furnished,1,1,28,15,19.146293,72.819644,2023-05-01
2360,Goregaon East,71900.0,Studio,1,540.48,Fully Furnished,2,1,28,3,19.168713,72.870982,2023-03-18
2361,Borivali West,71800.0,Apartment,2,778.47,Semi-Furnished,3,1,36,15,19.235745,72.841876,2023-02-08
2362,Chembur,58800.0,Apartment,1,673.76,Semi-Furnished,1,2,23,7,19.054834,72.893722,2023-09-20
2363,Lower Parel,186300.0,Apartment,4,1678.4,Unfurnished,3,1,19,5,18.988183,72.832682,2023-07-17
2364,Chembur,101200.0,Apartment,3,1269.36,Unfurnished,3,2,18,14,19.050464,72.907352,2023-04-06
2365,Chembur,107100.0,Apartment,2,905.41,Fully Furnished,2,1,1,11,19.05989,72.890223,2023-06-09
2366,Worli,147000.0,Apartment,2,1142.64,Semi-Furnished,2,1,37,14,19.014561,72.814218,2023-11-10
2367,Worli,83700.0,Apartment,1,763.07,Unfurnished,1,0,16,3,19.011514,72.811686,2023-06-24
2368,Malabar Hill,99500.0,Studio,1,593.32,Unfurnished,1,1,36,,18.95788,72.785355,2023-03-10
2369,Juhu,210600.0,Apartment,2,1243.46,Fully Furnished,3,0,25,5,19.110839,72.821851,2023-07-06
2370,Lower Parel,132500.0,Apartment,2,1097.88,Unfurnished,2,0,34,23,18.993741,72.827927,2023-08-06
2371,Lower Parel,120800.0,Apartment,2,1080.75,Unfurnished,2,1,19,14,19.002224,72.821668,2023-08-28
2372,Bandra West,173500.0,Apartment,3,1155.55,Semi-Furnished,3,1,13,5,19.068424,72.822093,2023-04-26
2373,Lower Parel,116900.0,Apartment,1,725.32,,1,1,22,8,18.989034,72.820196,2023-06-26
2374,Lower Parel,176900.0,Apartment,2,1113.24,Fully Furnished,2,1,35,14,19.000462,72.834116,2023-01-09
2375,Lower Parel,155000.0,Apartment,2,1033.88,Semi-Furnished,2,1,39,,18.999331,72.832645,2023-10-23
2376,Worli,157700.0,Apartment,2,1050.03,Semi-Furnished,2,2,21,17,19.019808,72.818441,2023-12-27
2377,Lower Parel,157600.0,Apartment,2,1045.07,Semi-Furnished,2,1,34,9,19.002695,72.824711,2023-04-26
2378,Lower Parel,169200.0,Apartment,3,1366.37,Unfurnished,3,1,29,9,18.997675,72.827413,2023-02-14
2379,Juhu,152200.0,Apartment,2,1146.65,Unfurnished,2,1,23,25,19.099218,72.825874,2023-10-19
2380,Powai,141900.0,Apartment,3,1333.66,Semi-Furnished,3,0,17,14,19.115502,72.902395,2023-01-30
2381,Borivali West,81500.0,Apartment,2,840.3,Semi-Furnished,2,1,26,7,19.232076,72.834258,2023-01-08
2382,Lower Parel,178700.0,Independent House,2,1025.4,Fully Furnished,2,1,19,15,18.997683,72.834522,2023-03-07
2383,Worli,191900.0,Apartment,3,1390.96,Semi-Furnished,3,1,12,29,19.013451,72.825491,2023-05-01
2384,Juhu,187300.0,Apartment,2,1136.91,Fully Furnished,2,1,25,14,19.098892,72.822291,2023-12-07
2385,Chembur,126100.0,Independent House,2,1009.18,Fully Furnished,3,1,33,17,19.042905,72.906347,2023-11-02
2386,bandra west,64500.0,Apartment,2,814.6,Unfurnished,2,0,6,28,19.161965,72.864964,2023-04-28
2387,Worli,248800.0,Apartment,3,1407.82,Fully Furnished,4,1,37,8,19.016692,72.813004,2023-07-14
2388,Bandra West,159000.0,Apartment,2,944.78,Semi-Furnished,2,0,39,13,19.064583,72.838803,2023-08-01
2389,Andheri West,65100.0,Apartment,1,545.49,Semi-Furnished,1,1,16,0,19.132975,72.831661,2023-08-14
2390,Lower Parel,96900.0,Apartment,1,775.89,Semi-Furnished,2,1,26,6,18.99952,72.820562,2023-03-16
2391,Bandra West,145900.0,Apartment,2,893.62,Semi-Furnished,2,2,4,2,19.064903,72.83734,2023-07-06
2392,Worli,192300.0,Apartment,3,1357.22,Semi-Furnished,3,1,11,28,19.014751,72.815816,2023-10-06
2393,Bandra West,171200.0,Apartment,2,835.05,Fully Furnished,2,0,38,12,19.055449,72.830482,2023-06-16
2394,Juhu,118600.0,Apartment,1,859.01,Semi-Furnished,1,2,26,15,19.100632,72.821294,2023-01-11
2395,Malabar Hill,255900.0,Apartment,3,1549.76,Semi-Furnished,3,2,34,8,18.947064,72.793274,2023-10-30
2396,Andheri West,104100.0,Apartment,2,887.6,Semi-Furnished,2,1,24,14,19.130199,72.833377,2023-08-12
2397,Powai,113200.0,Apartment,3,1337.54,Unfurnished,3,1,10,13,19.114615,72.914109,2023-04-10
2398,Goregaon East,74100.0,Apartment,2,835.53,Unfurnished,2,1,24,6,19.156654,72.856696,2023-05-06
2399,Andheri West,202600.0,Apartment,5,1747.57,Semi-Furnished,5,1,26,29,19.141243,72.824468,2023-01-14
2400,Andheri West,84300.0,Apartment,2,925.31,Unfurnished,2,1,27,23,19.135005,72.829465,2023-09-13
2401,Juhu,202100.0,Apartment,2,1165.65,Fully Furnished,2,1,25,2,19.106354,72.831175,2023-08-16
2402,Goregaon East,152600.0,Apartment,4,1360.85,Fully Furnished,3,2,28,14,19.158226,72.866198,2023-01-01
2403,Worli,125900.0,Studio,1,660.91,Fully Furnished,2,0,19,11,19.021931,72.807128,2023-03-08
2404,Juhu,282800.0,Apartment,3,1457.75,Fully Furnished,4,1,16,12,19.109112,72.82843,2023-06-12
2405,Andheri West,100100.0,Apartment,2,926.99,Semi-Furnished,2,1,34,11,19.13996,72.824627,2023-11-01
2406,Borivali West,99800.0,Apartment,2,825.82,Fully Furnished,2,2,39,7,19.222422,72.843678,2023-06-13
2407,Juhu,215800.0,Apartment,2,1125.84,Fully Furnished,2,1,29,30,19.099128,72.827266,2023-11-14
2408,Chembur,126500.0,Apartment,3,1156.96,,4,0,12,6,19.053984,72.895894,2023-06-15
2409,Borivali West,119300.0,Apartment,3,1053.24,,3,1,37,20,19.235995,72.848888,2023-03-06
2410,Juhu,107700.0,Apartment,1,822.89,Unfurnished,1,2,27,9,19.104869,72.835198,2024-01-01
2411,Borivali West,164000.0,Apartment,4,1384.97,,4,1,8,4,19.234078,72.840604,2023-09-08
2412,Juhu,180600.0,Apartment,2,1216.68,Semi-Furnished,2,1,28,25,19.110325,72.826609,2023-10-25
2413,Worli,184000.0,Apartment,3,1375.36,Semi-Furnished,4,1,21,28,19.012747,72.826519,2023-11-26
2414,Andheri W,112400.0,Independent House,2,819.96,Unfurnished,2,2,2,16,19.053239,72.838491,2023-12-30
2415,Goregaon East,92400.0,Apartment,2,884.48,Fully Furnished,2,1,6,11,19.16099,72.868181,2023-08-15
2416,Juhu,104700.0,Apartment,1,886.65,Unfurnished,1,1,30,6,19.104087,72.822608,2023-09-11
2417,Worli,184000.0,Apartment,2,1078.38,Fully Furnished,2,0,34,1,19.026375,72.813584,2023-12-24
2418,Worli,210800.0,Apartment,3,1342.34,Semi-Furnished,3,1,36,14,19.01657,72.825487,2023-04-04
2419,Borivali West,55500.0,Apartment,1,520.84,Fully Furnished,2,1,11,,19.236216,72.842622,2023-01-02
2420,Worli,185100.0,Apartment,2,1069.88,Fully Furnished,2,1,33,28,19.015368,72.809838,2023-03-05
2421,Malabar Hill,222500.0,Independent House,2,1236.73,Semi-Furnished,2,2,37,2,18.945812,72.801218,2023-06-17
2422,Borivali West,123300.0,Apartment,4,1381.85,Unfurnished,3,2,19,8,19.23182,72.848848,2023-09-30
2423,Malabar Hill,154500.0,Apartment,1,1041.02,Semi-Furnished,1,1,33,11,18.940426,72.790763,2023-09-27
2424,Andheri West,57000.0,Apartment,1,495.92,Semi-Furnished,2,1,16,0,19.141631,72.834143,2023-08-08
2425,Andheri West,119300.0,Apartment,2,797.65,Fully Furnished,2,1,29,5,19.133014,72.823717,2023-06-09
2426,Malabar Hill,161200.0,Apartment,2,1200.03,Unfurnished,2,0,25,15,18.952982,72.799782,2023-08-12
2427,Malabar Hill,391300.0,Apartment,4,1903.15,Fully Furnished,3,0,9,10,18.94969,72.79548,2023-02-19
2428,Worli,115000.0,Apartment,1,809.68,Semi-Furnished,1,0,40,12,19.022308,72.821193,2023-01-19
2429,Lower Parel,194700.0,Apartment,2,1098.53,Fully Furnished,3,2,36,12,18.991332,72.831948,2023-02-23
2430,Goregaon East,44800.0,Apartment,1,490.94,Semi-Furnished,1,1,38,7,19.172821,72.858553,2023-10-01
2431,Bandra West,86600.0,Apartment,1,586.79,Semi-Furnished,1,1,7,3,19.056994,72.824133,2023-03-20
2432,Powai,154500.0,Apartment,3,1367.83,Semi-Furnished,3,0,11,11,19.126436,72.905766,2023-10-27
2433,Borivali West,40600.0,Apartment,1,390.85,Semi-Furnished,1,2,15,11,19.236676,72.83755,2023-01-19
2434,Andheri West,65600.0,Apartment,1,-500,Semi-Furnished,1,0,7,2,19.139492,72.832497,2023-12-16
2435,Powai,89000.0,Apartment,2,997.54,Unfurnished,2,1,37,9,19.112686,72.90612,2023-01-23
2436,Goregaon East,50500.0,Apartment,1,568.69,Semi-Furnished,1,2,11,8,19.170633,72.862126,2023-12-27
2437,Andheri West,94800.0,Apartment,2,856.63,Semi-Furnished,2,0,23,10,19.13744,72.820568,2023-02-14
2438,Goregaon East,147200.0,Apartment,3,1157.97,Fully Furnished,3,1,1,20,19.161841,72.859327,2023-11-18
2439,Juhu,206000.0,Apartment,2,1257.89,Fully Furnished,3,1,34,1,19.101263,72.822437,2023-07-20
2440,Powai,90900.0,Apartment,2,913.43,Semi-Furnished,2,1,29,18,19.125918,72.904591,2023-08-17
2441,Lower Parel,134900.0,Apartment,2,1091.92,Unfurnished,2,1,25,13,18.99902,72.837713,2023-10-26
2442,Lower Parel,103500.0,Apartment,1,761.55,Semi-Furnished,1,1,26,14,19.003496,72.824807,2023-01-03
2443,Goregaon East,93900.0,Apartment,2,835.89,Fully Furnished,2,1,14,13,19.155425,72.860647,2023-06-04
2444,Malabar Hill,162100.0,Apartment,1,949.18,Semi-Furnished,2,0,2,0,18.944991,72.787703,2023-03-22
2445,Bandra West,201100.0,Apartment,3,1204.58,Semi-Furnished,4,1,24,7,19.067482,72.830767,2023-12-09
2446,Malabar Hill,259000.0,Apartment,4,1901.77,Unfurnished,3,0,25,6,18.947064,72.790794,2023-07-14
2447,Bandra West,288900.0,Apartment,4,1566.57,Fully Furnished,4,1,39,30,19.065236,72.839363,2023-11-23
2448,Powai,130000.0,Apartment,3,1323.01,Semi-Furnished,3,0,27,7,19.124929,72.912887,2023-06-15
2449,Chembur,70900.0,Apartment,2,863.49,Unfurnished,2,1,40,18,19.050568,72.896983,2023-07-22
2450,Malabar Hill,124400.0,Apartment,1,1004.38,Unfurnished,2,0,3,23,18.959473,72.786655,2023-12-18
2451,Lower Parel,149800.0,Apartment,3,1367.72,Unfurnished,3,2,22,12,18.99795,72.837899,2023-01-04
2452,Lower Parel,135000.0,Apartment,2,1023.36,Semi-Furnished,2,1,40,1,19.003095,72.836986,2023-03-02
2453,Powai,114500.0,Apartment,2,1014.39,Semi-Furnished,2,1,17,7,19.118613,72.915015,2023-05-08
2454,Lower Parel,144500.0,Apartment,2,1043.56,Semi-Furnished,2,1,39,2,19.001923,72.82968,2023-11-19
2455,Lower Parel,177100.0,Apartment,3,1275.85,Semi-Furnished,3,1,24,20,18.996093,72.825417,2023-05-05
2456,Andheri W,177300.0,Apartment,3,1142.55,Semi-Furnished,3,0,10,0,19.063732,72.819547,2023-10-28
2457,Worli,113200.0,Apartment,1,804.86,Semi-Furnished,1,0,6,2,19.02668,72.824972,2023-04-13
2458,Borivali West,27000.0,Studio,1,284.27,Unfurnished,1,1,14,0,19.235558,72.838634,2023-07-24
2459,Andheri West,119200.0,Villa,2,914.57,Fully Furnished,2,1,29,15,19.127224,72.832948,2023-05-09
2460,Chembur,79800.0,Apartment,2,951.93,Unfurnished,2,1,22,28,19.058251,72.909455,2023-03-22
2461,Borivali West,94600.0,Apartment,2,833.99,Fully Furnished,2,1,2,28,19.228379,72.836056,2023-07-12
2462,Goregaon East,103100.0,Apartment,2,888.23,Fully Furnished,2,1,29,10,19.164016,72.866468,2023-07-08
2463,Worli,112600.0,Apartment,1,826.93,,2,1,23,12,19.019389,72.824802,2023-09-25
2464,Malabar Hill,186500.0,Apartment,2,1266.65,Unfurnished,2,2,21,0,18.943144,72.799034,2023-03-01
2465,Malabar Hill,264500.0,Apartment,2,1275.78,Fully Furnished,3,2,29,30,18.951467,72.803441,2023-02-17
2466,Goregaon East,106700.0,Apartment,2,912.25,Fully Furnished,2,1,1,16,19.173263,72.864566,2023-02-16
2467,Andheri West,121900.0,Apartment,2,868.68,Fully Furnished,2,1,35,26,19.128057,72.820947,2023-11-29
2468,Worli,260800.0,Villa,4,1655.04,Semi-Furnished,3,0,5,20,19.021092,72.824063,2023-01-30
2469,Malabar Hill,243500.0,Apartment,3,1575.18,Unfurnished,3,1,12,2,18.946342,72.790833,2023-08-31
2470,Goregaon East,166500.0,Apartment,4,1532.9,Fully Furnished,4,0,28,2,19.159834,72.857596,2023-09-19
2471,Malabar Hill,284700.0,Apartment,3,1606.29,Semi-Furnished,3,0,28,3,18.948494,72.791495,2023-05-27
2472,Worli,137800.0,Apartment,1,843.14,Fully Furnished,1,1,19,27,19.008985,72.811075,2023-12-01
2473,Lower Parel,145000.0,Apartment,2,1059.53,Semi-Furnished,2,1,39,6,19.000288,72.827257,2023-12-17
2474,Goregaon East,60500.0,Apartment,1,555.41,Fully Furnished,1,1,18,10,19.159949,72.860958,2023-05-02
2475,Chembur,87000.0,Apartment,2,848.31,Semi-Furnished,2,1,24,26,19.043176,72.90917,2023-06-13
2476,Chembur,71700.0,Apartment,1,720.13,Fully Furnished,1,1,29,6,19.048751,72.905257,2023-01-11
2477,S. Mumbai - Worli,55900.0,Apartment,1,563.85,Fully Furnished,1,1,25,14,19.230912,72.851935,2023-11-07
2478,Lower Parel,93300.0,Apartment,1,764.57,Unfurnished,1,1,25,13,18.99551,72.828855,2023-01-14
2479,Bandra West,113600.0,Apartment,2,50000,Unfurnished,3,1,38,18,19.053793,72.838611,2023-03-24
2480,Powai,,Apartment,2,1039.15,Semi-Furnished,3,1,23,3,19.126759,72.901224,2023-03-01
2481,Worli,128300.0,Apartment,1,746.38,Fully Furnished,1,1,32,8,19.021349,72.806837,2023-06-08
2482,Lower Parel,109800.0,Apartment,1,754.65,Fully Furnished,1,1,40,5,18.991886,72.829531,2023-12-06
2483,Borivali West,38800.0,Independent House,1,483.3,Unfurnished,1,1,36,25,19.226708,72.847528,2023-04-25
2484,Powai,98900.0,Apartment,2,963.95,Semi-Furnished,2,1,5,1,19.120794,72.908733,2023-02-22
2485,Worli,220800.0,Apartment,2,50000,Fully Furnished,2,0,17,20,19.021129,72.824137,2023-05-28
2486,Powai,91500.0,Apartment,1,721.93,Fully Furnished,1,1,16,11,19.126423,72.911138,2023-01-31
2487,Chembur,99300.0,Apartment,2,926.02,Fully Furnished,2,1,29,9,19.050685,72.908427,2023-02-27
2488,Malabar Hill,142900.0,Apartment,1,1065.95,Unfurnished,1,1,24,0,18.946032,72.799287,2023-10-06
2489,Malabar Hill,202600.0,Apartment,2,1300.82,Semi-Furnished,2,1,15,4,18.953423,72.796497,2023-02-01
2490,Goregaon East,41900.0,Apartment,1,538.68,Unfurnished,2,0,21,11,19.171681,72.874844,2023-03-08
2491,Malabar Hill,251500.0,Apartment,3,1608.17,Semi-Furnished,3,1,15,16,18.945607,72.794625,2023-10-01
2492,Malabar Hill,350200.0,Apartment,3,1586.06,Fully Furnished,3,1,19,30,18.95487,72.793925,2023-04-21
2493,Bandra West,114100.0,Apartment,2,951.47,Unfurnished,2,0,15,7,19.063539,72.839478,2023-08-09
2494,Chembur,118700.0,Apartment,2,937.99,Fully Furnished,2,0,4,13,19.057679,72.893798,2023-01-05
2495,Chembur,76000.0,Apartment,2,824.34,Semi-Furnished,3,1,19,2,19.050023,72.906063,2023-02-19
2496,Juhu,238900.0,Apartment,4,1776.65,Unfurnished,3,1,21,21,19.097982,72.83063,2023-11-07
2497,Worli,192100.0,Apartment,2,1080.37,Fully Furnished,3,2,3,11,19.007354,72.811283,2023-11-06
2498,Borivali West,40300.0,Apartment,1,508.48,Unfurnished,2,1,17,,19.233186,72.849696,2023-12-23
2499,Juhu,172000.0,Apartment,1,904.35,Fully Furnished,2,1,6,11,19.10878,72.819786,2023-01-05
2500,Andheri West,139300.0,Apartment,3,1164.13,Semi-Furnished,3,2,2,0,19.143763,72.824682,2023-06-05
2501,Malabar Hill,182500.0,Apartment,1,1047.71,Fully Furnished,1,2,23,2,18.957789,72.785748,2023-01-21
2502,Lower Parel,201400.0,Apartment,3,1297.79,Fully Furnished,3,0,35,11,18.996919,72.821039,2023-10-10
2503,Lower Parel,105600.0,Apartment,2,956.1,Unfurnished,2,1,39,17,19.003149,72.834052,2023-12-08
2504,Goregaon East,94400.0,Apartment,2,819.44,Fully Furnished,2,1,20,21,19.170118,72.861634,2023-02-06
2505,Andheri W,66900.0,Apartment,2,870.12,Unfurnished,2,1,7,27,19.168612,72.858933,2023-03-22
2506,Juhu,150000.0,Studio,1,673.59,Fully Furnished,1,2,18,3,19.107602,72.834351,2023-11-26
2507,Powai,99400.0,Apartment,1,771.57,Fully Furnished,2,0,6,1,19.121214,72.911348,2023-12-16
2508,Chembur,149800.0,Apartment,3,1115.21,Fully Furnished,3,1,18,30,19.059981,72.900989,2023-01-11
2509,Lower Parel,157100.0,Apartment,2,1068.66,Semi-Furnished,3,1,10,10,18.996503,72.83108,2023-09-11
2510,Juhu,214600.0,Apartment,3,1469.45,,4,1,31,1,19.104512,72.827558,2023-03-17
2511,Malabar Hill,270600.0,Apartment,2,1337.41,,2,1,28,5,18.94241,72.788795,2023-10-29
2512,Andheri W,45700.0,Apartment,1,520.82,Semi-Furnished,1,1,38,6,19.225171,72.836436,2023-08-18
2513,bandra west,103200.0,Apartment,3,1114.54,Semi-Furnished,3,1,27,6,19.228349,72.843726,2023-08-17
2514,Andheri West,43700.0,Apartment,1,481.56,Unfurnished,1,2,2,7,19.131943,72.830498,2023-11-13
2515,Chembur,99200.0,Apartment,2,889.04,,2,1,32,10,19.056851,72.90369,2023-06-22
2516,Juhu,,Apartment,2,1200.54,Fully Furnished,2,0,12,16,19.113107,72.830017,2023-04-21
2517,Powai,98500.0,Apartment,2,1026.8,Semi-Furnished,2,1,21,14,19.119221,72.901454,2023-10-12
2518,Powai,171400.0,Apartment,3,1258.1,Fully Furnished,4,1,35,8,19.112884,72.89945,2023-06-06
2519,Chembur,182200.0,Apartment,4,1492.7,Fully Furnished,4,1,26,0,19.055815,72.894621,2023-08-28
2520,Lower Parel,104700.0,Studio,1,620.67,,1,2,28,16,18.992162,72.821719,2023-03-30
2521,Bandra West,86500.0,Apartment,1,570.94,Semi-Furnished,1,1,14,0,19.053915,72.836499,2023-04-11
2522,Lower Parel,200800.0,Independent House,3,1382.93,Semi-Furnished,3,1,28,8,18.996344,72.820006,2023-02-20
2523,Goregaon East,111600.0,Apartment,2,889.59,Fully Furnished,2,1,20,3,19.157714,72.865743,2023-10-05
2524,Chembur,207600.0,Apartment,4,1570.28,Fully Furnished,3,0,13,29,19.054255,72.897195,2023-07-08
2525,Goregaon East,71900.0,Apartment,2,848.88,Unfurnished,2,0,14,21,19.172332,72.867098,2023-05-27
2526,Lower Parel,146800.0,Apartment,2,-500,Semi-Furnished,2,0,16,8,19.001158,72.838109,2023-12-17
2527,Chembur,54200.0,Apartment,1,662.01,Unfurnished,1,0,29,4,19.048305,72.904981,2023-11-21
2528,Malabar Hill,154800.0,Apartment,1,951.27,Semi-Furnished,1,1,16,14,18.957212,72.786585,2023-05-18
2529,Powai,137000.0,Apartment,3,1287.98,Semi-Furnished,3,1,40,0,19.119536,72.913324,2023-03-26
2530,Goregaon East,84700.0,Apartment,2,844.06,Semi-Furnished,2,1,10,0,19.163804,72.858546,2023-01-05
2531,Andheri West,68300.0,Apartment,1,543.36,Fully Furnished,1,2,28,24,19.13074,72.824852,2023-07-22
2532,Bandra West,105500.0,Apartment,1,622.51,Fully Furnished,2,1,33,11,19.065852,72.829043,2023-02-16
2533,Bandra West,257900.0,Apartment,3,1240.75,Fully Furnished,3,2,29,16,19.053298,72.821573,2023-01-04
2534,Juhu,126600.0,Apartment,1,944.19,Semi-Furnished,1,1,1,0,19.109832,72.819461,2023-10-10
2535,Powai,112700.0,Studio,1,958.16,Semi-Furnished,1,1,18,22,19.113862,72.8977,2023-11-29
2536,Lower Parel,114800.0,Apartment,1,803.44,Semi-Furnished,1,1,2,0,19.003754,72.832355,2023-05-05
2537,Chembur,98200.0,Studio,1,925.26,Unfurnished,1,1,10,12,19.059448,72.905434,2023-12-26
2538,Juhu,415300.0,Apartment,5,2056.65,Fully Furnished,4,1,25,11,19.101089,72.824314,2023-03-28
2539,Lower Parel,198600.0,Apartment,3,1399.26,,3,0,32,2,19.000844,72.820387,2023-09-13
2540,Andheri West,107300.0,Apartment,2,863.01,Fully Furnished,2,2,37,21,19.13433,72.83246,2023-03-29
2541,Goregaon East,135800.0,Apartment,3,1221.66,Fully Furnished,4,2,18,,19.169574,72.866374,2023-03-16
2542,Bandra West,154400.0,Apartment,2,832.5,Fully Furnished,2,1,33,28,19.067155,72.838447,2023-05-10
2543,Juhu,140400.0,Apartment,1,991.05,Semi-Furnished,1,0,1,12,19.098382,72.826997,2023-01-06
2544,Lower Parel,104400.0,Apartment,1,679.59,Fully Furnished,1,1,26,3,19.000969,72.824649,2023-08-24
2545,Bandra West,196500.0,Apartment,3,1256.67,Semi-Furnished,3,0,35,6,19.05318,72.825179,2023-05-09
2546,Borivali West,75800.0,Apartment,2,736.75,Semi-Furnished,2,1,32,7,19.229865,72.838751,2023-04-01
2547,Chembur,119100.0,Apartment,3,1282.01,Semi-Furnished,3,0,12,11,19.061275,72.898777,2023-08-05
2548,Lower Parel,229400.0,Apartment,3,1230.7,Fully Furnished,3,1,38,10,18.997118,72.835147,2023-07-20
2549,Malabar Hill,147100.0,Apartment,1,1014.11,Semi-Furnished,1,1,27,6,18.949818,72.798164,2023-07-03
2550,Andheri West,146100.0,Apartment,3,1162.67,Semi-Furnished,3,1,15,11,19.132661,72.825529,2023-02-24
2551,Goregaon East,69900.0,Studio,1,656.92,Semi-Furnished,2,1,26,22,19.159469,72.873735,2023-07-04
2552,Malabar Hill,265100.0,Apartment,2,1307.14,Fully Furnished,3,1,36,0,18.956015,72.794262,2023-10-14
2553,Worli,245000.0,Apartment,3,1414.38,Fully Furnished,4,2,19,6,19.017698,72.816905,2023-06-15
2554,Worli,243100.0,Apartment,3,1409.33,Fully Furnished,3,1,15,11,19.017574,72.820526,2023-12-29
2555,Juhu,242000.0,Apartment,3,1436.54,Fully Furnished,3,1,19,13,19.112452,72.832729,2023-06-11
2556,Bandra West,89400.0,Apartment,1,455.18,Fully Furnished,2,1,24,9,19.068023,72.835401,2023-06-14
2557,Andheri West,160700.0,Independent House,3,1202.46,Fully Furnished,3,2,33,0,19.129498,72.820992,2023-07-15
2558,Borivali West,114300.0,Apartment,3,1064.38,Fully Furnished,3,2,24,11,19.22539,72.839158,2023-04-07
2559,Andheri West,49500.0,Apartment,1,485.86,Unfurnished,1,1,8,15,19.131645,72.827958,2023-11-22
2560,Borivali West,110500.0,Apartment,3,1125.14,Semi-Furnished,4,1,3,,19.223125,72.849534,2023-04-19
2561,Juhu,164800.0,Apartment,2,1210.45,Semi-Furnished,3,0,15,13,19.110988,72.819863,2023-03-19
2562,Worli,177200.0,Apartment,2,1166.39,Semi-Furnished,2,0,20,0,19.008631,72.819504,2023-11-12
2563,Malabar Hill,351200.0,Apartment,5,2220.33,Semi-Furnished,5,1,14,11,18.958023,72.804375,2023-06-06
2564,Chembur,200900.0,Apartment,4,1576.23,Fully Furnished,3,1,21,10,19.052882,72.901847,2023-02-25
2565,Chembur,62000.0,Studio,1,545.45,Semi-Furnished,1,0,10,1,19.057378,72.891573,2023-11-20
2566,Chembur,87100.0,Apartment,2,883.65,Semi-Furnished,2,0,1,10,19.060778,72.898075,2023-08-11
2567,Lower Parel,143900.0,Apartment,2,1031.4,Semi-Furnished,2,1,33,4,18.989403,72.838111,2023-07-02
2568,Worli,145900.0,Studio,1,662.7,Fully Furnished,1,1,37,6,19.010295,72.815883,2023-10-05
2569,Bandra West,193100.0,Apartment,2,950.1,Fully Furnished,2,1,27,12,19.05971,72.832503,2023-03-31
2570,Goregaon East,70100.0,Apartment,2,902.55,Unfurnished,2,1,34,8,19.16199,72.867386,2023-03-25
2571,Lower Parel,201700.0,Apartment,2,1107.94,Fully Furnished,2,0,19,15,18.985468,72.820666,2023-08-15
2572,Malabar Hill,134200.0,Apartment,1,917.88,Semi-Furnished,2,1,17,14,18.957948,72.79568,2023-05-20
2573,Worli,112500.0,Apartment,1,790.45,Semi-Furnished,2,1,25,0,19.020655,72.815047,2023-09-16
2574,Goregaon East,119500.0,Independent House,3,1212.23,Semi-Furnished,3,1,20,6,19.158833,72.866981,2023-12-26
2575,Borivali West,101300.0,Apartment,3,1072.72,Semi-Furnished,4,1,2,7,19.237809,72.836069,2023-10-04
2576,Juhu,125100.0,Studio,1,568.3,Fully Furnished,1,1,9,13,19.102425,72.833001,2023-05-10
2577,Juhu,305400.0,Apartment,4,1814.38,Fully Furnished,4,1,28,6,19.107917,72.8306,2023-08-14
2578,Goregaon East,74400.0,Apartment,1,660.05,Fully Furnished,2,0,39,13,19.167223,72.862822,2023-06-25
2579,Borivali West,82800.0,Apartment,2,793.65,Semi-Furnished,2,1,37,4,19.228244,72.839526,2023-08-04
2580,Goregaon East,101500.0,Apartment,2,957.3,Fully Furnished,2,1,15,12,19.166923,72.87257,2023-05-02
2581,Malabar Hill,229400.0,Apartment,2,1261.37,Semi-Furnished,2,1,27,22,18.944533,72.793029,2023-01-31
2582,Juhu,126400.0,Apartment,1,849.47,Semi-Furnished,2,1,38,12,19.110451,72.816929,2023-01-03
2583,Andheri West,69000.0,Apartment,1,592.08,Semi-Furnished,1,1,5,2,19.126427,72.829646,2023-02-12
2584,Goregaon East,103100.0,Apartment,2,824.9,Fully Furnished,2,1,3,23,19.157206,72.871204,2023-07-24
2585,Juhu,208900.0,Apartment,3,1484.11,Unfurnished,4,1,9,14,19.116113,72.82025,2023-12-18
2586,Juhu,208200.0,Studio,1,941.8,,1,1,7,13,19.11252,72.817615,2023-07-26
2587,Andheri West,142500.0,Apartment,3,1096.89,Semi-Furnished,3,2,27,18,19.131204,72.834341,2023-05-12
2588,Lower Parel,210900.0,Apartment,3,1392.29,Semi-Furnished,3,1,13,13,18.986934,72.826425,2023-02-10
2589,Powai,93200.0,Apartment,2,1030.21,Unfurnished,3,1,32,11,19.118876,72.910776,2023-06-12
2590,Bandra West,67800.0,Apartment,1,535.58,Unfurnished,2,1,11,28,19.064171,72.819909,2023-05-21
2591,Worli,152200.0,Apartment,2,1096.56,Semi-Furnished,2,1,15,8,19.017406,72.825574,2023-08-22
2592,Juhu,160000.0,Apartment,2,-500,Unfurnished,3,2,9,2,19.113242,72.832084,2023-03-18
2593,Malabar Hill,166200.0,Apartment,1,1028.62,Semi-Furnished,1,1,5,6,18.959686,72.797272,2023-05-30
2594,Powai,109800.0,Apartment,2,939.36,Fully Furnished,2,1,33,23,19.113284,72.907843,2023-04-03
2595,Bandra West,169900.0,Apartment,2,834.52,Fully Furnished,3,1,17,26,19.068825,72.832513,2023-06-29
2596,Worli,103900.0,Apartment,1,796.76,Semi-Furnished,1,1,27,17,19.019107,72.812449,2023-06-18
2597,Andheri W,107900.0,Independent House,4,1411.57,Unfurnished,3,1,14,7,19.234683,72.83775,2023-02-21
2598,Lower Parel,182600.0,Apartment,2,991.83,Fully Furnished,2,2,33,9,18.995052,72.825598,2023-01-27
2599,Bandra West,139000.0,Apartment,2,946.07,Semi-Furnished,3,1,14,1,19.06707,72.837048,2023-12-03
2600,Worli,122000.0,Villa,1,842.38,Semi-Furnished,1,0,32,13,19.011732,72.818685,2023-11-25
2601,Malabar Hill,184300.0,Studio,1,794.11,Fully Furnished,1,1,13,3,18.945542,72.787153,2023-07-05
2602,Chembur,63400.0,Apartment,2,813.66,Unfurnished,3,0,11,8,19.044293,72.901566,2023-06-30
2603,Chembur,94500.0,Apartment,2,887.16,Semi-Furnished,2,1,7,2,19.06172,72.898419,2023-02-06
2604,Worli,124200.0,Apartment,1,771.47,,1,0,28,7,19.00975,72.822653,2023-01-26
2605,Bandra West,172400.0,Apartment,3,1107.6,Semi-Furnished,3,1,34,13,19.052105,72.826012,2023-11-22
2606,Andheri W,325500.0,Apartment,3,1528.65,Fully Furnished,3,1,14,3,18.952674,72.803137,2023-08-28
2607,Powai,128300.0,Apartment,3,1280.33,Semi-Furnished,3,0,33,15,19.11087,72.901203,2023-06-28
2608,Worli,159600.0,Apartment,2,1044.35,Semi-Furnished,2,0,20,20,19.02103,72.814112,2023-10-31
2609,Lower Parel,164700.0,Apartment,2,1093.32,Semi-Furnished,2,0,13,16,19.000638,72.827135,2023-03-14
2610,Andheri West,135400.0,Apartment,3,1205.98,,3,1,4,7,19.144458,72.833506,2023-11-27
2611,Worli,71000.0,Studio,1,447.72,Semi-Furnished,1,0,24,3,19.021464,72.820326,2023-07-26
2612,Bandra West,305500.0,Apartment,4,1538.17,Fully Furnished,3,0,12,11,19.057003,72.836383,2023-08-25
2613,Goregaon East,85300.0,Apartment,2,872.06,Semi-Furnished,2,1,4,6,19.159426,72.85759,2023-03-19
2614,Lower Parel,204800.0,Apartment,3,1330.86,Semi-Furnished,3,1,7,19,19.002027,72.83401,2023-04-23
2615,Borivali West,54200.0,Apartment,1,492.59,Fully Furnished,1,1,27,1,19.226357,72.841132,2023-11-29
2616,Bandra West,159100.0,Apartment,2,926.23,Fully Furnished,2,1,30,0,19.062738,72.830982,2023-08-24
2617,Juhu,158700.0,Apartment,2,1218.99,Unfurnished,2,0,40,6,19.11476,72.819291,2023-02-05
2618,Malabar Hill,181200.0,Apartment,1,1000.35,Fully Furnished,1,1,35,4,18.952434,72.804724,2023-06-28
2619,Goregaon East,53900.0,Studio,1,527.25,Unfurnished,1,1,1,15,19.164363,72.863159,2023-05-12
2620,Borivali West,40700.0,Apartment,1,511.03,Unfurnished,1,1,6,11,19.22434,72.844814,2023-02-03
2621,Malabar Hill,175500.0,Apartment,1,1038.67,Semi-Furnished,2,1,8,5,18.951358,72.798402,2023-01-29
2622,Powai,111000.0,Apartment,2,981.37,Semi-Furnished,2,1,35,17,19.114892,72.906253,2023-02-02
2623,Andheri West,141200.0,Apartment,3,1089.19,Fully Furnished,3,0,28,10,19.139947,72.828627,2023-06-27
2624,Borivali West,43400.0,Independent House,1,472.44,Semi-Furnished,1,0,5,8,19.219222,72.844111,2023-01-28
2625,Goregaon East,151800.0,Independent House,4,1341.74,Fully Furnished,4,0,6,12,19.169785,72.870197,2023-09-02
2626,Chembur,71600.0,Apartment,1,589.67,Fully Furnished,2,1,34,5,19.047299,72.902451,2023-01-06
2627,Juhu,,Apartment,3,1484.8,Fully Furnished,4,0,4,1,19.099347,72.823251,2023-07-31
2628,Malabar Hill,259400.0,Apartment,2,1353.49,Fully Furnished,3,1,7,25,18.958644,72.788623,2023-09-17
2629,Borivali West,40900.0,Apartment,1,545.82,Unfurnished,1,0,40,23,19.219897,72.840647,2023-08-31
2630,Lower Parel,169100.0,Apartment,3,1255.22,Semi-Furnished,3,1,13,10,18.995752,72.818284,2023-05-04
2631,Andheri West,92200.0,Apartment,2,822.58,Semi-Furnished,2,1,7,15,19.14242,72.822668,2023-07-08
2632,Worli,180700.0,Apartment,2,1107.43,Fully Furnished,2,1,21,1,19.00882,72.81069,2023-03-16
2633,Borivali West,91400.0,Apartment,3,1046.41,Unfurnished,3,0,13,1,19.225314,72.840621,2023-12-20
2634,Andheri W,143000.0,Apartment,1,1004.73,Unfurnished,1,1,35,1,18.948814,72.788594,2023-09-25
2635,Worli,191300.0,Apartment,3,1437.59,Semi-Furnished,3,1,33,,19.01767,72.823128,2023-06-30
2636,Powai,85600.0,Apartment,2,1034.53,Unfurnished,3,1,2,0,19.122545,72.915764,2023-08-19
2637,Worli,173300.0,Apartment,3,1417.43,Unfurnished,3,2,25,14,19.008695,72.826345,2023-09-07
2638,Chembur,75900.0,Apartment,2,839.53,Semi-Furnished,3,0,12,15,19.056289,72.902594,2023-04-01
2639,Worli,274500.0,Apartment,5,1979.54,Semi-Furnished,4,1,32,3,19.013454,72.814269,2023-11-17
2640,Powai,86100.0,Apartment,1,739.58,Fully Furnished,1,0,18,15,19.117956,72.904951,2023-04-18
2641,Malabar Hill,212400.0,Apartment,2,1316.52,Semi-Furnished,2,0,39,2,18.943994,72.799409,2023-09-28
2642,Chembur,63700.0,Apartment,1,668.55,Semi-Furnished,1,1,32,11,19.047109,72.902519,2023-01-30
2643,Bandra West,128300.0,Apartment,2,870.57,Semi-Furnished,2,1,38,3,19.060542,72.830426,2023-03-28
2644,Chembur,79300.0,Independent House,2,886.24,Unfurnished,2,1,25,0,19.044189,72.901417,2023-08-24
2645,Powai,153200.0,Apartment,4,1527.83,Unfurnished,3,1,22,4,19.123644,72.905759,2023-04-18
2646,Andheri West,145100.0,Apartment,3,1209.12,Semi-Furnished,3,1,36,7,19.127396,72.823789,2023-09-16
2647,Malabar Hill,255200.0,Apartment,3,1640.56,Semi-Furnished,4,1,25,4,18.941314,72.795512,2023-01-17
2648,Juhu,116800.0,Villa,1,979.51,Unfurnished,1,0,25,15,19.098645,72.830021,2023-04-22
2649,Andheri West,70700.0,Apartment,1,595.25,Fully Furnished,1,0,9,11,19.136961,72.829921,2023-02-10
2650,Powai,80800.0,Apartment,1,754.31,Fully Furnished,2,0,26,14,19.112105,72.914684,2023-06-26
2651,Bandra West,259100.0,Apartment,4,1470.03,Fully Furnished,3,0,11,9,19.058576,72.82014,2023-12-06
2652,Bandra West,163000.0,Apartment,3,1157.06,Unfurnished,3,0,18,3,19.050317,72.828808,2023-07-26
2653,Powai,175600.0,Apartment,3,1235.33,Fully Furnished,3,2,1,9,19.11242,72.900136,2023-04-28
2654,Bandra West,72000.0,Apartment,1,625.83,Unfurnished,1,1,37,12,19.062911,72.835703,2023-07-05
2655,Borivali West,45300.0,Apartment,1,561.18,Semi-Furnished,1,1,38,10,19.225559,72.846735,2023-04-14
2656,Goregaon East,84100.0,Apartment,2,772.03,Fully Furnished,2,1,24,3,19.172072,72.856889,2023-06-13
2657,Bandra West,109600.0,Apartment,1,643.66,Fully Furnished,1,0,20,14,19.049709,72.836107,2023-07-05
2658,Bandra West,45200.0,Studio,1,326.8,Unfurnished,1,1,19,,19.064856,72.837797,2023-02-24
2659,Bandra West,90300.0,Studio,1,406.79,Fully Furnished,1,2,1,6,19.050247,72.838881,2023-06-28
2660,Andheri West,153100.0,Apartment,4,1484.34,Unfurnished,3,1,2,17,19.129207,72.830447,2023-12-05
2661,Malabar Hill,197500.0,Apartment,2,1326.28,Semi-Furnished,2,1,36,28,18.945142,72.804397,2023-01-02
2662,Malabar Hill,317100.0,Apartment,4,2010.31,Semi-Furnished,3,0,25,2,18.95721,72.79438,2023-12-30
2663,Chembur,196600.0,Apartment,4,1490.66,Fully Furnished,3,1,36,6,19.056578,72.896502,2023-08-07
2664,Juhu,120400.0,Apartment,1,964.48,Unfurnished,1,1,14,,19.107914,72.81949,2023-10-17
2665,Borivali West,48900.0,Apartment,1,494.95,Fully Furnished,1,1,27,0,19.219055,72.837569,2023-08-08
2666,Powai,123600.0,Apartment,2,1006.5,Fully Furnished,2,1,12,16,19.117436,72.901318,2023-02-05
2667,Bandra West,114200.0,Apartment,1,682.77,Fully Furnished,1,1,36,13,19.064458,72.831869,2023-11-09
2668,Andheri West,76300.0,Villa,1,551.73,Fully Furnished,1,1,23,18,19.131998,72.823256,2023-07-15
2669,Goregaon East,101300.0,Apartment,3,1149.73,Unfurnished,3,1,4,10,19.167575,72.876475,2023-02-09
2670,Lower Parel,109300.0,Apartment,1,758.71,Fully Furnished,1,0,38,8,18.992187,72.824899,2023-09-24
2671,Andheri West,76400.0,Apartment,1,585.52,Fully Furnished,1,0,35,11,19.143522,72.828956,2023-03-04
2672,Malabar Hill,160900.0,Apartment,1,928.73,Semi-Furnished,2,0,22,6,18.950825,72.801237,2023-12-10
2673,Worli,152100.0,Apartment,2,1156.18,Semi-Furnished,2,1,10,25,19.013468,72.823492,2023-01-09
2674,Andheri West,84200.0,Apartment,2,771.3,Unfurnished,2,1,18,25,19.131245,72.826792,2023-06-08
2675,Goregaon East,82100.0,Apartment,2,831.48,Semi-Furnished,2,1,24,13,19.167099,72.867764,2023-08-25
2676,Powai,130500.0,Apartment,3,1281.73,Unfurnished,4,1,3,15,19.115781,72.911296,2023-06-17
2677,Andheri West,198000.0,Apartment,4,1417.77,,3,1,15,15,19.137246,72.830519,2023-12-22
2678,Goregaon East,58200.0,Apartment,1,536.94,Fully Furnished,1,0,18,9,19.1589,72.861488,2023-12-05
2679,Bandra West,107400.0,Apartment,1,587.82,Fully Furnished,1,1,31,7,19.052087,72.821673,2023-07-31
2680,Lower Parel,188000.0,Apartment,2,1059.44,Fully Furnished,2,1,15,5,19.003935,72.83407,2023-06-15
2681,Goregaon East,117200.0,Apartment,3,1208.17,Semi-Furnished,3,1,21,8,19.154876,72.873864,2023-01-10
2682,Malabar Hill,311300.0,Apartment,3,1522.71,Fully Furnished,3,1,7,,18.957801,72.800844,2023-01-25
2683,Lower Parel,170700.0,Apartment,3,1307.8,Semi-Furnished,3,2,12,4,18.990546,72.825751,2023-04-16
2684,Malabar Hill,234400.0,Apartment,2,1266.44,Fully Furnished,2,0,6,1,18.950402,72.804913,2023-04-14
2685,Andheri W,148900.0,Apartment,2,1096.41,Semi-Furnished,2,0,8,5,18.988998,72.827746,2023-10-25
2686,Malabar Hill,265500.0,Apartment,2,1324.63,Fully Furnished,2,1,11,13,18.941504,72.791907,2023-10-13
2687,Worli,174400.0,Apartment,2,1065.34,Fully Furnished,2,0,32,12,19.008353,72.821119,2023-06-09
2688,Malabar Hill,170500.0,Apartment,2,1153.43,Unfurnished,2,1,17,4,18.951753,72.793349,2023-05-08
2689,Malabar Hill,145100.0,Apartment,1,972.65,Semi-Furnished,1,1,37,6,18.955743,72.797925,2023-04-05
2690,Malabar Hill,190100.0,Apartment,1,962.13,Fully Furnished,1,1,10,8,18.948286,72.802196,2023-09-19
2691,Andheri West,97300.0,Apartment,2,834.27,Semi-Furnished,2,0,25,3,19.136124,72.837599,2023-07-17
2692,Lower Parel,222100.0,Apartment,3,1416.23,Fully Furnished,3,0,11,14,18.994229,72.828276,2023-10-08
2693,Goregaon East,32900.0,Studio,1,311.63,Semi-Furnished,1,2,9,3,19.166824,72.869503,2023-04-07
2694,Borivali West,75700.0,Apartment,2,765.1,Semi-Furnished,2,1,19,12,19.226893,72.848267,2023-08-01
2695,Worli,141900.0,Apartment,2,1079.19,Unfurnished,2,1,22,13,19.018157,72.82036,2023-07-05
2696,Lower Parel,235000.0,Apartment,4,1599.89,Semi-Furnished,4,2,13,10,18.989102,72.830589,2023-03-27
2697,Goregaon East,55200.0,Apartment,1,539.26,Fully Furnished,2,1,4,23,19.17039,72.868254,2023-06-20
2698,Malabar Hill,292600.0,Apartment,4,1901.21,Unfurnished,3,1,11,4,18.94608,72.794817,2023-01-16
2699,Andheri West,112500.0,Apartment,2,900.06,Fully Furnished,2,1,8,14,19.13555,72.837313,2023-10-31
2700,Juhu,221700.0,Apartment,3,1510.21,Semi-Furnished,3,1,3,13,19.115536,72.817619,2023-07-03
2701,Goregaon East,86100.0,Apartment,2,820.02,Fully Furnished,2,1,1,13,19.162486,72.873929,2023-06-24
2702,Borivali West,136700.0,Apartment,5,1639.97,Unfurnished,4,0,26,6,19.22696,72.853576,2023-03-01
2703,Andheri West,115200.0,Apartment,2,929.59,Fully Furnished,2,0,24,15,19.132167,72.822303,2023-02-13
2704,Goregaon East,106000.0,Apartment,3,1144.71,Semi-Furnished,3,1,25,9,19.162054,72.861209,2023-01-11
2705,Malabar Hill,174700.0,Apartment,2,1288.1,Unfurnished,2,1,4,7,18.940724,72.78716,2023-10-12
2706,Bandra West,108400.0,Apartment,1,609.02,Fully Furnished,1,1,25,0,19.066919,72.822663,2023-01-29
2707,Chembur,56500.0,Apartment,1,516.42,Fully Furnished,2,1,6,10,19.054333,72.901431,2023-08-14
2708,Bandra West,,Apartment,2,844.39,Semi-Furnished,2,2,4,9,19.058441,72.820974,2023-04-12
2709,Borivali West,,Apartment,1,492.5,Semi-Furnished,1,1,32,11,19.233668,72.84849,2023-04-14
2710,Powai,70200.0,Apartment,1,650.0,Semi-Furnished,1,1,29,4,19.11429,72.9094,2023-06-06
2711,Powai,136300.0,Independent House,2,981.51,Fully Furnished,3,1,25,13,19.121102,72.903738,2023-05-01
2712,Lower Parel,179200.0,Apartment,3,1380.95,Semi-Furnished,3,0,31,12,18.987744,72.832054,2023-06-02
2713,Borivali West,87000.0,Apartment,2,830.86,Fully Furnished,2,0,30,2,19.224254,72.848627,2023-06-03
2714,Juhu,135100.0,Apartment,2,1105.77,Unfurnished,2,1,4,17,19.116132,72.823937,2023-03-05
2715,Bandra West,118100.0,Independent House,1,654.63,Fully Furnished,1,1,39,26,19.057042,72.829396,2023-11-28
2716,Juhu,138000.0,Apartment,1,874.49,Semi-Furnished,1,0,39,8,19.116107,72.836296,2023-11-10
2717,Juhu,206600.0,Apartment,2,1165.64,Fully Furnished,2,1,31,0,19.112196,72.833317,2023-08-14
2718,Goregaon East,56100.0,Apartment,1,556.41,Fully Furnished,1,0,1,8,19.170985,72.866814,2023-12-17
2719,Lower Parel,120600.0,Apartment,1,684.01,Fully Furnished,1,0,21,1,19.001643,72.837516,2023-05-08
2720,Borivali West,46700.0,Apartment,1,442.27,Fully Furnished,1,0,5,8,19.237158,72.83737,2023-05-11
2721,Bandra West,290100.0,Apartment,4,1470.91,Fully Furnished,4,1,19,11,19.050389,72.838048,2023-11-03
2722,Chembur,69300.0,Independent House,1,673.79,Fully Furnished,1,2,8,13,19.051443,72.899845,2023-03-16
2723,Andheri West,82500.0,Independent House,2,761.32,Unfurnished,2,1,16,9,19.132514,72.820794,2023-11-12
2724,Andheri West,107900.0,Apartment,2,814.66,Fully Furnished,2,1,12,11,19.130576,72.828393,2023-01-08
2725,bandra west,96300.0,Apartment,2,867.88,Semi-Furnished,2,1,9,26,19.131929,72.832655,2023-07-05
2726,Powai,155900.0,Apartment,3,1306.18,Fully Furnished,4,1,12,10,19.126469,72.911073,2023-11-05
2727,Chembur,68300.0,Apartment,1,606.82,Fully Furnished,1,1,14,2,19.044707,72.909209,2023-08-09
2728,Goregaon East,84700.0,Studio,1,661.99,Fully Furnished,1,1,33,13,19.170092,72.865764,2023-05-12
2729,Lower Parel,153200.0,Apartment,2,1044.57,Semi-Furnished,2,2,17,26,18.999548,72.819762,2023-08-02
2730,Bandra West,147500.0,Apartment,2,804.37,Fully Furnished,3,1,38,9,19.054241,72.825812,2023-01-01
2731,Lower Parel,160800.0,Apartment,2,1057.46,Fully Furnished,3,0,2,11,19.000893,72.832827,2023-03-26
2732,Worli,107100.0,Villa,1,864.1,Semi-Furnished,1,1,22,5,19.01958,72.821871,2023-05-20
2733,Worli,298900.0,Apartment,4,1720.7,Fully Furnished,3,1,24,11,19.024662,72.812631,2023-03-17
2734,Juhu,169000.0,Apartment,2,1196.46,Semi-Furnished,3,1,39,15,19.109067,72.823322,2023-01-16
2735,Malabar Hill,182000.0,Apartment,2,1232.17,Unfurnished,2,1,1,15,18.944845,72.793914,2023-09-18
2736,Worli,94200.0,Apartment,1,773.93,Unfurnished,1,1,34,12,19.023552,72.821674,2023-01-10
2737,Borivali West,104300.0,Apartment,3,1059.4,Semi-Furnished,3,0,11,24,19.229208,72.850551,2023-07-02
2738,Bandra West,200500.0,Apartment,3,1253.4,Semi-Furnished,4,1,9,10,19.067333,72.839117,2023-01-25
2739,Worli,182900.0,Independent House,2,1121.95,Fully Furnished,3,0,11,8,19.007161,72.816153,2023-05-18
2740,Andheri West,90600.0,Apartment,2,741.6,Semi-Furnished,2,0,13,3,19.12774,72.825596,2023-11-29
2741,Lower Parel,193000.0,Apartment,4,1670.64,Unfurnished,3,1,31,6,18.994159,72.826606,2023-04-04
2742,Powai,191800.0,Apartment,5,1859.94,,5,1,1,6,19.112024,72.897812,2023-09-26
2743,Powai,259700.0,Villa,5,1917.08,Fully Furnished,5,1,25,19,19.123657,72.898967,2023-01-13
2744,Worli,141900.0,Apartment,1,814.01,Fully Furnished,2,0,18,7,19.015501,72.825788,2023-02-01
2745,Worli,179900.0,Apartment,2,1038.33,Fully Furnished,2,0,4,8,19.016318,72.822799,2023-05-12
2746,Malabar Hill,264200.0,Apartment,3,1577.59,Semi-Furnished,3,0,28,11,18.948997,72.785426,2023-07-06
2747,Worli,214300.0,Apartment,3,1340.26,Fully Furnished,3,1,18,17,19.022119,72.820923,2023-10-26
2748,Chembur,142100.0,Apartment,3,1239.47,Fully Furnished,3,1,11,1,19.046072,72.90704,2023-04-20
2749,Bandra West,73500.0,Apartment,1,614.56,Unfurnished,1,0,30,11,19.065116,72.828183,2023-12-29
2750,Lower Parel,229700.0,Apartment,3,1252.28,Fully Furnished,3,1,10,5,18.988577,72.827694,2023-09-17
2751,Powai,213000.0,Apartment,5,1894.1,Semi-Furnished,5,1,17,24,19.125211,72.897581,2023-08-08
2752,Powai,165900.0,Apartment,3,1280.96,Fully Furnished,3,1,30,3,19.115693,72.898114,2023-12-26
2753,Chembur,103900.0,Apartment,2,1008.01,Semi-Furnished,2,1,15,8,19.04624,72.902569,2023-09-05
2754,Andheri West,63800.0,Apartment,1,612.96,Semi-Furnished,1,0,20,23,19.143098,72.826255,2023-11-07
2755,Chembur,108400.0,Apartment,2,887.64,Fully Furnished,2,2,35,15,19.05581,72.900951,2023-04-24
2756,Andheri West,90900.0,Apartment,2,872.37,Unfurnished,2,1,2,10,19.14055,72.837025,2023-06-30
2757,Juhu,190600.0,Studio,1,888.46,Fully Furnished,1,1,15,,19.100519,72.830655,2023-09-09
2758,S. Mumbai - Worli,37300.0,Apartment,1,479.57,Unfurnished,1,1,15,1,19.170926,72.87017,2023-12-16
2759,Bandra West,153100.0,Apartment,2,904.8,Semi-Furnished,2,1,13,0,19.06004,72.824761,2023-11-24
2760,Worli,114200.0,Apartment,1,755.53,Semi-Furnished,1,2,32,26,19.012587,72.809499,2023-05-08
2761,Lower Parel,96000.0,Apartment,1,700.18,Semi-Furnished,1,0,40,10,18.988101,72.828765,2023-04-13
2762,bandra west,138500.0,Apartment,2,1023.79,Semi-Furnished,2,1,11,15,19.001092,72.825753,2023-09-27
2763,Juhu,205000.0,Independent House,2,1271.25,Fully Furnished,2,1,36,3,19.109958,72.835795,2023-02-23
2764,Lower Parel,88700.0,Apartment,1,742.87,Unfurnished,1,1,40,14,18.997154,72.819531,2023-07-31
2765,Borivali West,38700.0,Apartment,1,426.47,Semi-Furnished,1,0,30,11,19.223996,72.840751,2023-08-14
2766,Malabar Hill,316800.0,Apartment,4,1847.36,Semi-Furnished,3,1,16,8,18.94393,72.797133,2023-05-01
2767,Malabar Hill,199000.0,Independent House,1,1004.06,Fully Furnished,1,2,35,22,18.956139,72.791184,2023-07-06
2768,Juhu,212600.0,Apartment,2,1188.5,Fully Furnished,2,1,7,7,19.108863,72.829509,2023-04-24
2769,Andheri West,79600.0,Apartment,2,819.34,Unfurnished,2,0,36,5,19.129009,72.826549,2023-02-07
2770,Juhu,216400.0,Apartment,2,1184.13,Fully Furnished,3,1,38,0,19.09778,72.826823,2023-05-10
2771,Worli,110500.0,Apartment,1,823.91,Semi-Furnished,1,1,26,7,19.021877,72.807259,2023-10-12
2772,Chembur,51600.0,Apartment,1,571.26,Semi-Furnished,1,2,34,8,19.045768,72.897781,2023-08-03
2773,Bandra West,170500.0,Apartment,2,831.68,Fully Furnished,2,1,1,0,19.060362,72.830423,2023-08-22
2774,Goregaon East,119700.0,Apartment,3,1123.14,Semi-Furnished,3,0,13,0,19.172593,72.864982,2023-02-02
2775,Powai,136000.0,Apartment,4,1576.57,Unfurnished,3,0,18,29,19.127443,72.89719,2023-10-24
2776,Bandra West,,Apartment,3,1230.74,Semi-Furnished,3,1,39,8,19.064978,72.824254,2023-10-03
2777,Chembur,43000.0,Apartment,1,607.71,Unfurnished,2,1,18,11,19.057625,72.904429,2023-03-14
2778,Worli,133700.0,Apartment,2,1071.42,Unfurnished,3,1,17,9,19.008533,72.818597,2023-08-11
2779,Borivali West,67900.0,Apartment,2,778.38,Semi-Furnished,2,1,18,15,19.235966,72.8528,2023-12-13
2780,Lower Parel,92000.0,Apartment,1,721.08,,1,1,33,7,18.986918,72.819621,2023-10-05
2781,Chembur,157300.0,Apartment,4,1532.21,Semi-Furnished,3,1,18,16,19.050618,72.900553,2023-03-31
2782,Malabar Hill,241600.0,Apartment,4,1829.51,,3,2,4,6,18.958069,72.790704,2023-10-19
2783,Worli,258200.0,Apartment,4,1745.75,Semi-Furnished,3,1,22,,19.020651,72.811971,2023-12-26
2784,Chembur,148300.0,Apartment,3,1103.58,Fully Furnished,3,1,10,8,19.057894,72.903068,2023-05-27
2785,Bandra West,113300.0,Apartment,1,616.08,Fully Furnished,1,2,20,10,19.065776,72.828961,2023-07-04
2786,Juhu,209500.0,Apartment,3,1470.86,Semi-Furnished,3,1,4,14,19.109564,72.835194,2023-10-02
2787,Andheri West,146100.0,Apartment,3,1193.2,Semi-Furnished,3,1,6,4,19.139859,72.820838,2023-01-24
2788,Bandra West,163100.0,Apartment,2,873.67,Fully Furnished,3,1,36,8,19.068751,72.826698,2023-06-26
2789,Borivali West,80200.0,Apartment,2,736.41,Fully Furnished,2,0,28,10,19.224998,72.853564,2023-07-25
2790,Juhu,169500.0,Apartment,1,1017.5,Fully Furnished,1,1,16,10,19.10281,72.828834,2023-10-27
2791,Malabar Hill,161100.0,Apartment,1,985.68,Semi-Furnished,1,1,25,1,18.952975,72.802055,2023-06-21
2792,Malabar Hill,169900.0,Apartment,1,1049.57,Semi-Furnished,2,1,23,2,18.953303,72.789923,2023-02-22
2793,Powai,56400.0,Apartment,1,662.99,Unfurnished,1,0,1,,19.11518,72.912596,2023-04-10
2794,bandra west,236900.0,Apartment,2,1155.83,Fully Furnished,2,0,27,4,18.946115,72.794599,2023-11-22
2795,Malabar Hill,194400.0,Apartment,2,1212.02,Semi-Furnished,2,2,31,20,18.941115,72.790858,2023-12-12
2796,Andheri West,115900.0,Apartment,3,1122.47,Unfurnished,3,1,3,6,19.146157,72.818097,2023-03-10
2797,Borivali West,73900.0,Independent House,2,855.22,Unfurnished,2,2,22,11,19.230265,72.841587,2023-08-05
2798,Andheri West,98400.0,Apartment,2,905.83,Semi-Furnished,2,0,34,9,19.141032,72.832998,2023-03-29
2799,Lower Parel,159800.0,Apartment,2,1062.16,,2,1,19,11,19.005176,72.834419,2023-07-16
2800,Juhu,138500.0,Apartment,1,970.83,Semi-Furnished,1,1,9,3,19.115556,72.816966,2023-11-21
2801,Malabar Hill,196200.0,Apartment,3,1508.87,Unfurnished,3,1,18,9,18.959995,72.802731,2023-11-29
2802,Goregaon East,167400.0,Apartment,4,1435.9,Fully Furnished,3,0,36,16,19.1618,72.870941,2023-02-18
2803,Andheri West,45900.0,Independent House,1,543.35,Unfurnished,1,0,13,12,19.13254,72.824973,2023-12-04
2804,Goregaon East,64100.0,Apartment,1,565.65,Fully Furnished,1,1,11,6,19.170655,72.874432,2023-07-04
2805,Bandra West,138800.0,Studio,1,733.72,Semi-Furnished,1,1,34,8,19.054959,72.829632,2023-04-11
2806,Bandra West,136200.0,Studio,1,730.97,Semi-Furnished,1,1,23,9,19.065003,72.830631,2023-09-27
2807,Worli,146900.0,Apartment,2,1089.67,Semi-Furnished,2,1,24,29,19.006966,72.819075,2023-09-26
2808,Powai,116600.0,Apartment,2,939.32,Fully Furnished,2,2,2,13,19.124375,72.90294,2023-12-14
2809,Borivali West,71200.0,Apartment,2,775.62,Semi-Furnished,2,2,38,3,19.223841,72.834463,2023-01-22
2810,Goregaon East,54900.0,Apartment,1,642.6,Semi-Furnished,1,1,7,9,19.169835,72.872439,2023-02-10
2811,Andheri West,123000.0,Apartment,3,1155.74,Unfurnished,3,0,10,8,19.131691,72.832015,2023-03-03
2812,Andheri W,109500.0,Apartment,2,994.34,Semi-Furnished,2,0,2,1,19.108145,72.899814,2023-01-08
2813,Juhu,197200.0,Apartment,2,1151.72,Fully Furnished,2,0,38,15,19.112679,72.828383,2023-04-28
2814,Goregaon East,56100.0,Apartment,1,567.44,Fully Furnished,1,1,27,13,19.169672,72.874465,2023-10-03
2815,Chembur,145900.0,Apartment,3,1257.15,Fully Furnished,3,1,1,13,19.049734,72.892077,2023-05-02
2816,Worli,241000.0,Apartment,4,1679.57,Semi-Furnished,3,1,13,3,19.02027,72.818044,2023-11-03
2817,Juhu,256700.0,Apartment,3,1486.59,Fully Furnished,4,0,18,3,19.116423,72.833383,2023-03-24
2818,Worli,172700.0,Independent House,2,1111.36,Fully Furnished,2,0,39,12,19.024136,72.812425,2023-10-25
2819,Bandra West,232200.0,Apartment,3,1243.29,Fully Furnished,3,0,38,10,19.060048,72.835983,2023-01-14
2820,Chembur,68500.0,Apartment,1,634.5,Fully Furnished,1,2,40,9,19.049248,72.893435,2023-02-27
2821,Borivali West,98900.0,Apartment,2,824.15,Fully Furnished,2,1,38,15,19.219233,72.838946,2023-11-09
2822,Bandra West,143900.0,Apartment,2,879.37,Semi-Furnished,2,1,12,2,19.053422,72.819614,2023-12-15
2823,Bandra West,118000.0,Apartment,2,923.48,Unfurnished,2,0,30,13,19.051559,72.830454,2023-11-14
2824,Borivali West,143400.0,Apartment,4,1354.69,Semi-Furnished,3,1,9,3,19.232463,72.850157,2023-12-13
2825,Lower Parel,,Apartment,3,1431.85,Unfurnished,4,1,27,1,18.993718,72.831097,2023-08-17
2826,Bandra West,178600.0,Independent House,3,1208.66,Semi-Furnished,3,1,3,22,19.066448,72.825998,2023-05-28
2827,Worli,251000.0,Apartment,4,1612.73,Semi-Furnished,3,2,5,20,19.016469,72.813505,2023-04-17
2828,Lower Parel,83700.0,Apartment,1,670.09,Unfurnished,1,0,2,11,18.988571,72.825469,2023-04-06
2829,Goregaon East,49700.0,Apartment,1,491.07,Semi-Furnished,1,1,19,8,19.15534,72.876153,2023-04-30
2830,Bandra West,190600.0,Apartment,2,1009.06,Fully Furnished,2,2,19,6,19.051696,72.834278,2023-03-07
2831,Juhu,170800.0,Apartment,2,1251.26,Semi-Furnished,3,1,4,3,19.11585,72.81976,2023-05-31
2832,Bandra West,110800.0,Villa,1,650.2,Fully Furnished,2,0,5,13,19.051101,72.835514,2023-04-16
2833,Borivali West,95100.0,Apartment,3,1042.44,Semi-Furnished,3,1,1,13,19.224098,72.838659,2023-03-01
2834,Andheri West,105300.0,Apartment,2,767.49,Fully Furnished,2,0,10,0,19.145592,72.820143,2023-02-23
2835,Andheri West,217000.0,Apartment,4,1492.7,Fully Furnished,3,1,13,7,19.14557,72.817908,2023-08-04
2836,Lower Parel,283500.0,Apartment,4,1660.07,Fully Furnished,4,0,13,3,18.999973,72.829115,2023-06-14
2837,Lower Parel,161300.0,Independent House,2,1067.81,Semi-Furnished,2,1,40,15,18.99345,72.820183,2023-05-01
2838,Bandra West,250800.0,Apartment,4,1470.74,Semi-Furnished,4,1,7,5,19.06326,72.821785,2023-11-09
2839,Chembur,94800.0,Apartment,2,941.58,Semi-Furnished,3,1,34,29,19.0564,72.906771,2023-06-21
2840,Lower Parel,158400.0,Apartment,2,1046.93,Semi-Furnished,3,0,28,,18.997807,72.835285,2023-08-10
2841,Goregaon East,131100.0,Apartment,3,1189.63,Fully Furnished,3,1,9,18,19.164454,72.866454,2023-08-07
2842,Malabar Hill,154000.0,Apartment,1,933.26,Semi-Furnished,1,1,17,14,18.954317,72.802225,2023-02-12
2843,Worli,141500.0,Apartment,1,836.84,Fully Furnished,1,1,28,7,19.008547,72.823125,2023-01-09
2844,Powai,138800.0,Apartment,2,998.66,Fully Furnished,3,1,36,15,19.118694,72.896033,2023-01-11
2845,Worli,128200.0,Apartment,2,1116.32,Unfurnished,2,1,14,6,19.011271,72.818264,2023-04-16
2846,Borivali West,,Studio,1,266.09,Semi-Furnished,1,1,2,4,19.232376,72.835167,2023-01-25
2847,Worli,119100.0,Apartment,1,818.72,Semi-Furnished,1,1,23,2,19.018378,72.812358,2023-10-27
2848,Andheri West,156200.0,Apartment,3,1078.77,Fully Furnished,3,1,38,6,19.136395,72.83254,2023-11-19
2849,Lower Parel,153100.0,Apartment,2,1002.33,Semi-Furnished,2,1,6,13,19.004782,72.833536,2023-02-17
2850,Goregaon East,58800.0,Studio,1,551.43,Semi-Furnished,1,1,22,27,19.161688,72.875293,2023-08-17
2851,Powai,124900.0,Apartment,3,1346.2,Unfurnished,3,2,38,9,19.124606,72.91365,2023-08-15
2852,Juhu,336400.0,Apartment,4,1803.88,Fully Furnished,3,0,32,25,19.099593,72.817434,2023-09-23
2853,Malabar Hill,187900.0,Apartment,1,1030.47,Fully Furnished,1,0,10,18,18.956255,72.7931,2023-02-19
2854,Chembur,83400.0,Apartment,2,767.34,Semi-Furnished,3,1,26,3,19.048449,72.907416,2023-05-14
2855,Bandra West,81300.0,Apartment,1,591.55,Unfurnished,1,0,10,8,19.058231,72.819873,2023-03-09
2856,Lower Parel,218200.0,Apartment,3,1382.27,Fully Furnished,3,0,20,11,18.999446,72.829955,2023-02-16
2857,Goregaon East,85500.0,Apartment,2,876.77,Semi-Furnished,3,1,38,3,19.165245,72.860025,2023-02-02
2858,Andheri W,212900.0,Apartment,1,1055.23,Fully Furnished,1,1,15,5,18.94074,72.804383,2023-11-27
2859,Bandra West,147400.0,Apartment,2,910.95,Semi-Furnished,2,1,7,4,19.049861,72.82521,2023-01-09
2860,Chembur,54900.0,Apartment,1,655.3,Unfurnished,1,1,6,28,19.05731,72.89803,2023-02-27
2861,Goregaon East,129400.0,Apartment,3,1178.56,Fully Furnished,3,1,21,15,19.157189,72.86389,2023-06-08
2862,Goregaon East,93800.0,Apartment,2,760.62,Fully Furnished,2,2,20,10,19.165611,72.860373,2023-10-22
2863,Worli,197800.0,Apartment,3,1466.21,Semi-Furnished,3,2,19,22,19.014989,72.813215,2023-12-31
2864,Worli,141600.0,Apartment,1,842.23,Fully Furnished,2,0,2,28,19.021009,72.82052,2023-05-30
2865,Malabar Hill,203100.0,Apartment,2,1213.12,Semi-Furnished,3,2,16,2,18.959836,72.799877,2023-11-05
2866,Borivali West,50900.0,Apartment,1,528.33,Semi-Furnished,1,1,20,11,19.229327,72.836758,2023-04-24
2867,Worli,181300.0,Apartment,2,1128.77,Fully Furnished,2,1,22,6,19.016583,72.824756,2023-06-13
2868,Goregaon East,140300.0,Apartment,3,1113.94,,3,0,17,17,19.17122,72.871192,2023-02-17
2869,Powai,100200.0,Apartment,2,983.52,Semi-Furnished,2,1,11,5,19.109104,72.90655,2023-06-25
2870,Juhu,192600.0,Apartment,2,1162.11,Fully Furnished,2,2,2,0,19.103631,72.834263,2023-07-13
2871,Bandra West,93400.0,Apartment,1,622.36,Semi-Furnished,1,1,22,4,19.065743,72.830637,2023-11-17
2872,Juhu,173700.0,Apartment,2,1274.61,Unfurnished,2,0,23,0,19.108134,72.831937,2023-03-07
2873,Goregaon East,131100.0,Apartment,3,1129.37,Fully Furnished,3,2,25,3,19.161421,72.872999,2023-05-09
2874,Bandra West,72900.0,Apartment,1,548.64,Unfurnished,1,1,24,4,19.068382,72.823124,2023-11-18
2875,Bandra West,251800.0,Apartment,3,1280.02,Fully Furnished,4,1,13,17,19.057302,72.833325,2023-08-28
2876,bandra west,57300.0,Apartment,1,591.03,,2,0,34,29,19.046867,72.902529,2023-09-23
2877,Lower Parel,,Apartment,1,662.67,Semi-Furnished,1,1,20,2,19.001703,72.828912,2023-05-13
2878,Bandra West,105000.0,Apartment,2,835.35,Unfurnished,2,2,40,14,19.068362,72.822982,2023-05-11
2879,Powai,115300.0,Apartment,2,1026.18,Semi-Furnished,2,1,35,11,19.110737,72.910811,2023-07-26
2880,Worli,160700.0,Apartment,2,1152.45,Semi-Furnished,2,0,14,27,19.024243,72.820967,2023-08-01
2881,Goregaon East,44400.0,Apartment,1,529.73,Semi-Furnished,1,1,28,18,19.158203,72.865789,2023-03-12
2882,Powai,68900.0,Apartment,1,665.78,Semi-Furnished,1,2,30,12,19.120912,72.903186,2023-09-23
2883,Chembur,40200.0,Apartment,1,556.94,Unfurnished,2,1,4,0,19.046984,72.896322,2023-08-15
2884,Powai,186400.0,Apartment,5,1942.11,Unfurnished,4,1,12,1,19.116492,72.911644,2023-02-13
2885,Bandra West,112600.0,Apartment,2,770.0,Unfurnished,2,1,8,28,19.055854,72.830571,2023-06-02
2886,Worli,87400.0,Studio,1,632.78,Unfurnished,2,0,12,5,19.020862,72.815623,2023-06-03
2887,Chembur,47800.0,Apartment,1,574.41,Semi-Furnished,2,1,3,27,19.052857,72.904011,2023-08-08
2888,Borivali West,72200.0,Apartment,2,883.62,Unfurnished,2,1,13,13,19.227539,72.842772,2023-04-28
2889,Goregaon East,105900.0,Apartment,2,880.11,Fully Furnished,2,1,2,30,19.171789,72.871727,2023-07-31
2890,Chembur,65200.0,Apartment,1,657.71,Fully Furnished,2,1,10,4,19.05879,72.894827,2023-11-11
2891,Lower Parel,239600.0,Apartment,4,1662.16,Semi-Furnished,3,1,11,15,19.002797,72.820088,2023-03-10
2892,Bandra West,81800.0,Apartment,1,518.59,Semi-Furnished,2,1,3,0,19.06913,72.831934,2023-12-13
2893,Lower Parel,124900.0,Studio,1,594.06,Fully Furnished,1,1,3,6,19.002589,72.824735,2023-01-04
2894,Lower Parel,237300.0,Apartment,3,1400.18,Fully Furnished,4,2,14,16,18.989015,72.832907,2023-04-11
2895,Andheri West,55200.0,Apartment,1,549.15,Semi-Furnished,1,1,37,13,19.143149,72.837557,2023-07-14
2896,Chembur,147300.0,Apartment,3,1281.3,Fully Furnished,3,1,37,30,19.048253,72.90219,2023-10-21
2897,Goregaon East,66200.0,Apartment,1,602.24,Fully Furnished,2,0,6,9,19.158804,72.862488,2023-05-30
2898,Worli,190300.0,Apartment,2,1076.46,Fully Furnished,2,0,8,2,19.014076,72.810181,2023-01-15
2899,Borivali West,113700.0,Apartment,4,1434.41,Unfurnished,3,1,35,10,19.229827,72.84812,2023-05-22
2900,Borivali West,99200.0,Apartment,2,797.22,Fully Furnished,2,0,22,13,19.220795,72.852333,2023-05-29
2901,Chembur,62000.0,Apartment,1,673.29,Semi-Furnished,1,0,26,13,19.061879,72.892603,2023-12-14
2902,Malabar Hill,199200.0,Studio,1,1095.48,Semi-Furnished,1,0,13,10,18.953538,72.795622,2023-09-21
2903,Powai,102900.0,Apartment,2,979.16,Semi-Furnished,2,1,35,0,19.12263,72.899068,2023-04-16
2904,Borivali West,149400.0,Apartment,4,1371.08,Fully Furnished,3,1,30,23,19.223927,72.834548,2023-04-07
2905,Chembur,98600.0,Apartment,2,940.96,Fully Furnished,2,0,25,0,19.052494,72.896656,2023-05-22
2906,Andheri West,144700.0,Apartment,3,1147.97,Semi-Furnished,3,0,38,11,19.137744,72.820622,2023-12-25
2907,Borivali West,73100.0,Apartment,2,864.98,Unfurnished,2,1,37,4,19.222615,72.836684,2023-11-10
2908,Andheri W,48000.0,Apartment,1,417.45,Fully Furnished,2,1,15,10,19.237362,72.83681,2023-06-25
2909,Goregaon East,86500.0,Apartment,3,1073.24,Unfurnished,3,1,4,0,19.155059,72.864895,2023-12-23
2910,Chembur,74900.0,Studio,1,689.99,Semi-Furnished,2,0,36,9,19.048346,72.897362,2023-05-04
2911,Powai,67800.0,Apartment,1,699.99,Semi-Furnished,1,2,33,15,19.114944,72.908295,2023-11-11
2912,Lower Parel,108900.0,Apartment,1,706.61,Fully Furnished,2,1,6,0,19.004369,72.834854,2023-03-04
2913,Borivali West,63200.0,Apartment,2,817.87,Unfurnished,2,1,6,2,19.233164,72.849901,2023-07-02
2914,Powai,125000.0,Apartment,2,942.34,Fully Furnished,2,1,10,23,19.118295,72.909263,2023-10-18
2915,Bandra West,228700.0,Apartment,3,1169.54,Fully Furnished,3,0,16,5,19.059914,72.821724,2023-09-09
2916,Worli,102200.0,Apartment,1,805.38,Semi-Furnished,1,0,9,2,19.008218,72.815086,2023-04-18
2917,Lower Parel,97800.0,Apartment,1,672.36,Semi-Furnished,1,2,24,15,18.985771,72.831412,2023-08-31
2918,Goregaon East,45300.0,Apartment,1,474.74,Semi-Furnished,1,1,34,8,19.170196,72.858057,2023-11-28
2919,Worli,153400.0,Apartment,2,1089.82,Semi-Furnished,2,0,29,5,19.025811,72.815458,2023-01-14
2920,Andheri West,100700.0,Apartment,2,818.81,Semi-Furnished,2,0,7,30,19.140944,72.820548,2023-01-05
2921,Borivali West,181700.0,Apartment,4,1403.66,Fully Furnished,3,0,20,9,19.227428,72.842222,2023-02-08
2922,Chembur,114000.0,Independent House,3,1173.28,Semi-Furnished,3,1,8,14,19.058036,72.891854,2023-02-04
2923,Juhu,200600.0,Apartment,2,1204.0,Fully Furnished,2,1,34,6,19.114902,72.830778,2023-07-26
2924,Lower Parel,168400.0,Apartment,2,1039.59,Fully Furnished,2,0,5,13,18.995683,72.818661,2023-01-14
2925,Juhu,195600.0,Apartment,2,1314.66,Semi-Furnished,2,0,4,1,19.1009,72.822437,2023-05-11
2926,Worli,181700.0,Apartment,2,1074.3,Fully Furnished,2,1,30,7,19.010276,72.816396,2023-09-27
2927,Juhu,176700.0,Apartment,2,1126.51,Semi-Furnished,3,1,24,23,19.110344,72.829102,2023-05-05
2928,Malabar Hill,,Apartment,3,1617.83,Fully Furnished,3,1,22,11,18.956143,72.799478,2023-11-23
2929,Chembur,99400.0,Apartment,3,1292.72,Unfurnished,3,1,14,6,19.044287,72.898915,2023-05-15
2930,Borivali West,102700.0,Apartment,2,842.8,Fully Furnished,2,0,4,11,19.22533,72.850863,2023-03-25
2931,Juhu,157000.0,Apartment,2,1170.73,Unfurnished,2,2,18,1,19.097973,72.818844,2023-03-20
2932,Lower Parel,105700.0,Apartment,1,804.48,Semi-Furnished,1,0,4,5,18.997758,72.827228,2023-01-25
2933,Worli,181400.0,Apartment,2,1165.99,Fully Furnished,2,1,25,15,19.015349,72.813547,2023-01-01
2934,Goregaon East,104700.0,Apartment,3,1102.41,Semi-Furnished,3,1,17,2,19.156044,72.874609,2023-05-16
2935,Bandra West,176200.0,Apartment,3,1185.07,Semi-Furnished,3,1,20,0,19.051996,72.838765,2023-07-05
2936,Juhu,152600.0,Apartment,2,1150.39,Unfurnished,2,1,28,17,19.10291,72.819863,2023-04-19
2937,Bandra West,148000.0,Apartment,2,871.63,Semi-Furnished,3,1,11,,19.067007,72.837751,2023-11-02
2938,Chembur,59000.0,Apartment,1,661.65,Semi-Furnished,1,1,26,26,19.060311,72.90476,2023-04-20
2939,Malabar Hill,185300.0,Apartment,1,1037.02,Fully Furnished,1,1,14,21,18.949309,72.791709,2023-04-18
2940,Lower Parel,102000.0,Apartment,1,805.82,Semi-Furnished,1,1,40,14,19.003825,72.832458,2023-02-26
2941,Goregaon East,62100.0,Apartment,1,523.15,Fully Furnished,1,0,38,4,19.168007,72.858048,2023-06-02
2942,Goregaon East,103200.0,Apartment,2,887.51,Fully Furnished,2,2,28,5,19.169752,72.861804,2023-01-23
2943,Juhu,151100.0,Apartment,2,1103.7,Unfurnished,2,0,21,19,19.10544,72.82167,2023-05-21
2944,Borivali West,152900.0,Apartment,5,1732.54,Unfurnished,4,0,38,6,19.222319,72.837823,2023-05-01
2945,Goregaon East,89500.0,Apartment,2,936.03,Semi-Furnished,2,1,11,13,19.166537,72.875383,2023-07-27
2946,Powai,74100.0,Apartment,1,718.01,Semi-Furnished,1,1,31,7,19.110798,72.901167,2023-03-24
2947,Borivali West,126800.0,Apartment,3,1077.01,Fully Furnished,3,1,36,1,19.228238,72.838463,2023-04-10
2948,Andheri West,95800.0,Apartment,2,869.62,Semi-Furnished,2,1,35,13,19.126805,72.821428,2023-01-27
2949,Powai,109200.0,Apartment,2,946.99,,2,1,1,4,19.123634,72.901297,2023-08-20
2950,Andheri West,47600.0,Apartment,1,491.8,Unfurnished,1,0,10,12,19.132855,72.820856,2023-10-20
2951,Goregaon East,141500.0,Apartment,3,1152.32,Fully Furnished,3,1,33,8,19.170564,72.866801,2023-03-31
2952,Chembur,128400.0,Independent House,3,1239.2,Semi-Furnished,3,1,38,6,19.042588,72.893657,2023-05-15
2953,Goregaon East,150400.0,Apartment,3,1214.26,Fully Furnished,3,1,39,8,19.168675,72.870621,2023-12-20
2954,Powai,57200.0,Studio,1,438.29,Fully Furnished,1,1,26,15,19.112672,72.897932,2023-08-15
2955,Goregaon East,92900.0,Apartment,2,858.06,,2,1,19,4,19.163122,72.870931,2023-08-06
2956,Borivali West,143000.0,Apartment,3,1144.54,Fully Furnished,3,2,5,5,19.231967,72.843169,2023-03-10
2957,Worli,177200.0,Apartment,3,1374.22,Unfurnished,3,1,4,9,19.013704,72.824714,2023-09-18
2958,Andheri W,143100.0,Apartment,4,1445.06,Unfurnished,3,1,38,22,19.134419,72.832513,2023-08-15
2959,Powai,64500.0,Apartment,1,672.14,Semi-Furnished,1,0,19,1,19.112639,72.899102,2023-12-15
2960,Chembur,47300.0,Apartment,1,540.28,Semi-Furnished,1,1,18,1,19.044824,72.902414,2023-06-04
2961,Chembur,92900.0,Apartment,3,1109.45,Unfurnished,3,0,15,2,19.055433,72.901318,2023-01-17
2962,Borivali West,82300.0,Apartment,2,781.51,Fully Furnished,2,0,20,27,19.225157,72.84263,2023-04-22
2963,Worli,321000.0,Apartment,5,2041.46,Semi-Furnished,4,1,5,30,19.015825,72.808302,2023-05-14
2964,Borivali West,109000.0,Independent House,3,1106.49,Semi-Furnished,4,0,20,13,19.232587,72.837042,2023-03-14
2965,Goregaon East,151200.0,Apartment,4,1544.84,Semi-Furnished,3,1,3,14,19.165733,72.867958,2023-12-12
2966,Andheri West,123900.0,Apartment,3,1104.92,Semi-Furnished,3,0,39,7,19.133074,72.821706,2023-08-03
2967,Malabar Hill,389500.0,Apartment,4,1917.68,Fully Furnished,3,1,28,0,18.949682,72.798364,2023-01-11
2968,Worli,182000.0,Apartment,2,987.13,Fully Furnished,2,2,24,1,19.012952,72.806608,2023-11-01
2969,Goregaon East,75100.0,Apartment,2,912.89,Unfurnished,3,0,36,3,19.167497,72.874277,2023-02-24
2970,Malabar Hill,331100.0,Apartment,4,1881.41,Semi-Furnished,3,1,17,25,18.944935,72.787414,2023-06-26
2971,Borivali West,73300.0,Apartment,2,658.0,Fully Furnished,2,1,18,25,19.228335,72.839727,2023-07-13
2972,Juhu,231600.0,Apartment,2,1248.14,Fully Furnished,2,1,4,4,19.101861,72.822902,2023-01-29
2973,Borivali West,53100.0,Apartment,1,514.64,Fully Furnished,1,2,32,30,19.229516,72.847763,2023-07-03
2974,Borivali West,73200.0,Apartment,2,717.26,Semi-Furnished,2,1,26,5,19.238565,72.838632,2023-12-24
2975,Goregaon East,43700.0,Apartment,1,482.81,Semi-Furnished,1,1,24,11,19.16671,72.875005,2023-04-10
2976,Bandra West,140200.0,Apartment,2,860.19,Semi-Furnished,2,1,16,15,19.056271,72.83339,2023-09-24
2977,Lower Parel,107600.0,Apartment,1,734.13,Fully Furnished,1,1,37,5,18.9915,72.835664,2023-05-10
2978,Bandra West,156200.0,Apartment,2,852.32,Fully Furnished,3,1,17,16,19.063435,72.832232,2023-12-09
2979,Juhu,356700.0,Apartment,5,2110.38,Semi-Furnished,4,1,15,28,19.113739,72.82607,2023-10-20
2980,Andheri West,146000.0,Apartment,2,1042.88,Fully Furnished,3,2,40,2,19.13191,72.833795,2023-04-27
2981,Andheri West,97000.0,Apartment,2,942.75,Semi-Furnished,2,1,9,18,19.130512,72.818268,2023-12-25
2982,Powai,129600.0,Apartment,2,1066.13,Fully Furnished,2,1,29,1,19.11404,72.900813,2023-07-09
2983,Malabar Hill,119200.0,Studio,1,599.55,Semi-Furnished,1,1,21,3,18.943912,72.801467,2023-04-29
2984,Worli,161100.0,Apartment,3,1373.46,Unfurnished,4,1,37,,19.018083,72.812492,2023-01-28
2985,Worli,119400.0,Apartment,1,862.57,Semi-Furnished,1,1,38,,19.025445,72.808975,2023-05-29
2986,Juhu,225100.0,Apartment,2,1172.56,Fully Furnished,2,0,3,13,19.110011,72.826926,2023-02-21
2987,Andheri West,142000.0,Apartment,3,1183.45,Semi-Furnished,4,0,25,14,19.137181,72.836664,2023-01-14
2988,Bandra West,83700.0,Apartment,1,622.98,Unfurnished,2,1,1,28,19.061763,72.825829,2023-08-19
2989,Borivali West,82700.0,Apartment,2,874.44,Semi-Furnished,2,0,29,8,19.232828,72.837351,2023-10-17
2990,Bandra West,117200.0,Studio,1,524.88,Fully Furnished,1,1,23,7,19.062454,72.832598,2023-11-04
2991,Chembur,84400.0,Apartment,2,923.48,Semi-Furnished,2,0,6,12,19.060594,72.893186,2023-04-20
2992,Goregaon East,148800.0,Apartment,4,1465.82,Semi-Furnished,3,0,20,12,19.159309,72.867647,2023-03-29
2993,Malabar Hill,221800.0,Apartment,2,1330.62,Semi-Furnished,2,1,24,,18.949826,72.787824,2023-06-08
2994,Juhu,136900.0,Apartment,1,921.27,Semi-Furnished,2,0,13,5,19.104064,72.828546,2023-08-22
2995,Powai,98900.0,Apartment,2,1066.28,Unfurnished,2,0,14,1,19.120398,72.898625,2023-04-28
2996,Andheri West,71600.0,Apartment,1,551.46,,1,1,21,7,19.127416,72.832953,2023-11-26
2997,S. Mumbai - Worli,139700.0,Apartment,3,1149.37,Fully Furnished,3,1,30,22,19.156962,72.859785,2023-03-31
2998,Lower Parel,139200.0,Apartment,2,1078.13,Semi-Furnished,2,1,40,12,19.004388,72.830159,2023-10-24
2999,Borivali West,102100.0,Apartment,3,1203.84,,3,0,24,22,19.236942,72.853682,2023-10-12
3000,Powai,100500.0,Apartment,2,982.72,Semi-Furnished,3,2,28,21,19.117322,72.89609,2023-09-12
3001,Andheri West,102400.0,Apartment,2,875.44,Semi-Furnished,2,1,18,7,19.138625,72.83517,2023-06-10
3002,Borivali West,85700.0,Apartment,2,776.8,Fully Furnished,3,1,23,14,19.226945,72.834235,2023-07-23
3003,bandra west,63100.0,Apartment,1,567.57,Fully Furnished,1,0,10,16,19.155152,72.868791,2023-03-25
3004,Powai,115100.0,Apartment,2,1010.51,Semi-Furnished,2,1,19,30,19.11247,72.915127,2023-07-13
3005,Andheri West,134100.0,Apartment,3,1073.72,Semi-Furnished,3,1,9,5,19.138266,72.832303,2023-10-14
3006,Malabar Hill,215600.0,Apartment,2,1323.2,Semi-Furnished,2,1,39,15,18.944457,72.791964,2023-06-27
3007,Chembur,112900.0,Apartment,3,1106.26,Semi-Furnished,3,2,37,6,19.057281,72.89865,2023-06-04
3008,Andheri West,56300.0,Apartment,1,488.27,Semi-Furnished,1,1,7,0,19.138403,72.82549,2023-06-14
3009,Andheri West,123700.0,Apartment,2,812.61,Fully Furnished,2,1,24,20,19.138309,72.823151,2023-07-03
3010,Andheri West,73000.0,Apartment,1,627.19,Fully Furnished,1,1,35,5,19.137244,72.821181,2023-08-27
3011,Borivali West,43700.0,Studio,1,330.8,Fully Furnished,1,0,24,16,19.238706,72.847247,2023-10-24
3012,Bandra West,298200.0,Apartment,5,1836.55,Semi-Furnished,4,1,7,14,19.066557,72.825763,2023-07-14
3013,Borivali West,74600.0,Apartment,2,869.73,Semi-Furnished,2,1,9,25,19.226573,72.847556,2023-07-11
3014,Lower Parel,190200.0,Apartment,2,1113.96,Fully Furnished,2,0,11,21,19.003758,72.833456,2023-01-14
3015,Andheri W,171100.0,Apartment,2,1058.93,Fully Furnished,2,0,17,4,18.998509,72.822209,2023-11-22
3016,Juhu,,Apartment,2,1190.93,Semi-Furnished,2,1,31,23,19.099271,72.831969,2023-09-22
3017,Andheri West,54300.0,Apartment,1,574.61,Unfurnished,2,0,7,2,19.126549,72.827006,2023-08-15
3018,Andheri West,66600.0,Apartment,1,558.03,Fully Furnished,1,1,40,6,19.14525,72.821154,2023-12-12
3019,Bandra West,241900.0,Apartment,3,1207.5,Fully Furnished,3,1,16,7,19.051562,72.837114,2023-10-15
3020,Chembur,80200.0,Apartment,2,905.84,Unfurnished,2,1,40,6,19.052424,72.892781,2023-04-06
3021,Lower Parel,179000.0,Apartment,3,1334.08,Semi-Furnished,4,2,7,13,18.989783,72.835994,2023-01-18
3022,Bandra West,181500.0,Apartment,3,1161.66,Semi-Furnished,3,1,15,1,19.064801,72.820438,2023-03-25
3023,Borivali West,,Apartment,3,1144.4,Semi-Furnished,3,0,12,22,19.227141,72.834971,2023-01-28
3024,Powai,179500.0,Apartment,4,1596.52,Semi-Furnished,3,0,22,5,19.122727,72.900905,2023-03-01
3025,Borivali West,40100.0,Apartment,1,522.24,Unfurnished,1,2,38,2,19.224506,72.85291,2023-09-27
3026,Chembur,63600.0,Apartment,1,668.55,Semi-Furnished,1,1,30,6,19.062033,72.903078,2023-06-06
3027,Juhu,200000.0,Apartment,3,1439.57,Unfurnished,4,1,19,10,19.103689,72.817664,2023-09-06
3028,Lower Parel,202000.0,Apartment,3,1413.46,Semi-Furnished,3,1,20,3,19.003201,72.8232,2023-04-28
3029,bandra west,94400.0,Apartment,2,880.28,Semi-Furnished,2,1,39,4,19.136054,72.827374,2023-04-20
3030,Powai,119400.0,Studio,1,779.81,,1,0,11,2,19.113101,72.897959,2023-04-18
3031,Lower Parel,132800.0,Apartment,2,1141.36,Unfurnished,2,0,5,4,18.986339,72.826792,2023-12-12
3032,Powai,69000.0,Apartment,1,683.49,Semi-Furnished,1,1,15,17,19.111384,72.908803,2023-09-29
3033,Borivali West,69000.0,Apartment,2,815.0,Unfurnished,3,0,6,20,19.23638,72.848645,2023-07-09
3034,Malabar Hill,212500.0,Apartment,2,1266.33,Semi-Furnished,2,0,8,0,18.956358,72.799216,2023-09-12
3035,Worli,128700.0,Apartment,1,835.24,Fully Furnished,2,1,21,9,19.020444,72.820846,2023-10-16
3036,Chembur,75900.0,Apartment,2,893.81,,2,0,19,1,19.059518,72.901758,2023-01-17
3037,Andheri West,115300.0,Apartment,2,837.23,Fully Furnished,2,1,1,,19.132416,72.827302,2023-03-29
3038,Worli,256200.0,Apartment,3,1434.58,Fully Furnished,4,0,32,14,19.007897,72.812666,2023-02-09
3039,Andheri West,100800.0,Apartment,2,873.38,Semi-Furnished,3,0,40,8,19.142593,72.824813,2023-11-18
3040,Malabar Hill,148000.0,Apartment,1,1016.63,Semi-Furnished,1,1,23,7,18.945935,72.785417,2023-05-22
3041,Andheri W,119400.0,Apartment,2,1050.87,Fully Furnished,2,1,31,16,19.124805,72.911008,2023-07-17
3042,Borivali West,68100.0,Independent House,2,734.48,Semi-Furnished,2,1,29,7,19.228858,72.851416,2023-07-07
3043,Worli,230400.0,Apartment,3,1415.34,Fully Furnished,3,1,31,1,19.017326,72.807226,2023-12-06
3044,Worli,288600.0,Apartment,4,1738.32,Fully Furnished,3,0,30,10,19.010101,72.826518,2023-06-29
3045,Chembur,51700.0,Apartment,1,661.32,Unfurnished,1,1,32,3,19.049612,72.907488,2023-06-02
3046,Bandra West,70700.0,Apartment,1,554.88,Unfurnished,1,1,14,8,19.064507,72.822014,2023-07-16
3047,Goregaon East,139500.0,Apartment,4,1504.03,Semi-Furnished,3,1,22,8,19.1618,72.872135,2023-01-23
3048,Lower Parel,264600.0,Apartment,4,1626.28,Fully Furnished,3,1,40,12,18.997747,72.836451,2023-09-19
3049,Worli,142900.0,Apartment,1,846.66,Fully Furnished,2,1,24,7,19.013259,72.822835,2023-12-16
3050,Lower Parel,74000.0,Apartment,1,717.64,Unfurnished,1,2,4,22,18.990119,72.828746,2023-09-20
3051,Borivali West,112400.0,Independent House,3,1094.86,Semi-Furnished,3,1,29,15,19.228462,72.83676,2023-12-31
3052,Lower Parel,238600.0,Apartment,4,1621.36,Semi-Furnished,3,1,11,11,19.003024,72.82876,2023-09-11
3053,Bandra West,146400.0,Apartment,3,1176.88,Unfurnished,4,1,12,9,19.049714,72.836671,2023-09-29
3054,Juhu,219500.0,Apartment,2,1226.77,Fully Furnished,3,1,15,5,19.111778,72.827554,2023-11-27
3055,Chembur,64900.0,Apartment,1,615.49,Fully Furnished,1,0,40,15,19.059145,72.896517,2023-10-14
3056,Bandra West,183000.0,Apartment,2,930.93,Fully Furnished,2,1,5,10,19.062036,72.829148,2023-02-25
3057,Chembur,129800.0,Apartment,3,1241.38,Semi-Furnished,3,2,25,9,19.060049,72.894823,2023-09-26
3058,Andheri West,186300.0,Apartment,4,1481.03,Semi-Furnished,4,1,40,3,19.127441,72.827005,2023-10-30
3059,Worli,145500.0,Apartment,2,1109.54,Semi-Furnished,2,1,11,22,19.02629,72.819345,2023-01-09
3060,Juhu,183600.0,Apartment,2,1099.03,Fully Furnished,2,1,26,3,19.115708,72.832029,2023-09-27
3061,Juhu,122200.0,Apartment,1,928.16,Unfurnished,1,0,8,24,19.098337,72.818216,2023-11-11
3062,Bandra West,89400.0,Independent House,1,611.57,Semi-Furnished,1,1,13,2,19.058327,72.829863,2023-08-26
3063,Juhu,275600.0,Apartment,3,1626.1,Fully Furnished,3,1,28,1,19.108848,72.821446,2023-02-27
3064,Powai,228000.0,Apartment,4,1619.19,Fully Furnished,3,0,5,6,19.124676,72.911734,2023-05-10
3065,Chembur,83800.0,Apartment,2,973.63,Unfurnished,2,1,34,8,19.052697,72.896127,2023-11-22
3066,Juhu,227900.0,Apartment,4,1848.26,Unfurnished,3,2,9,19,19.110689,72.828887,2023-03-01
3067,Lower Parel,167800.0,Apartment,2,1091.78,Fully Furnished,2,0,6,25,18.987417,72.82868,2023-05-01
3068,Juhu,186300.0,Apartment,2,1216.06,Semi-Furnished,2,1,32,23,19.115923,72.83427,2023-01-23
3069,Chembur,103000.0,Apartment,2,784.12,Fully Furnished,2,1,12,12,19.054374,72.898183,2023-12-30
3070,Lower Parel,259500.0,Apartment,3,1392.26,Fully Furnished,3,0,27,21,18.998059,72.835174,2023-06-14
3071,Lower Parel,275500.0,Independent House,4,1579.06,Fully Furnished,4,1,8,2,18.989538,72.835046,2023-10-25
3072,Malabar Hill,335600.0,Independent House,4,1913.52,Semi-Furnished,4,1,28,10,18.949992,72.791102,2023-03-07
3073,Chembur,,Apartment,3,1129.13,Semi-Furnished,3,0,2,6,19.049895,72.896027,2023-04-30
3074,Chembur,45200.0,Studio,1,364.17,Fully Furnished,2,0,16,2,19.052494,72.892738,2023-08-02
3075,Powai,131400.0,Apartment,3,1355.35,Unfurnished,3,1,20,4,19.124426,72.908295,2023-04-24
3076,Bandra West,106500.0,Apartment,1,543.77,Fully Furnished,1,2,30,17,19.068107,72.826623,2023-02-28
3077,Malabar Hill,215800.0,Apartment,1,1039.52,Fully Furnished,1,1,8,23,18.940781,72.800516,2023-06-22
3078,Goregaon East,68800.0,Apartment,1,586.94,Fully Furnished,1,1,9,0,19.171189,72.857742,2023-10-13
3079,Chembur,124500.0,Apartment,3,1277.79,Semi-Furnished,3,0,25,2,19.05477,72.900572,2023-07-31
3080,Malabar Hill,127000.0,Apartment,1,1024.81,Unfurnished,1,0,7,0,18.944574,72.796935,2023-06-23
3081,Juhu,303600.0,Studio,1,1255.13,Fully Furnished,1,0,38,,19.112111,72.834072,2023-05-12
3082,Lower Parel,244700.0,Independent House,4,1667.41,Semi-Furnished,3,1,20,8,19.003466,72.835641,2023-06-10
3083,Borivali West,78100.0,Apartment,2,797.25,Semi-Furnished,2,1,33,28,19.235137,72.843265,2023-06-20
3084,Chembur,102700.0,Independent House,2,922.32,Fully Furnished,2,0,18,1,19.054422,72.891869,2023-10-30
3085,Juhu,193600.0,Apartment,2,1186.0,Semi-Furnished,2,1,29,15,19.109391,72.833292,2023-08-09
3086,Worli,,Independent House,1,804.05,Unfurnished,1,1,9,11,19.024113,72.810266,2023-06-21
3087,Borivali West,79300.0,Apartment,2,848.86,Semi-Furnished,2,1,11,11,19.22126,72.854096,2023-01-17
3088,Andheri West,62100.0,Apartment,1,477.78,Fully Furnished,1,0,19,8,19.132481,72.822106,2023-10-24
3089,Juhu,288600.0,Apartment,3,1441.19,Fully Furnished,3,1,23,14,19.113169,72.821872,2023-06-29
3090,Powai,101400.0,Apartment,2,1080.5,Semi-Furnished,2,1,13,,19.119928,72.914667,2023-11-03
3091,Goregaon East,102700.0,Apartment,2,836.95,Fully Furnished,2,1,7,9,19.16846,72.865292,2023-01-25
3092,Borivali West,37700.0,Apartment,1,448.37,Unfurnished,1,1,21,12,19.220374,72.839813,2023-05-30
3093,Chembur,68500.0,Apartment,1,688.96,Fully Furnished,1,1,20,8,19.043026,72.903831,2023-09-23
3094,Bandra West,197600.0,Apartment,3,1168.14,Semi-Furnished,3,1,11,1,19.051465,72.833405,2023-07-24
3095,Bandra West,173700.0,Apartment,3,1202.35,Unfurnished,3,1,33,11,19.04968,72.832415,2023-01-16
3096,Borivali West,103200.0,Apartment,3,1135.96,Semi-Furnished,3,1,19,3,19.22369,72.849255,2023-07-25
3097,Borivali West,60500.0,Apartment,1,526.63,Fully Furnished,1,1,30,14,19.238793,72.837837,2023-08-21
3098,Borivali West,33400.0,Apartment,1,470.09,Unfurnished,1,1,2,4,19.227217,72.846426,2023-01-25
3099,Borivali West,67300.0,Apartment,2,807.3,Unfurnished,2,1,17,0,19.22271,72.842819,2023-05-14
3100,Lower Parel,168500.0,Apartment,2,973.47,Fully Furnished,2,0,10,,19.003048,72.820635,2023-09-29
3101,Worli,216000.0,Apartment,3,1367.06,Semi-Furnished,3,1,15,7,19.008826,72.813249,2023-03-07
3102,Andheri West,139800.0,Apartment,3,1135.2,Semi-Furnished,3,1,34,26,19.13453,72.823824,2023-03-06
3103,Andheri West,106400.0,Apartment,2,817.39,Fully Furnished,2,1,28,23,19.127969,72.829986,2023-04-16
3104,Juhu,311100.0,Apartment,4,1839.65,Semi-Furnished,3,1,28,11,19.110685,72.817552,2023-08-05
3105,Malabar Hill,261000.0,Apartment,3,1601.64,Semi-Furnished,3,0,8,3,18.953865,72.793268,2023-10-01
3106,Malabar Hill,218100.0,Apartment,1,1036.67,Fully Furnished,1,0,19,6,18.956911,72.804224,2023-08-01
3107,Juhu,218100.0,Apartment,2,1197.52,,2,1,8,13,19.099615,72.818842,2023-04-01
3108,Borivali West,163700.0,Villa,4,1453.86,Fully Furnished,3,1,4,1,19.226385,72.835178,2023-12-07
3109,Goregaon East,71000.0,Apartment,2,789.02,Semi-Furnished,2,1,19,3,19.169485,72.869324,2023-06-23
3110,Malabar Hill,251700.0,Apartment,3,1603.37,Unfurnished,3,1,30,15,18.948432,72.792649,2023-08-17
3111,bandra west,100200.0,Apartment,3,1152.36,Unfurnished,3,1,39,9,19.159718,72.873438,2023-08-21
3112,Bandra West,170300.0,Apartment,3,1190.52,Semi-Furnished,4,1,8,,19.067942,72.825007,2023-12-10
3113,Chembur,109400.0,Apartment,3,1202.46,Semi-Furnished,3,1,13,29,19.055486,72.898243,2023-02-10
3114,Goregaon East,47100.0,Apartment,1,509.02,Semi-Furnished,1,1,33,15,19.161593,72.866511,2023-06-05
3115,Juhu,227600.0,Apartment,2,1175.25,Fully Furnished,2,1,30,4,19.11612,72.828078,2023-01-28
3116,Powai,161900.0,Apartment,3,1257.29,Fully Furnished,4,2,14,13,19.124733,72.90684,2023-09-24
3117,Chembur,72800.0,Apartment,2,976.93,Unfurnished,3,1,15,0,19.057298,72.890287,2023-05-20
3118,Juhu,422500.0,Apartment,5,2157.96,Fully Furnished,4,1,39,2,19.112563,72.824652,2023-11-19
3119,Andheri West,211100.0,Independent House,5,1762.64,Semi-Furnished,4,1,31,10,19.137155,72.825669,2023-08-06
3120,Powai,134300.0,Apartment,2,954.87,Fully Furnished,2,1,22,11,19.127343,72.89841,2023-04-27
3121,Worli,274700.0,Apartment,4,1685.38,Fully Furnished,4,1,38,19,19.007538,72.821919,2023-01-26
3122,Chembur,204400.0,Apartment,4,1575.19,Fully Furnished,3,1,3,1,19.056657,72.893855,2023-09-09
3123,Worli,107300.0,Apartment,1,782.04,Semi-Furnished,1,1,31,3,19.019011,72.825141,2023-08-29
3124,Lower Parel,247200.0,Apartment,3,1341.23,Fully Furnished,3,0,18,8,19.000633,72.837891,2023-09-03
3125,Juhu,202700.0,Apartment,2,1257.53,Semi-Furnished,2,1,18,4,19.110377,72.828963,2023-12-24
3126,Andheri West,85000.0,Apartment,2,782.05,Semi-Furnished,3,1,35,12,19.135134,72.825141,2023-04-20
3127,Juhu,222000.0,Apartment,2,1243.57,Fully Furnished,2,2,39,13,19.114753,72.835911,2023-12-07
3128,Bandra West,,Apartment,1,512.98,Semi-Furnished,1,1,12,3,19.068987,72.823888,2023-12-25
3129,Malabar Hill,141400.0,Studio,1,807.59,Unfurnished,1,2,37,15,18.950856,72.799652,2023-08-01
3130,Andheri W,187400.0,Apartment,2,1031.05,Fully Furnished,2,0,38,8,18.994716,72.831163,2023-09-14
3131,S. Mumbai - Worli,149800.0,Apartment,2,1170.11,Semi-Furnished,2,0,31,12,19.012113,72.825666,2023-03-15
3132,Lower Parel,117600.0,Apartment,1,766.49,Fully Furnished,2,1,17,8,18.999144,72.825669,2023-05-03
3133,Bandra West,102900.0,Studio,1,532.9,Semi-Furnished,1,0,37,1,19.059426,72.828069,2023-05-10
3134,Worli,296500.0,Apartment,5,1958.89,Semi-Furnished,4,0,17,28,19.012357,72.819179,2023-08-08
3135,Chembur,65300.0,Apartment,1,561.42,Fully Furnished,2,1,15,9,19.051122,72.898091,2023-09-27
3136,Malabar Hill,169600.0,Apartment,1,967.41,Semi-Furnished,1,0,29,14,18.958221,72.792578,2023-02-22
3137,bandra west,,Apartment,3,1381.06,Semi-Furnished,4,1,16,3,19.10988,72.908073,2023-03-10
3138,Bandra West,180300.0,Apartment,2,950.98,Fully Furnished,2,0,19,30,19.05075,72.827392,2023-06-29
3139,Powai,223300.0,Apartment,5,1849.57,Semi-Furnished,5,1,29,13,19.121014,72.900578,2023-08-15
3140,Chembur,103400.0,Apartment,2,951.12,Fully Furnished,2,0,28,15,19.046511,72.899218,2023-07-05
3141,Bandra West,162400.0,Apartment,2,896.21,Fully Furnished,2,0,36,5,19.060331,72.835099,2023-09-28
3142,Andheri West,125000.0,Apartment,2,850.84,Fully Furnished,2,1,24,8,19.137315,72.827216,2023-11-03
3143,Powai,133600.0,Apartment,3,1254.95,Semi-Furnished,3,1,20,14,19.10814,72.908438,2023-01-05
3144,Chembur,168100.0,Independent House,4,1552.5,Semi-Furnished,3,2,21,6,19.042774,72.899564,2023-11-12
3145,Juhu,245500.0,Apartment,3,1443.01,Fully Furnished,3,1,16,10,19.107246,72.830732,2023-02-01
3146,Chembur,81600.0,Apartment,2,939.83,Semi-Furnished,2,2,6,19,19.042422,72.898704,2023-09-12
3147,Borivali West,92700.0,Apartment,3,1072.43,Unfurnished,4,1,28,19,19.220965,72.841267,2023-06-13
3148,Malabar Hill,201500.0,Independent House,2,1350.91,,3,0,3,3,18.957173,72.803097,2023-11-10
3149,Andheri West,192300.0,Apartment,4,1503.07,Semi-Furnished,4,1,11,10,19.129955,72.82133,2023-06-23
3150,Andheri West,97300.0,Apartment,2,861.74,Semi-Furnished,2,1,37,4,19.138294,72.821872,2023-10-16
3151,Bandra West,69200.0,Apartment,1,496.94,Unfurnished,1,1,28,4,19.057824,72.821739,2023-04-17
3152,Andheri West,104000.0,Apartment,3,1092.99,Unfurnished,3,0,13,12,19.129205,72.823208,2023-09-29
3153,Powai,99800.0,Apartment,2,1008.26,Semi-Furnished,3,1,33,9,19.108728,72.89889,2023-05-27
3154,Malabar Hill,259100.0,Apartment,2,1349.66,Fully Furnished,2,0,27,10,18.951345,72.791519,2023-09-28
3155,Chembur,203800.0,Apartment,4,1614.32,,4,1,28,2,19.055029,72.908342,2023-09-13
3156,Borivali West,53700.0,Apartment,1,438.53,Fully Furnished,1,0,4,12,19.231323,72.851532,2023-05-20
3157,Borivali West,47800.0,Independent House,1,557.85,Semi-Furnished,1,2,4,12,19.235729,72.850699,2023-01-29
3158,Bandra West,291900.0,Apartment,5,1824.84,Semi-Furnished,4,1,32,19,19.068947,72.831173,2023-12-25
3159,Chembur,67800.0,Apartment,2,821.04,Unfurnished,2,0,10,27,19.05405,72.890038,2023-01-10
3160,Juhu,180000.0,Independent House,2,1164.92,Semi-Furnished,2,0,15,1,19.100115,72.829261,2023-01-26
3161,Powai,85800.0,Independent House,1,763.11,Fully Furnished,1,1,16,30,19.115,72.89925,2023-05-15
3162,Juhu,215800.0,Apartment,2,1236.18,Fully Furnished,2,1,33,3,19.105568,72.834278,2023-06-13
3163,Malabar Hill,284600.0,Apartment,2,1336.16,Fully Furnished,2,0,24,,18.95089,72.791553,2023-04-21
3164,Borivali West,124600.0,Apartment,3,1201.24,Fully Furnished,3,1,22,14,19.227882,72.853433,2023-09-04
3165,Lower Parel,147000.0,Apartment,2,1081.5,Semi-Furnished,2,1,23,5,18.998456,72.825023,2023-11-02
3166,Andheri West,135200.0,Apartment,2,937.04,Fully Furnished,3,2,26,14,19.139641,72.822399,2023-06-10
3167,Goregaon East,,Apartment,1,531.12,Semi-Furnished,2,1,3,1,19.15926,72.872542,2023-03-09
3168,Andheri West,96800.0,Studio,1,649.28,Semi-Furnished,1,1,34,12,19.136635,72.825778,2023-10-08
3169,Borivali West,89500.0,Apartment,2,716.59,Fully Furnished,2,1,5,9,19.236734,72.837377,2023-08-16
3170,Malabar Hill,100200.0,Studio,1,580.85,Semi-Furnished,1,0,12,30,18.941523,72.798979,2023-07-14
3171,Goregaon East,84100.0,Apartment,2,835.7,Semi-Furnished,2,2,18,5,19.168524,72.870116,2023-06-10
3172,Lower Parel,91700.0,Apartment,1,690.07,Semi-Furnished,1,0,27,13,18.996735,72.835172,2023-10-29
3173,Goregaon East,64600.0,Apartment,1,548.66,Fully Furnished,1,0,21,2,19.157121,72.858589,2023-12-06
3174,Powai,114800.0,Apartment,2,975.67,Fully Furnished,2,1,29,12,19.114109,72.915987,2023-06-06
3175,Juhu,219800.0,Apartment,2,1231.19,Fully Furnished,2,0,7,10,19.107003,72.834211,2023-04-07
3176,Malabar Hill,169800.0,Apartment,1,1034.13,Semi-Furnished,1,0,1,7,18.959141,72.803072,2023-12-03
3177,Andheri West,104800.0,Apartment,2,836.68,Semi-Furnished,2,1,35,9,19.129797,72.825581,2023-08-28
3178,Andheri West,135000.0,Apartment,3,1094.0,Semi-Furnished,4,1,35,18,19.139343,72.818164,2023-04-11
3179,Chembur,74600.0,Apartment,2,962.31,Unfurnished,2,1,16,6,19.056674,72.902981,2024-01-01
3180,Chembur,52500.0,Apartment,1,489.0,Fully Furnished,1,1,25,28,19.057843,72.89394,2023-04-16
3181,Goregaon East,65200.0,Apartment,2,844.48,Unfurnished,2,0,38,0,19.157886,72.871652,2023-03-14
3182,Borivali West,57500.0,Apartment,1,586.77,Fully Furnished,1,2,30,10,19.225734,72.846391,2023-12-04
3183,Goregaon East,48700.0,Apartment,1,506.02,Semi-Furnished,1,1,30,20,19.159767,72.870484,2023-02-15
3184,Andheri West,182100.0,Apartment,4,1507.93,Semi-Furnished,3,0,24,3,19.140263,72.836184,2023-03-22
3185,Powai,122600.0,Apartment,2,1087.76,Semi-Furnished,2,0,17,11,19.118355,72.907938,2023-04-07
3186,Chembur,101700.0,Apartment,2,876.22,Fully Furnished,2,0,32,2,19.050163,72.895794,2023-07-01
3187,Powai,108300.0,Apartment,2,964.6,Semi-Furnished,3,0,13,13,19.111804,72.910704,2023-01-30
3188,Andheri West,48900.0,Apartment,1,551.4,Unfurnished,2,1,14,5,19.13059,72.833555,2023-09-19
3189,Lower Parel,135200.0,Apartment,2,1051.06,Semi-Furnished,2,1,40,14,18.992733,72.823927,2023-03-19
3190,Bandra West,141100.0,Apartment,2,850.58,Semi-Furnished,2,0,5,26,19.068511,72.819925,2023-08-04
3191,Goregaon East,141200.0,Apartment,4,1424.43,Semi-Furnished,3,1,31,11,19.154944,72.857428,2023-02-23
3192,Andheri West,80200.0,Apartment,1,637.18,Fully Furnished,1,1,24,17,19.130789,72.821521,2023-09-20
3193,Malabar Hill,247600.0,Apartment,2,1293.94,Fully Furnished,3,1,27,5,18.942128,72.79792,2023-09-01
3194,Lower Parel,146200.0,Apartment,2,1026.51,Semi-Furnished,2,1,6,7,18.988872,72.828935,2023-04-17
3195,Powai,84000.0,Apartment,1,663.53,Fully Furnished,1,1,3,9,19.111366,72.896702,2023-12-28
3196,Borivali West,78200.0,Apartment,2,800.89,Semi-Furnished,2,1,9,14,19.2314,72.834232,2023-03-24
3197,Powai,89800.0,Studio,1,770.48,Semi-Furnished,1,1,40,12,19.107849,72.909917,2023-07-11
3198,Goregaon East,79900.0,Apartment,2,808.67,Semi-Furnished,2,2,37,30,19.174001,72.874724,2023-10-15
3199,Juhu,140500.0,Apartment,1,910.07,Semi-Furnished,1,0,19,0,19.107894,72.824229,2023-06-17
3200,Worli,246800.0,Apartment,3,1404.94,Fully Furnished,3,0,38,22,19.01428,72.817387,2023-09-30
3201,Lower Parel,100700.0,Apartment,1,808.03,Semi-Furnished,1,1,6,20,19.003998,72.832881,2023-11-11
3202,Lower Parel,217900.0,Apartment,3,1289.56,Fully Furnished,3,0,4,8,19.003713,72.829116,2023-10-13
3203,Chembur,94900.0,Apartment,3,1157.71,Unfurnished,4,0,17,1,19.045541,72.891528,2023-06-20
3204,Borivali West,121500.0,Apartment,3,1087.31,Fully Furnished,4,0,40,4,19.230285,72.851475,2023-12-01
3205,Chembur,101500.0,Apartment,2,922.6,Fully Furnished,2,1,36,2,19.051784,72.894955,2023-05-17
3206,Powai,206200.0,Apartment,4,1636.34,Fully Furnished,4,0,27,13,19.121587,72.910796,2023-04-23
3207,Powai,60600.0,Apartment,1,779.27,Unfurnished,1,0,6,10,19.112346,72.907424,2023-12-11
3208,Goregaon East,67000.0,Apartment,2,798.13,Unfurnished,3,1,12,15,19.157648,72.872167,2023-03-26
3209,Goregaon East,84200.0,Apartment,2,863.57,Semi-Furnished,2,1,11,28,19.166748,72.869982,2023-01-08
3210,Borivali West,141900.0,Apartment,3,1151.9,Fully Furnished,3,1,16,0,19.223585,72.846071,2023-04-15
3211,Bandra West,142000.0,Apartment,2,997.69,Semi-Furnished,3,1,12,2,19.051897,72.824108,2023-12-17
3212,Worli,133700.0,Apartment,1,860.9,Fully Furnished,2,1,29,19,19.014036,72.818497,2023-02-21
3213,Malabar Hill,161100.0,Apartment,1,923.8,Fully Furnished,1,1,13,20,18.940587,72.789127,2023-11-11
3214,Lower Parel,150900.0,Apartment,2,1141.88,Semi-Furnished,2,1,25,3,18.989215,72.819869,2023-12-28
3215,Lower Parel,183200.0,Apartment,2,1052.81,Fully Furnished,2,0,20,4,19.000545,72.829563,2023-08-17
3216,Lower Parel,159600.0,Apartment,2,1116.18,Semi-Furnished,3,0,12,0,18.98543,72.826864,2023-05-31
3217,Andheri West,80600.0,Apartment,1,567.98,Fully Furnished,1,0,17,3,19.126591,72.825698,2023-06-21
3218,Powai,124300.0,Apartment,2,1051.53,Fully Furnished,2,0,23,12,19.126287,72.899343,2023-07-31
3219,Powai,185800.0,Independent House,3,1364.17,Fully Furnished,3,0,25,12,19.126725,72.905575,2023-11-09
3220,Lower Parel,150800.0,Apartment,2,1093.13,Semi-Furnished,2,0,6,5,19.000033,72.83708,2023-10-15
3221,Malabar Hill,350700.0,Apartment,4,1915.53,Semi-Furnished,3,1,8,4,18.952462,72.802142,2023-05-25
3222,Borivali West,34200.0,Villa,1,476.0,Unfurnished,1,1,35,21,19.235183,72.844409,2023-01-15
3223,Powai,152700.0,Apartment,3,1288.22,Semi-Furnished,3,0,1,4,19.110994,72.913607,2023-11-11
3224,Powai,126600.0,Apartment,3,1285.22,Unfurnished,3,1,3,3,19.113312,72.910969,2023-04-24
3225,Juhu,282500.0,Apartment,3,1530.7,Fully Furnished,3,1,2,5,19.110269,72.832948,2023-07-05
3226,Andheri West,72100.0,Studio,1,468.18,Fully Furnished,1,0,14,11,19.137119,72.831215,2023-10-23
3227,Andheri West,61100.0,Apartment,1,555.76,Semi-Furnished,1,1,16,4,19.1341,72.826452,2023-08-28
3228,bandra west,322800.0,Apartment,3,1683.66,Fully Furnished,3,1,27,2,18.947536,72.79419,2023-09-18
3229,Worli,139800.0,Apartment,1,828.73,Fully Furnished,1,2,36,10,19.017015,72.815381,2023-10-28
3230,Bandra West,97500.0,Apartment,1,645.13,Semi-Furnished,1,0,14,20,19.051924,72.839298,2023-10-09
3231,Juhu,149400.0,Apartment,2,1228.23,Unfurnished,3,1,18,16,19.10632,72.832816,2023-03-29
3232,Chembur,53600.0,Apartment,1,568.3,Semi-Furnished,1,2,17,12,19.061431,72.905678,2023-12-17
3233,Lower Parel,147900.0,Apartment,3,1293.56,Unfurnished,4,1,28,8,19.004879,72.832923,2023-01-08
3234,Juhu,189000.0,Apartment,3,1576.03,Unfurnished,3,1,22,10,19.101707,72.823298,2023-10-01
3235,Goregaon East,49600.0,Apartment,1,603.27,Semi-Furnished,1,0,28,20,19.158012,72.874713,2023-04-08
3236,Bandra West,197900.0,Apartment,3,1299.95,Semi-Furnished,3,1,22,5,19.067914,72.836033,2023-02-11
3237,Bandra West,104300.0,Apartment,1,646.83,Fully Furnished,2,1,38,14,19.068837,72.830257,2023-05-19
3238,Powai,105800.0,Apartment,2,1010.26,Semi-Furnished,2,0,29,12,19.118695,72.901493,2023-11-21
3239,Juhu,206900.0,Apartment,2,1158.0,Fully Furnished,2,1,35,10,19.104462,72.818074,2023-01-24
3240,Lower Parel,176500.0,Apartment,2,1056.57,Fully Furnished,2,2,14,0,18.997881,72.835315,2023-06-09
3241,Lower Parel,196100.0,Apartment,3,1358.95,Semi-Furnished,3,1,10,2,19.000515,72.836796,2023-01-09
3242,Chembur,,Apartment,2,893.03,Fully Furnished,2,0,40,2,19.042727,72.905021,2023-04-20
3243,Goregaon East,49200.0,Apartment,1,501.65,Semi-Furnished,1,1,27,26,19.173223,72.866944,2023-01-16
3244,Powai,117000.0,Apartment,2,1031.65,Semi-Furnished,2,1,39,1,19.114131,72.904799,2023-01-29
3245,Lower Parel,139500.0,Apartment,2,1103.95,Semi-Furnished,3,1,26,27,19.004307,72.837571,2023-01-04
3246,Chembur,108000.0,Apartment,2,960.39,Fully Furnished,2,1,2,13,19.060633,72.894356,2023-09-27
3247,Juhu,131000.0,Apartment,1,911.52,Semi-Furnished,2,1,17,28,19.111377,72.818067,2023-07-07
3248,Powai,121400.0,Apartment,3,1373.51,Unfurnished,3,1,21,12,19.127023,72.912444,2023-02-27
3249,Powai,91200.0,Apartment,1,747.01,Fully Furnished,1,1,37,11,19.12368,72.913684,2023-04-06
3250,Powai,136300.0,Apartment,2,1017.07,Fully Furnished,2,1,16,29,19.120512,72.90671,2023-09-20
3251,S. Mumbai - Worli,196600.0,Apartment,2,1272.54,Semi-Furnished,2,0,1,20,18.957484,72.801818,2023-11-05
3252,Malabar Hill,273800.0,Apartment,2,1368.05,Fully Furnished,2,0,38,4,18.940147,72.789946,2023-05-24
3253,Goregaon East,73200.0,Apartment,2,842.97,Semi-Furnished,3,0,20,11,19.163602,72.866269,2023-06-30
3254,Chembur,63600.0,Apartment,1,670.33,Semi-Furnished,1,0,26,,19.060408,72.899827,2023-10-22
3255,Worli,267200.0,Apartment,3,1393.09,Fully Furnished,3,1,27,0,19.026235,72.824309,2023-12-10
3256,Juhu,257900.0,Apartment,4,1824.75,Unfurnished,3,0,12,5,19.108305,72.828582,2023-12-29
3257,Malabar Hill,246600.0,Apartment,2,1227.89,Fully Furnished,2,0,29,3,18.946757,72.791759,2023-08-30
3258,Borivali West,80600.0,Apartment,2,844.75,Semi-Furnished,3,1,35,12,19.236079,72.836128,2023-07-08
3259,Chembur,44500.0,Apartment,1,548.24,Unfurnished,2,0,11,0,19.057995,72.906669,2023-12-03
3260,Worli,133400.0,Apartment,2,1111.17,Unfurnished,3,1,19,,19.022808,72.823414,2023-04-11
3261,S. Mumbai - Worli,79400.0,Apartment,1,654.99,Fully Furnished,1,0,20,10,19.126884,72.899573,2023-05-08
3262,Andheri West,214900.0,Independent House,4,1466.74,Fully Furnished,4,1,27,23,19.141936,72.827145,2023-01-30
3263,Bandra West,149300.0,Apartment,2,977.9,Semi-Furnished,3,1,33,12,19.061085,72.821862,2023-11-02
3264,Bandra West,66000.0,Studio,1,345.41,Fully Furnished,1,0,4,5,19.064762,72.836716,2023-08-21
3265,Borivali West,99400.0,Apartment,2,928.56,Fully Furnished,2,1,25,16,19.23672,72.844037,2023-08-18
3266,Goregaon East,57700.0,Apartment,1,567.02,Fully Furnished,1,1,36,1,19.156951,72.861037,2023-01-15
3267,Juhu,221100.0,Independent House,3,1541.34,,3,1,10,24,19.102049,72.82561,2023-03-14
3268,Juhu,221100.0,Independent House,4,1734.94,Unfurnished,3,1,14,17,19.100624,72.829291,2023-05-25
3269,Malabar Hill,225500.0,Apartment,2,1298.39,Semi-Furnished,2,1,19,11,18.947434,72.801432,2023-10-09
3270,Borivali West,45000.0,Apartment,1,518.27,Semi-Furnished,1,1,9,15,19.225717,72.837772,2023-07-24
3271,Malabar Hill,220300.0,Apartment,2,1288.6,Semi-Furnished,2,0,5,24,18.946012,72.803815,2023-08-14
3272,Worli,134300.0,Studio,1,684.23,Fully Furnished,1,1,12,13,19.024398,72.819947,2023-01-29
3273,Malabar Hill,305400.0,Apartment,3,1558.59,Fully Furnished,4,2,22,26,18.959358,72.793069,2023-10-01
3274,Powai,162200.0,Apartment,3,1294.99,Fully Furnished,3,1,8,2,19.121133,72.900669,2023-02-06
3275,Malabar Hill,191600.0,Apartment,1,969.01,Fully Furnished,1,1,33,3,18.956762,72.801155,2023-08-12
3276,Andheri West,88800.0,Apartment,2,847.48,Semi-Furnished,2,0,22,8,19.131559,72.825417,2023-03-10
3277,Borivali West,73100.0,Apartment,2,839.68,Semi-Furnished,2,2,13,7,19.221982,72.851773,2023-04-03
3278,Andheri West,69400.0,Apartment,1,503.8,Fully Furnished,1,1,3,14,19.133498,72.831389,2023-06-20
3279,Worli,102400.0,Apartment,1,827.59,Unfurnished,1,0,5,9,19.019374,72.811579,2023-05-15
3280,Chembur,72000.0,Apartment,2,879.51,Unfurnished,2,0,30,14,19.044341,72.902456,2023-08-31
3281,Juhu,138400.0,Apartment,1,984.71,Semi-Furnished,1,1,40,5,19.108973,72.825647,2023-01-15
3282,Worli,335600.0,Apartment,4,1719.2,Fully Furnished,3,1,35,15,19.022083,72.814377,2023-05-18
3283,Worli,115100.0,Apartment,1,784.02,Semi-Furnished,1,2,30,15,19.017213,72.820309,2023-10-29
3284,Powai,76200.0,Apartment,1,701.1,Fully Furnished,1,1,23,9,19.124404,72.910302,2023-05-29
3285,Borivali West,40500.0,Apartment,1,585.63,Unfurnished,1,1,5,4,19.219332,72.838938,2023-08-09
3286,Juhu,209800.0,Apartment,2,1242.01,Fully Furnished,2,1,15,29,19.117188,72.827195,2023-04-22
3287,Borivali West,113900.0,Villa,3,1081.77,Semi-Furnished,3,1,22,8,19.234041,72.84615,2023-05-23
3288,Chembur,97500.0,Apartment,2,886.89,Fully Furnished,2,0,23,14,19.045568,72.89362,2023-11-12
3289,Juhu,232900.0,Apartment,2,1256.49,Fully Furnished,2,1,4,13,19.113843,72.820029,2023-11-30
3290,Lower Parel,80600.0,Apartment,1,727.19,Unfurnished,1,1,29,19,19.005199,72.834208,2023-12-22
3291,Juhu,114600.0,Apartment,1,930.31,Unfurnished,1,1,28,,19.107771,72.830475,2023-07-10
3292,Bandra West,235200.0,Apartment,3,1290.49,Fully Furnished,3,0,13,27,19.059418,72.820919,2023-04-06
3293,Powai,115600.0,Apartment,2,997.63,Semi-Furnished,2,0,34,4,19.12035,72.907382,2024-01-01
3294,Juhu,126600.0,Apartment,1,920.94,Semi-Furnished,1,1,8,12,19.117401,72.821094,2023-12-05
3295,Goregaon East,39000.0,Apartment,1,562.39,Unfurnished,2,1,33,3,19.17204,72.860076,2023-10-03
3296,Bandra West,173400.0,Apartment,2,950.3,Fully Furnished,2,1,4,4,19.066586,72.821831,2023-02-06
3297,Bandra West,166900.0,Apartment,3,1251.69,Unfurnished,4,1,40,5,19.05048,72.827343,2023-10-18
3298,Borivali West,45900.0,Apartment,1,433.84,Fully Furnished,1,1,12,9,19.219864,72.847874,2023-06-28
3299,Borivali West,51500.0,Apartment,1,529.87,Semi-Furnished,2,0,23,1,19.230968,72.839243,2023-08-07
3300,Borivali West,81100.0,Apartment,2,724.46,Fully Furnished,2,1,17,29,19.228901,72.834267,2024-01-01
3301,Andheri W,218700.0,Apartment,4,1515.57,Semi-Furnished,4,0,29,10,19.054405,72.835735,2023-09-01
3302,Worli,271000.0,Independent House,4,1756.06,Semi-Furnished,3,0,28,29,19.01349,72.808912,2023-05-18
3303,Lower Parel,87300.0,Apartment,1,709.59,Semi-Furnished,2,0,4,6,18.995893,72.825824,2023-03-04
3304,Lower Parel,174400.0,Apartment,2,1023.01,Fully Furnished,2,1,6,6,18.993078,72.836578,2023-12-12
3305,Worli,103400.0,Apartment,1,776.37,Semi-Furnished,1,0,31,,19.01114,72.816779,2023-12-20
3306,Worli,198500.0,Apartment,3,1450.42,Semi-Furnished,3,0,25,4,19.008653,72.816731,2023-10-05
3307,Lower Parel,241700.0,Apartment,3,1330.26,Fully Furnished,3,0,21,6,18.990292,72.835019,2023-08-18
3308,Juhu,188900.0,Apartment,2,1097.28,Fully Furnished,2,1,37,7,19.098261,72.819416,2023-11-18
3309,Goregaon East,44800.0,Apartment,1,504.37,Semi-Furnished,1,1,40,6,19.163273,72.872915,2023-09-16
3310,Bandra West,143300.0,Apartment,2,841.37,Fully Furnished,2,1,36,4,19.055864,72.828115,2023-09-04
3311,Worli,179700.0,Apartment,2,1132.24,Fully Furnished,2,1,8,29,19.018735,72.82637,2023-11-19
3312,Andheri West,110100.0,Apartment,2,813.68,Fully Furnished,2,0,21,10,19.13965,72.821092,2023-05-24
3313,Bandra West,132200.0,Apartment,2,871.97,Semi-Furnished,2,1,16,,19.062877,72.833659,2023-01-31
3314,Juhu,214000.0,Apartment,2,1246.35,Fully Furnished,2,1,3,21,19.115796,72.8211,2023-10-13
3315,S. Mumbai - Worli,118200.0,Apartment,3,1174.73,Unfurnished,4,1,29,4,19.138826,72.821458,2023-12-18
3316,Malabar Hill,119100.0,Apartment,1,959.17,Unfurnished,1,1,8,0,18.957434,72.793735,2023-09-09
3317,Juhu,197800.0,Apartment,2,1262.71,Semi-Furnished,2,0,34,0,19.102053,72.81748,2023-02-16
3318,Powai,118300.0,Apartment,3,1223.36,Unfurnished,3,1,16,5,19.124888,72.913597,2023-10-13
3319,Chembur,74800.0,Apartment,1,633.71,Fully Furnished,1,1,19,12,19.050726,72.900968,2023-06-08
3320,Andheri West,123400.0,Apartment,2,808.52,Fully Furnished,2,1,29,2,19.128385,72.828007,2023-10-30
3321,Andheri West,95500.0,Apartment,2,817.11,Semi-Furnished,2,2,9,12,19.139001,72.833276,2023-10-01
3322,Goregaon East,75200.0,Apartment,2,767.55,Semi-Furnished,2,1,37,8,19.168081,72.870001,2023-08-20
3323,Malabar Hill,252300.0,Apartment,3,1614.18,Unfurnished,3,2,28,15,18.958172,72.79428,2023-11-04
3324,Goregaon East,94200.0,Apartment,2,861.27,Fully Furnished,3,1,27,8,19.1593,72.874518,2023-09-01
3325,Chembur,51300.0,Apartment,1,587.49,Semi-Furnished,1,1,33,3,19.060294,72.896862,2023-10-06
3326,bandra west,48400.0,Apartment,1,525.57,Semi-Furnished,2,0,5,,19.168209,72.868176,2023-08-13
3327,Malabar Hill,213400.0,Apartment,2,1374.21,Semi-Furnished,2,1,23,13,18.950452,72.789306,2023-09-20
3328,Bandra West,131500.0,Apartment,2,893.97,Semi-Furnished,2,0,9,7,19.055472,72.821075,2023-06-06
3329,bandra west,149800.0,Apartment,2,1228.49,Unfurnished,2,1,8,13,19.110125,72.832875,2023-09-28
3330,Goregaon East,47200.0,Apartment,1,487.3,Semi-Furnished,1,1,7,8,19.173879,72.86007,2023-07-20
3331,Bandra West,143900.0,Apartment,2,835.22,Fully Furnished,2,0,7,12,19.051132,72.828802,2023-11-14
3332,Juhu,115100.0,Apartment,1,859.29,Unfurnished,1,1,31,14,19.100497,72.817875,2023-01-12
3333,Andheri West,269900.0,Apartment,5,1708.42,Fully Furnished,4,0,6,3,19.131435,72.81946,2023-12-28
3334,Goregaon East,104500.0,Apartment,3,1127.46,Unfurnished,4,1,22,15,19.16952,72.858242,2023-06-04
3335,Goregaon East,81100.0,Apartment,2,895.25,Semi-Furnished,2,1,22,23,19.158187,72.87257,2023-06-16
3336,Bandra West,106300.0,Apartment,1,554.44,Fully Furnished,1,1,28,29,19.059309,72.832001,2023-09-03
3337,Worli,80600.0,Apartment,1,758.06,Unfurnished,1,1,38,11,19.020273,72.810527,2023-01-09
3338,Borivali West,82000.0,Apartment,3,987.42,Unfurnished,4,1,39,10,19.221696,72.843215,2023-04-15
3339,Bandra West,87900.0,Apartment,1,557.46,Semi-Furnished,2,2,18,14,19.060818,72.831017,2023-11-09
3340,Powai,130600.0,Apartment,2,1064.43,Fully Furnished,2,1,10,29,19.119251,72.900401,2023-06-12
3341,Malabar Hill,227600.0,Apartment,2,1313.17,Semi-Furnished,3,0,19,7,18.940052,72.785532,2023-04-19
3342,Powai,,Apartment,3,1328.27,Unfurnished,3,0,24,12,19.110047,72.910306,2023-07-24
3343,Goregaon East,55500.0,Apartment,1,592.01,Semi-Furnished,2,0,15,5,19.158725,72.874615,2023-07-05
3344,Worli,150500.0,Apartment,2,1102.61,Semi-Furnished,2,2,2,2,19.020203,72.808401,2023-08-17
3345,Goregaon East,72800.0,Apartment,2,806.68,Semi-Furnished,2,0,36,1,19.154678,72.866964,2023-09-07
3346,Lower Parel,161900.0,Apartment,2,1092.53,Semi-Furnished,3,0,11,1,18.99436,72.835614,2023-04-13
3347,Worli,173200.0,Apartment,2,1120.8,Fully Furnished,3,2,32,10,19.016212,72.820532,2023-05-13
3348,Juhu,168500.0,Apartment,2,1189.64,Semi-Furnished,2,1,25,11,19.102434,72.818864,2023-10-24
3349,Lower Parel,228300.0,Apartment,3,1351.37,Fully Furnished,3,1,21,14,19.003742,72.823477,2023-06-12
3350,Powai,162800.0,Apartment,3,1298.66,Fully Furnished,3,0,1,0,19.124255,72.904871,2023-12-04
3351,Andheri West,74300.0,Apartment,1,524.38,Fully Furnished,1,2,28,18,19.145861,72.822453,2023-12-17
3352,Borivali West,106500.0,Apartment,3,1092.51,Semi-Furnished,3,0,31,5,19.222221,72.83482,2023-04-04
3353,Powai,103500.0,Apartment,2,1048.37,Semi-Furnished,2,0,23,10,19.117398,72.911571,2023-03-22
3354,Powai,119000.0,Apartment,2,1014.37,,2,2,11,24,19.12435,72.907444,2023-07-04
3355,Chembur,112300.0,Apartment,3,1200.34,Semi-Furnished,3,0,14,1,19.048193,72.900519,2023-03-29
3356,bandra west,197000.0,Apartment,2,1214.0,Fully Furnished,2,1,25,4,19.115316,72.827541,2023-09-19
3357,Chembur,119700.0,Apartment,2,950.48,Fully Furnished,3,0,12,22,19.061474,72.901168,2023-01-12
3358,Juhu,278000.0,Apartment,4,1784.93,Semi-Furnished,3,2,4,20,19.102462,72.818817,2023-09-08
3359,Borivali West,95300.0,Apartment,2,805.66,Fully Furnished,2,1,18,9,19.237425,72.847854,2023-10-16
3360,Malabar Hill,288700.0,Apartment,4,1834.84,Unfurnished,4,1,37,11,18.956064,72.786634,2023-06-15
3361,Chembur,91000.0,Apartment,2,874.92,Semi-Furnished,2,1,4,,19.054681,72.891788,2023-06-28
3362,Juhu,183000.0,Apartment,1,978.54,Fully Furnished,1,2,35,5,19.110481,72.829634,2023-12-04
3363,Malabar Hill,181700.0,Apartment,2,1364.36,Unfurnished,3,0,34,15,18.957889,72.797479,2023-12-30
3364,bandra west,100500.0,Apartment,2,888.54,Fully Furnished,2,1,8,2,19.155064,72.87179,2023-05-16
3365,Bandra West,164000.0,Apartment,2,949.77,Fully Furnished,3,0,11,1,19.065061,72.838807,2023-06-27
3366,Chembur,128600.0,Apartment,3,1161.7,Semi-Furnished,3,1,33,11,19.044456,72.8952,2023-11-03
3367,Worli,148700.0,Apartment,2,1113.57,Unfurnished,2,1,17,4,19.012356,72.81709,2023-11-12
3368,Chembur,132100.0,Apartment,3,1330.25,Semi-Furnished,3,1,14,9,19.049987,72.897196,2023-03-28
3369,Bandra West,210800.0,Apartment,3,1202.32,Fully Furnished,3,1,37,0,19.058548,72.820648,2023-07-12
3370,Andheri West,87100.0,Apartment,2,907.11,Unfurnished,2,1,2,4,19.131731,72.831512,2023-10-24
3371,Malabar Hill,159800.0,Apartment,1,909.76,Semi-Furnished,1,1,17,20,18.955861,72.800379,2023-02-24
3372,Andheri W,73500.0,Apartment,2,890.99,Unfurnished,2,1,25,5,19.167164,72.860859,2023-01-21
3373,Juhu,216100.0,Apartment,2,1144.69,Fully Furnished,2,1,34,7,19.110506,72.819608,2023-11-15
3374,Juhu,216400.0,Apartment,2,1130.03,,3,1,20,10,19.098722,72.833696,2023-01-10
3375,Powai,137400.0,Apartment,3,1231.58,Semi-Furnished,3,0,23,28,19.109354,72.903819,2023-06-30
3376,Lower Parel,121400.0,Apartment,2,1072.57,Unfurnished,2,0,38,20,18.993756,72.831183,2023-10-20
3377,Borivali West,33800.0,Apartment,1,438.53,Unfurnished,1,1,14,23,19.228521,72.848131,2023-07-25
3378,Lower Parel,129200.0,Apartment,2,1140.4,Unfurnished,2,1,38,22,18.986614,72.838159,2023-10-13
3379,Lower Parel,133700.0,Apartment,2,932.56,Semi-Furnished,2,1,40,16,18.99449,72.83348,2023-03-16
3380,Goregaon East,101400.0,Apartment,2,924.34,Fully Furnished,3,0,30,18,19.155947,72.874447,2023-09-16
3381,Powai,177200.0,Apartment,3,1323.8,Fully Furnished,3,1,1,0,19.120473,72.914142,2023-03-09
3382,Bandra West,79300.0,Apartment,1,589.04,Unfurnished,2,1,20,13,19.054002,72.821764,2023-07-10
3383,Andheri West,95200.0,Apartment,2,771.95,Semi-Furnished,3,2,36,11,19.137159,72.836365,2023-05-13
3384,Worli,96000.0,Apartment,1,846.12,Unfurnished,2,1,17,14,19.019889,72.810785,2023-04-10
3385,Bandra West,92600.0,Apartment,1,682.75,Semi-Furnished,1,0,1,18,19.066073,72.837076,2023-12-25
3386,Borivali West,72600.0,Apartment,2,831.26,Unfurnished,3,1,7,7,19.222701,72.834404,2023-12-21
3387,Andheri West,83400.0,Apartment,2,815.71,Unfurnished,2,1,31,12,19.133176,72.82592,2023-03-19
3388,Andheri West,61600.0,Apartment,1,617.07,Unfurnished,1,1,18,13,19.140722,72.821154,2023-11-13
3389,Bandra West,97400.0,Apartment,1,573.34,Fully Furnished,2,0,25,9,19.056712,72.821189,2023-12-22
3390,Chembur,111900.0,Independent House,2,897.51,Fully Furnished,2,2,40,28,19.060823,72.901068,2023-11-12
3391,Bandra West,122100.0,Apartment,2,858.16,Semi-Furnished,2,1,6,3,19.050218,72.833121,2023-02-28
3392,Lower Parel,150500.0,Apartment,2,989.6,Fully Furnished,2,1,27,12,19.002137,72.825366,2023-10-08
3393,Juhu,157400.0,Apartment,2,1110.63,Semi-Furnished,3,2,39,8,19.108076,72.827188,2023-05-18
3394,Bandra West,142300.0,Apartment,2,897.04,Semi-Furnished,2,1,21,9,19.060683,72.8215,2023-03-26
3395,Goregaon East,70000.0,Apartment,1,630.16,Fully Furnished,1,1,38,7,19.168181,72.86581,2023-05-16
3396,Andheri West,96400.0,Apartment,2,872.35,Semi-Furnished,2,1,18,10,19.134202,72.830086,2023-12-07
3397,Lower Parel,130500.0,Apartment,2,1026.79,Semi-Furnished,2,1,38,10,18.989688,72.833986,2023-02-02
3398,Andheri West,71700.0,Apartment,1,565.45,Fully Furnished,1,2,9,15,19.144711,72.835626,2023-11-23
3399,Chembur,128100.0,Apartment,3,1172.07,Fully Furnished,3,1,14,15,19.054437,72.893777,2023-11-10
3400,Goregaon East,63600.0,Apartment,2,828.81,Unfurnished,2,0,39,15,19.165889,72.858177,2023-12-17
3401,Worli,194000.0,Apartment,3,1440.1,Semi-Furnished,3,2,22,11,19.020594,72.811902,2023-02-18
3402,Powai,68500.0,Studio,1,572.14,Semi-Furnished,1,2,26,13,19.124164,72.915168,2023-09-16
3403,Lower Parel,,Studio,1,478.96,Fully Furnished,2,0,39,11,18.992999,72.822449,2023-05-13
3404,Malabar Hill,177700.0,Apartment,1,962.36,Fully Furnished,1,0,40,26,18.944089,72.787563,2023-02-21
3405,Bandra West,223400.0,Apartment,4,1500.8,Semi-Furnished,3,0,37,26,19.052898,72.83859,2023-01-21
3406,Lower Parel,190500.0,Independent House,3,1320.87,Semi-Furnished,3,1,26,9,18.99945,72.827167,2023-07-13
3407,Bandra West,169300.0,Independent House,2,1041.21,Semi-Furnished,2,1,19,12,19.061424,72.834114,2023-06-29
3408,Powai,85300.0,Apartment,1,761.53,Fully Furnished,1,1,13,10,19.116124,72.908694,2023-02-01
3409,Goregaon East,55500.0,Apartment,1,455.81,Fully Furnished,1,1,17,2,19.161005,72.861042,2023-07-11
3410,Andheri West,,Apartment,2,848.9,Semi-Furnished,3,1,23,6,19.142269,72.817975,2023-05-26
3411,Malabar Hill,249600.0,Apartment,3,1637.65,Unfurnished,3,1,37,15,18.959356,72.799617,2023-11-21
3412,Goregaon East,137500.0,Apartment,3,1092.52,Fully Furnished,3,2,12,20,19.16088,72.869705,2023-01-17
3413,Goregaon East,51200.0,Apartment,1,628.08,Unfurnished,2,0,29,0,19.157386,72.857085,2023-12-28
3414,Borivali West,37600.0,Apartment,1,487.38,Unfurnished,1,1,15,13,19.219743,72.839352,2023-02-12
3415,Borivali West,83100.0,Apartment,2,802.49,Fully Furnished,2,1,19,4,19.234154,72.844089,2023-02-23
3416,Andheri West,63900.0,Independent House,1,577.9,Semi-Furnished,1,1,23,27,19.128976,72.819993,2023-03-24
3417,Worli,165900.0,Apartment,2,1135.52,Semi-Furnished,2,0,31,,19.013097,72.822089,2023-10-25
3418,Chembur,35400.0,Studio,1,334.77,Semi-Furnished,1,1,20,30,19.047763,72.898169,2023-08-22
3419,Worli,158300.0,Apartment,3,1333.14,Unfurnished,3,1,14,13,19.019961,72.820718,2023-02-04
3420,Andheri West,144000.0,Apartment,4,1427.61,Unfurnished,3,0,32,12,19.13259,72.830462,2023-03-25
3421,Lower Parel,151700.0,Apartment,3,1309.7,Unfurnished,3,1,36,4,19.000763,72.823597,2023-12-08
3422,Bandra West,93700.0,Apartment,1,637.1,Semi-Furnished,1,0,36,11,19.066997,72.824982,2023-10-29
3423,Powai,90700.0,Apartment,1,722.99,Fully Furnished,2,1,17,24,19.119293,72.905227,2023-01-23
3424,S. Mumbai - Worli,81500.0,Apartment,2,766.71,Fully Furnished,2,1,30,8,19.235278,72.847332,2023-06-13
3425,Goregaon East,91600.0,Apartment,2,883.86,Semi-Furnished,2,1,10,,19.163353,72.857009,2023-11-28
3426,Goregaon East,152900.0,Apartment,4,1489.61,Semi-Furnished,3,1,24,14,19.158623,72.866772,2023-12-19
3427,Borivali West,68600.0,Villa,2,772.22,,2,2,10,,19.229844,72.852253,2023-07-13
3428,Lower Parel,161600.0,Apartment,2,1018.86,Fully Furnished,3,1,17,2,18.99796,72.821535,2023-09-09
3429,Bandra West,156400.0,Apartment,3,1251.46,Unfurnished,3,1,1,6,19.060327,72.827925,2023-08-30
3430,Juhu,227000.0,Apartment,3,1461.68,Semi-Furnished,3,1,10,1,19.109969,72.820396,2023-07-24
3431,Borivali West,98100.0,Independent House,3,1104.66,Semi-Furnished,3,0,10,1,19.235793,72.844415,2023-07-20
3432,Malabar Hill,207500.0,Apartment,2,1340.87,Semi-Furnished,2,1,11,8,18.950042,72.799546,2023-04-01
3433,Goregaon East,123400.0,Apartment,3,1156.03,,3,1,33,18,19.167463,72.865422,2023-05-03
3434,Borivali West,118300.0,Apartment,3,1119.02,Fully Furnished,3,1,29,1,19.238611,72.852263,2023-05-16
3435,Chembur,223100.0,Apartment,5,1804.63,Fully Furnished,4,1,29,6,19.055155,72.899993,2023-07-06
3436,Juhu,215300.0,Apartment,3,1517.68,Unfurnished,4,0,1,5,19.102363,72.824994,2023-09-07
3437,Goregaon East,84300.0,Apartment,2,778.94,Semi-Furnished,2,0,21,3,19.158837,72.871817,2023-09-14
3438,Chembur,151000.0,Independent House,4,1410.16,Semi-Furnished,4,0,4,12,19.049796,72.891595,2023-08-23
3439,Chembur,56800.0,Apartment,1,613.38,Semi-Furnished,2,1,26,1,19.049263,72.892698,2023-11-11
3440,Powai,169200.0,Apartment,3,1355.76,Fully Furnished,4,0,6,3,19.114259,72.903829,2023-06-19
3441,Juhu,224900.0,Apartment,3,1458.98,Semi-Furnished,3,1,17,15,19.11321,72.826119,2023-01-22
3442,Andheri West,133600.0,Apartment,3,1090.21,Semi-Furnished,3,0,11,2,19.145866,72.817894,2023-01-01
3443,Worli,123400.0,Apartment,1,699.43,Fully Furnished,1,1,2,1,19.017091,72.823721,2023-04-28
3444,Bandra West,112200.0,Apartment,1,619.35,Fully Furnished,1,0,37,6,19.062139,72.838985,2023-09-21
3445,Malabar Hill,129200.0,Apartment,1,950.82,Unfurnished,1,0,12,18,18.952439,72.787865,2023-01-20
3446,Malabar Hill,186200.0,Apartment,1,982.67,Fully Furnished,2,0,3,3,18.951236,72.803213,2023-08-24
3447,Bandra West,168900.0,Apartment,3,1232.93,Unfurnished,3,1,31,13,19.064596,72.836435,2023-10-03
3448,S. Mumbai - Worli,129600.0,Apartment,1,823.98,Fully Furnished,1,0,11,8,19.000031,72.838038,2023-01-08
3449,Bandra West,148100.0,Apartment,2,800.06,,2,1,31,27,19.063345,72.836352,2023-02-28
3450,Andheri W,125300.0,Apartment,2,1014.11,Fully Furnished,2,0,18,10,19.118443,72.904359,2023-04-30
3451,Juhu,245000.0,Apartment,3,1468.54,Semi-Furnished,3,1,18,3,19.115871,72.822927,2023-07-21
3452,Juhu,132600.0,Apartment,1,934.4,,1,1,28,,19.112633,72.824311,2023-05-29
3453,Powai,134500.0,Apartment,2,1004.45,Fully Furnished,2,1,39,0,19.108239,72.912993,2023-01-12
3454,Juhu,153500.0,Apartment,2,1208.73,Unfurnished,2,1,31,10,19.101656,72.819968,2023-01-25
3455,Borivali West,43500.0,Apartment,1,459.15,Semi-Furnished,1,2,17,10,19.233329,72.839772,2023-06-29
3456,Lower Parel,234000.0,Independent House,4,1634.55,Semi-Furnished,4,0,29,30,18.993461,72.826039,2023-01-13
3457,Goregaon East,92000.0,Apartment,2,849.02,Fully Furnished,2,0,31,24,19.156308,72.867716,2023-07-12
3458,Borivali West,119700.0,Villa,4,1440.13,Unfurnished,3,1,32,4,19.222324,72.835749,2023-02-09
3459,Powai,93900.0,Studio,1,795.58,Semi-Furnished,1,1,5,8,19.122719,72.910722,2023-06-16
3460,Chembur,39200.0,Studio,1,391.02,Semi-Furnished,1,0,12,30,19.059539,72.896597,2023-02-20
3461,Powai,85500.0,Apartment,1,731.78,Fully Furnished,1,1,8,23,19.116221,72.911973,2023-08-03
3462,Juhu,194400.0,Apartment,2,1332.93,Semi-Furnished,2,1,14,3,19.108201,72.832349,2023-12-16
3463,Malabar Hill,202500.0,Apartment,1,1031.37,Fully Furnished,1,1,7,10,18.950175,72.804618,2023-01-02
3464,Chembur,105900.0,Apartment,3,1217.73,Unfurnished,3,1,26,10,19.05915,72.90338,2023-10-25
3465,Bandra West,,Apartment,4,1555.09,Fully Furnished,3,1,39,4,19.059052,72.834073,2023-06-23
3466,Borivali West,42300.0,Apartment,1,488.74,Semi-Furnished,1,0,12,3,19.234983,72.852685,2023-10-19
3467,Bandra West,90100.0,Apartment,1,469.78,Fully Furnished,1,1,29,9,19.053425,72.819719,2023-09-24
3468,Juhu,197600.0,Apartment,2,1233.64,Semi-Furnished,2,1,20,15,19.10668,72.825635,2023-01-20
3469,Powai,66400.0,Apartment,1,710.53,Semi-Furnished,1,0,23,10,19.125857,72.908229,2023-02-10
3470,Goregaon East,77600.0,Apartment,2,829.53,Semi-Furnished,2,1,37,1,19.155279,72.859175,2023-07-25
3471,Chembur,60400.0,Apartment,1,666.08,,2,2,26,1,19.049202,72.894564,2023-01-24
3472,Bandra West,184600.0,Apartment,2,912.41,Fully Furnished,2,1,39,1,19.067201,72.820167,2023-02-03
3473,Lower Parel,168500.0,Apartment,2,995.11,Fully Furnished,2,2,7,1,18.997408,72.825403,2023-11-08
3474,Borivali West,82000.0,Apartment,2,857.46,Semi-Furnished,3,2,6,12,19.220361,72.845587,2023-06-18
3475,Malabar Hill,227800.0,Apartment,2,1274.25,Semi-Furnished,2,1,33,10,18.949243,72.792937,2023-12-16
3476,Malabar Hill,255100.0,Apartment,3,1597.37,Semi-Furnished,3,1,24,28,18.957071,72.799121,2023-03-27
3477,Lower Parel,116900.0,Apartment,1,747.85,Fully Furnished,1,0,6,29,18.993319,72.833328,2023-07-19
3478,Chembur,69900.0,Apartment,2,924.34,Unfurnished,2,0,36,2,19.060846,72.908024,2023-05-23
3479,Bandra West,153600.0,Apartment,2,871.22,Fully Furnished,2,1,22,14,19.054135,72.821278,2023-04-26
3480,Chembur,49700.0,Apartment,1,657.24,Unfurnished,1,1,12,30,19.046353,72.8995,2023-06-14
3481,Juhu,336100.0,Apartment,4,1835.38,Fully Furnished,3,0,3,0,19.114482,72.82563,2023-07-29
3482,Bandra West,141000.0,Apartment,2,851.9,Semi-Furnished,3,1,5,8,19.04967,72.836772,2023-06-26
3483,Chembur,139900.0,Apartment,3,1209.74,Fully Furnished,3,1,8,2,19.061804,72.892625,2023-10-27
3484,Juhu,121600.0,Apartment,1,933.67,Unfurnished,1,0,39,1,19.112777,72.825788,2023-01-25
3485,Bandra West,122300.0,Apartment,1,654.13,Fully Furnished,1,0,36,3,19.058715,72.834681,2023-01-05
3486,Worli,130400.0,Apartment,1,828.11,Fully Furnished,1,0,32,17,19.007496,72.821675,2023-11-23
3487,Worli,171600.0,Apartment,2,1183.36,Semi-Furnished,2,1,37,30,19.020379,72.824162,2023-08-21
3488,Powai,112300.0,Apartment,2,1036.84,Semi-Furnished,3,1,27,21,19.108961,72.897328,2023-01-09
3489,Chembur,82000.0,Independent House,2,946.54,Semi-Furnished,2,0,13,2,19.049953,72.894932,2023-10-21
3490,Juhu,139000.0,Apartment,1,875.61,Fully Furnished,1,1,7,11,19.098252,72.831524,2023-03-12
3491,Malabar Hill,163300.0,Apartment,2,1258.76,Unfurnished,2,0,19,18,18.940678,72.793145,2023-01-04
3492,Juhu,196100.0,Apartment,2,1262.98,Semi-Furnished,2,1,12,11,19.113755,72.819956,2023-07-16
3493,Chembur,46800.0,Apartment,1,583.23,Unfurnished,1,0,25,9,19.05955,72.902393,2023-12-24
3494,Chembur,131100.0,Apartment,3,1261.72,Semi-Furnished,3,0,16,28,19.06114,72.902154,2023-04-07
3495,Chembur,107000.0,Apartment,2,877.09,Fully Furnished,2,1,31,6,19.061183,72.897315,2023-12-18
3496,Juhu,287700.0,Apartment,3,1483.48,Fully Furnished,4,1,36,27,19.114822,72.823046,2023-03-24
3497,Goregaon East,89600.0,Apartment,3,1062.94,Unfurnished,3,0,15,20,19.164255,72.875049,2023-08-06
3498,Bandra West,99000.0,Apartment,1,503.94,Fully Furnished,2,1,11,9,19.063443,72.819892,2023-03-03
3499,Lower Parel,119400.0,Apartment,1,760.93,Fully Furnished,1,1,16,6,18.986397,72.82878,2023-01-11
3500,Juhu,267200.0,Apartment,3,1482.56,Fully Furnished,3,1,11,8,19.106851,72.823624,2023-06-30
3501,Goregaon East,141200.0,Apartment,3,1140.7,Fully Furnished,3,0,39,8,19.160843,72.862086,2023-08-14
3502,Powai,118500.0,Apartment,3,1216.73,Unfurnished,3,0,7,15,19.122534,72.910623,2023-04-03
3503,Worli,175100.0,Apartment,2,1037.39,Fully Furnished,2,0,16,27,19.026794,72.824998,2023-04-28
3504,Borivali West,98500.0,Apartment,2,789.56,Fully Furnished,2,1,28,6,19.23833,72.841221,2023-06-13
3505,Powai,99300.0,Apartment,2,1032.99,Unfurnished,2,1,40,7,19.117387,72.908707,2023-10-19
3506,Worli,129700.0,Studio,1,860.24,Unfurnished,2,1,20,8,19.017543,72.814796,2023-07-29
3507,Chembur,47500.0,Apartment,1,568.94,Unfurnished,1,1,24,23,19.0531,72.900748,2023-11-17
3508,Goregaon East,135600.0,Apartment,3,1113.26,Fully Furnished,3,0,32,23,19.171073,72.871085,2023-01-05
3509,Goregaon East,81700.0,Apartment,2,820.87,Semi-Furnished,2,0,4,,19.162949,72.85671,2023-09-04
3510,Lower Parel,92400.0,Apartment,1,772.38,Semi-Furnished,1,1,39,13,18.998623,72.821662,2023-03-09
3511,Andheri West,72800.0,Apartment,1,518.52,Fully Furnished,1,1,9,,19.143512,72.827874,2023-04-14
3512,Chembur,105400.0,Apartment,3,1178.52,Unfurnished,3,2,6,28,19.055281,72.906309,2023-11-27
3513,Goregaon East,61100.0,Apartment,1,558.09,Fully Furnished,2,1,2,7,19.161596,72.870152,2023-04-18
3514,Lower Parel,275300.0,Apartment,4,1676.44,Fully Furnished,3,1,29,15,18.990019,72.831226,2023-02-22
3515,S. Mumbai - Worli,255000.0,Apartment,4,1579.91,Semi-Furnished,3,1,36,5,19.057781,72.833299,2023-04-09
3516,Worli,118600.0,Independent House,1,821.09,Semi-Furnished,1,1,30,29,19.021488,72.813535,2023-05-09
3517,Malabar Hill,165300.0,Apartment,1,1052.66,Semi-Furnished,1,1,1,24,18.957485,72.78753,2023-08-11
3518,Powai,125200.0,Apartment,2,986.73,Fully Furnished,2,1,8,15,19.110475,72.910651,2023-11-25
3519,Bandra West,181300.0,Apartment,3,1204.63,Semi-Furnished,3,1,32,6,19.058487,72.834039,2023-06-19
3520,S. Mumbai - Worli,146100.0,Studio,1,1027.22,Fully Furnished,1,1,30,10,19.235584,72.847114,2023-09-18
3521,Worli,137800.0,Apartment,1,813.49,Fully Furnished,1,2,12,13,19.010749,72.816956,2023-01-04
3522,Juhu,231100.0,Apartment,3,1413.88,Semi-Furnished,3,1,32,,19.115267,72.829655,2023-12-16
3523,Bandra West,70400.0,Apartment,1,548.67,Unfurnished,1,2,4,26,19.06066,72.826959,2023-04-18
3524,Worli,181700.0,Apartment,2,1223.13,Semi-Furnished,2,1,26,3,19.024328,72.816755,2023-07-28
3525,Chembur,156300.0,Apartment,4,1461.27,Semi-Furnished,3,1,15,20,19.056125,72.901429,2023-05-07
3526,Juhu,147900.0,Apartment,2,1176.25,Unfurnished,2,0,35,12,19.102377,72.822288,2023-04-28
3527,Malabar Hill,363600.0,Apartment,3,1641.15,Fully Furnished,3,0,30,6,18.951477,72.786413,2023-12-08
3528,Lower Parel,166400.0,Apartment,3,1334.65,Unfurnished,3,0,12,13,19.004822,72.836025,2023-05-21
3529,Juhu,219200.0,Apartment,2,1269.36,Fully Furnished,2,0,37,9,19.099672,72.830148,2023-06-19
3530,Powai,62600.0,Apartment,1,703.53,Unfurnished,1,1,22,12,19.121,72.904655,2023-07-06
3531,bandra west,62100.0,Apartment,1,691.45,Unfurnished,1,1,32,12,19.119342,72.903433,2023-09-18
3532,Powai,108600.0,Apartment,3,1275.81,Unfurnished,4,1,11,24,19.121636,72.909768,2023-02-11
3533,Malabar Hill,170600.0,Apartment,2,1332.46,Unfurnished,2,1,34,3,18.959513,72.793078,2023-02-14
3534,Lower Parel,81300.0,Apartment,1,650.74,Semi-Furnished,1,2,6,4,18.999702,72.829322,2023-04-27
3535,Juhu,130100.0,Apartment,1,881.27,Semi-Furnished,1,1,38,27,19.103868,72.83207,2023-11-21
3536,Andheri West,206700.0,Apartment,4,1389.12,Fully Furnished,3,0,23,0,19.137614,72.833245,2023-09-14
3537,Worli,196200.0,Apartment,2,1199.2,Fully Furnished,2,0,6,4,19.025477,72.811704,2023-10-26
3538,Bandra West,209800.0,Apartment,3,1266.7,Semi-Furnished,3,1,37,5,19.051604,72.826199,2023-04-27
3539,Malabar Hill,172500.0,Apartment,1,949.77,Fully Furnished,1,0,38,,18.953415,72.801604,2023-05-23
3540,Goregaon East,58600.0,Apartment,1,512.29,Fully Furnished,2,0,35,22,19.168961,72.864873,2023-10-03
3541,Malabar Hill,283500.0,Apartment,2,1379.37,Fully Furnished,2,0,39,9,18.949277,72.789516,2023-03-16
3542,Powai,117800.0,Apartment,2,1010.44,Fully Furnished,3,2,35,6,19.110834,72.908412,2023-08-10
3543,Lower Parel,175700.0,Apartment,2,1027.34,Fully Furnished,3,1,17,7,18.990196,72.834298,2023-09-21
3544,Malabar Hill,249800.0,Apartment,3,1560.27,Semi-Furnished,3,1,27,13,18.946138,72.79401,2023-03-12
3545,Borivali West,99100.0,Apartment,3,-500,Unfurnished,4,1,14,1,19.233596,72.853787,2023-12-19
3546,Borivali West,129600.0,Apartment,3,1106.9,,4,2,13,14,19.223172,72.835691,2023-12-12
3547,Andheri West,117900.0,Apartment,2,904.98,Fully Furnished,2,0,10,10,19.13265,72.825497,2023-07-13
3548,Goregaon East,124200.0,Apartment,3,1179.92,Semi-Furnished,3,2,10,5,19.173961,72.860162,2023-05-26
3549,Bandra West,82200.0,Apartment,1,650.2,Unfurnished,2,1,35,15,19.067909,72.82135,2023-01-24
3550,Worli,89300.0,Apartment,1,818.02,Unfurnished,1,1,31,5,19.018693,72.820202,2023-03-08
3551,Powai,124500.0,Apartment,2,1022.18,Fully Furnished,2,1,18,6,19.121718,72.908039,2023-08-30
3552,Andheri West,222200.0,Apartment,4,1466.95,Fully Furnished,4,1,28,5,19.137519,72.819451,2023-08-10
3553,Malabar Hill,145600.0,Independent House,1,944.35,Semi-Furnished,2,2,30,9,18.945677,72.798464,2023-02-01
3554,Andheri West,91800.0,Apartment,2,868.9,Unfurnished,2,1,33,7,19.132069,72.835662,2023-11-05
3555,Chembur,58000.0,Apartment,1,617.46,Semi-Furnished,1,2,22,5,19.043485,72.905391,2023-01-22
3556,Malabar Hill,242300.0,Apartment,2,1351.1,Fully Furnished,2,1,32,2,18.957804,72.79118,2023-11-16
3557,Andheri West,66600.0,Apartment,1,554.78,Fully Furnished,1,0,19,10,19.136323,72.828679,2023-09-11
3558,Juhu,,Apartment,3,1527.22,Semi-Furnished,3,0,5,2,19.103343,72.8211,2023-01-06
3559,Chembur,109000.0,Independent House,2,919.31,Fully Furnished,2,0,10,2,19.046267,72.89062,2023-07-19
3560,Goregaon East,136000.0,Apartment,3,1089.14,Fully Furnished,3,1,30,14,19.167275,72.865258,2023-08-07
3561,Powai,130500.0,Apartment,2,989.2,Fully Furnished,2,1,35,16,19.108867,72.910448,2023-06-08
3562,bandra west,327500.0,Apartment,3,1685.6,Fully Furnished,3,0,31,18,18.9464,72.78804,2023-03-02
3563,Malabar Hill,175100.0,Independent House,2,1296.83,Unfurnished,3,0,37,0,18.951737,72.791684,2023-11-26
3564,Andheri West,117300.0,Apartment,2,867.93,Fully Furnished,2,0,2,13,19.134031,72.820921,2023-03-06
3565,Malabar Hill,293900.0,Apartment,3,1608.36,Fully Furnished,3,1,5,9,18.944774,72.789291,2023-03-14
3566,Malabar Hill,214800.0,Apartment,1,1046.94,Fully Furnished,1,0,24,6,18.944034,72.79515,2023-09-29
3567,Goregaon East,136500.0,Apartment,3,1090.31,Fully Furnished,3,1,20,7,19.157625,72.862648,2023-10-21
3568,S. Mumbai - Worli,81800.0,Apartment,2,785.74,Fully Furnished,2,2,4,19,19.235649,72.848139,2023-12-07
3569,Malabar Hill,338700.0,Apartment,3,1562.43,Fully Furnished,3,1,28,15,18.940668,72.799983,2023-12-06
3570,Chembur,60200.0,Apartment,1,493.43,Fully Furnished,1,2,16,18,19.056144,72.897121,2023-04-15
3571,Borivali West,60900.0,Apartment,2,780.72,Unfurnished,3,0,35,11,19.237873,72.847584,2023-09-11
3572,Chembur,94300.0,Apartment,3,1119.54,Unfurnished,4,1,26,2,19.044188,72.898195,2023-11-01
3573,Powai,64600.0,Apartment,1,738.37,Unfurnished,2,0,1,3,19.120225,72.898,2023-08-04
3574,Bandra West,110000.0,Apartment,2,906.1,Unfurnished,3,1,39,5,19.054031,72.834724,2023-07-04
3575,Chembur,104500.0,Apartment,3,1188.41,Unfurnished,3,2,35,3,19.062183,72.907453,2023-05-11
3576,Bandra West,111400.0,Apartment,1,624.77,Fully Furnished,1,1,22,0,19.049856,72.83292,2023-05-17
3577,Chembur,90400.0,Apartment,2,890.2,Semi-Furnished,3,2,23,14,19.058292,72.895716,2023-03-23
3578,Andheri West,131000.0,Apartment,2,885.81,Fully Furnished,2,0,18,13,19.139152,72.826022,2023-09-06
3579,Worli,141400.0,Apartment,2,1116.13,Unfurnished,3,1,30,10,19.007122,72.810982,2023-04-29
3580,Chembur,61400.0,Apartment,1,686.3,Semi-Furnished,1,1,31,2,19.044428,72.894763,2023-04-16
3581,Bandra West,117400.0,Apartment,1,737.84,Fully Furnished,1,0,39,7,19.057074,72.830921,2023-06-26
3582,Malabar Hill,362700.0,Independent House,3,1656.39,Fully Furnished,3,1,19,1,18.958067,72.804449,2023-11-21
3583,Borivali West,49000.0,Apartment,1,545.63,Semi-Furnished,1,0,26,9,19.232483,72.844808,2023-06-17
3584,Bandra West,171000.0,Independent House,2,914.26,Fully Furnished,2,1,19,14,19.053894,72.837739,2023-08-01
3585,S. Mumbai - Worli,250100.0,Apartment,2,1417.02,Semi-Furnished,2,1,31,0,18.949538,72.798888,2023-03-13
3586,Bandra West,89200.0,Apartment,1,531.29,Fully Furnished,1,0,16,5,19.062554,72.833916,2023-07-01
3587,Bandra West,194500.0,Apartment,3,1208.83,Semi-Furnished,3,0,15,10,19.062734,72.829447,2023-05-13
3588,Andheri West,74800.0,Independent House,2,839.37,Unfurnished,2,1,10,2,19.145692,72.819599,2023-05-26
3589,Worli,193700.0,Apartment,2,1118.45,Fully Furnished,3,1,23,5,19.009192,72.82417,2023-05-16
3590,Borivali West,78000.0,Apartment,2,848.2,Semi-Furnished,3,1,10,25,19.229449,72.841413,2023-03-11
3591,Andheri West,,Apartment,2,955.86,Unfurnished,2,1,21,13,19.139309,72.829782,2023-10-25
3592,Borivali West,36500.0,Apartment,1,523.81,Unfurnished,1,1,13,2,19.223679,72.844081,2023-07-21
3593,Bandra West,160200.0,Apartment,2,920.3,Fully Furnished,2,1,26,1,19.06336,72.838351,2023-07-03
3594,Juhu,138800.0,Apartment,1,879.09,Fully Furnished,1,2,7,3,19.109343,72.832395,2023-09-17
3595,Bandra West,127600.0,Apartment,2,885.68,Unfurnished,2,1,26,13,19.05398,72.833714,2023-07-06
3596,Borivali West,143500.0,Apartment,3,1175.08,Fully Furnished,4,0,27,7,19.237396,72.848792,2023-03-22
3597,Bandra West,87600.0,Apartment,1,543.81,Semi-Furnished,1,0,30,13,19.054907,72.829083,2023-06-02
3598,Powai,59900.0,Apartment,1,712.19,Unfurnished,1,1,30,7,19.123442,72.901465,2023-03-18
3599,Andheri W,109800.0,Apartment,2,900.46,Fully Furnished,2,1,12,9,19.059707,72.898978,2023-10-25
3600,Juhu,220700.0,Apartment,3,1470.1,Semi-Furnished,3,1,30,7,19.108019,72.825056,2023-10-21
3601,Borivali West,125100.0,Apartment,3,1198.9,Semi-Furnished,3,1,20,12,19.231204,72.843067,2023-01-19
3602,Lower Parel,188000.0,Apartment,2,1080.99,Fully Furnished,2,1,7,3,19.004201,72.829092,2023-11-09
3603,Chembur,93600.0,Studio,1,672.67,Fully Furnished,1,1,32,12,19.044762,72.894274,2023-07-10
3604,Bandra West,95200.0,Apartment,1,578.63,Fully Furnished,1,0,13,9,19.058789,72.837821,2023-02-03
3605,Malabar Hill,248200.0,Apartment,2,1463.8,Semi-Furnished,3,1,38,14,18.958335,72.788484,2023-03-05
3606,Goregaon East,106000.0,Apartment,3,1145.43,Semi-Furnished,3,1,36,18,19.160484,72.864259,2023-06-04
3607,Andheri W,203700.0,Apartment,4,1505.56,Fully Furnished,3,1,12,23,19.13719,72.828299,2023-04-22
3608,Worli,214700.0,Apartment,3,1492.89,Semi-Furnished,3,1,8,12,19.01842,72.813907,2023-05-11
3609,Juhu,245800.0,Apartment,4,1726.77,Semi-Furnished,4,2,30,11,19.100168,72.821658,2023-11-14
3610,Goregaon East,83000.0,Apartment,2,822.01,Semi-Furnished,3,2,8,29,19.165412,72.866302,2023-07-29
3611,Andheri West,148900.0,Independent House,3,1260.42,Semi-Furnished,3,1,3,0,19.140079,72.826302,2023-05-08
3612,Powai,77500.0,Apartment,1,701.05,Fully Furnished,1,0,17,12,19.110987,72.901156,2023-01-12
3613,Bandra West,148000.0,Apartment,2,979.05,Semi-Furnished,2,0,21,13,19.06081,72.827936,2023-11-11
3614,Chembur,150900.0,Apartment,4,1390.5,Semi-Furnished,3,1,31,2,19.056433,72.891487,2023-04-09
3615,Worli,,Apartment,3,1379.48,Semi-Furnished,4,2,37,4,19.015191,72.818106,2023-01-11
3616,Malabar Hill,184100.0,Apartment,1,1008.99,,1,1,32,7,18.959127,72.786079,2023-10-04
3617,Goregaon East,,Apartment,3,1127.47,Unfurnished,3,0,30,3,19.165428,72.866491,2023-12-10
3618,Andheri West,148200.0,Apartment,3,1178.76,Semi-Furnished,3,0,37,6,19.130361,72.83656,2023-09-10
3619,Bandra West,162700.0,Apartment,3,1269.9,Unfurnished,3,2,27,15,19.066049,72.834813,2023-01-05
3620,Worli,115700.0,Studio,1,851.03,Unfurnished,1,1,35,27,19.012091,72.816317,2023-04-25
3621,Andheri West,82500.0,Apartment,2,888.65,Unfurnished,2,0,30,2,19.138861,72.81988,2023-12-29
3622,Goregaon East,63500.0,Apartment,1,562.63,Fully Furnished,1,1,37,23,19.163849,72.85747,2023-02-28
3623,Borivali West,68200.0,Apartment,2,886.66,Unfurnished,2,0,29,1,19.235,72.839354,2023-09-09
3624,Worli,239400.0,Apartment,5,2031.84,Unfurnished,5,2,21,14,19.016988,72.807497,2023-11-11
3625,Powai,84900.0,Apartment,1,709.8,Fully Furnished,1,1,14,22,19.113575,72.896698,2023-11-14
3626,Powai,104500.0,Apartment,2,986.04,Semi-Furnished,3,1,10,11,19.109989,72.914083,2023-05-04
3627,Bandra West,117800.0,Apartment,2,803.68,Semi-Furnished,2,2,27,12,19.069444,72.838189,2023-01-29
3628,Chembur,92300.0,Apartment,3,1169.94,Unfurnished,3,1,39,9,19.058386,72.898939,2023-07-15
3629,Malabar Hill,235900.0,Apartment,2,1301.37,Fully Furnished,3,1,39,26,18.943371,72.789249,2023-05-19
3630,Borivali West,65700.0,Apartment,2,739.62,Unfurnished,2,1,33,11,19.229085,72.850517,2023-11-04
3631,Bandra West,142300.0,Apartment,2,907.44,Semi-Furnished,2,2,38,10,19.064949,72.836397,2023-06-05
3632,Goregaon East,48100.0,Independent House,1,519.76,Semi-Furnished,1,1,23,17,19.15497,72.874795,2023-11-13
3633,Juhu,151500.0,Apartment,2,1111.4,Unfurnished,2,0,38,19,19.106476,72.823213,2023-08-27
3634,Chembur,86000.0,Apartment,2,909.97,Semi-Furnished,2,1,29,4,19.044998,72.89665,2023-05-08
3635,Malabar Hill,180200.0,Studio,1,749.82,Fully Furnished,1,1,32,2,18.941766,72.801803,2023-02-27
3636,Borivali West,79600.0,Apartment,2,751.32,Fully Furnished,2,0,27,7,19.220672,72.834171,2023-10-01
3637,Andheri West,56400.0,Apartment,1,523.71,Semi-Furnished,1,1,22,26,19.130106,72.827568,2023-08-17
3638,Bandra West,189700.0,Apartment,2,936.74,Fully Furnished,2,2,7,7,19.069461,72.837186,2023-12-29
3639,Worli,284000.0,Apartment,4,1711.55,Fully Furnished,4,0,39,0,19.017623,72.815097,2023-08-11
3640,Juhu,133000.0,Apartment,2,1144.15,Unfurnished,2,1,25,28,19.107958,72.818192,2023-05-25
3641,Malabar Hill,281000.0,Apartment,3,1667.89,Semi-Furnished,3,1,3,0,18.95568,72.799109,2023-01-30
3642,Juhu,217300.0,Apartment,2,1137.9,Fully Furnished,2,0,20,5,19.113692,72.830979,2023-09-18
3643,Worli,107600.0,Apartment,1,825.98,Semi-Furnished,2,1,29,19,19.012014,72.824271,2023-03-22
3644,bandra west,81300.0,Apartment,2,1000.89,Unfurnished,3,0,26,5,19.11937,72.914224,2023-07-22
3645,Juhu,130000.0,Apartment,1,962.54,Semi-Furnished,1,1,25,12,19.110073,72.826747,2023-04-24
3646,Andheri West,53900.0,Apartment,1,616.7,Unfurnished,1,1,18,3,19.129243,72.819871,2023-06-02
3647,Powai,85800.0,Apartment,2,953.15,Unfurnished,2,1,16,0,19.125463,72.915436,2023-07-21
3648,Bandra West,302500.0,Apartment,4,1485.81,Fully Furnished,3,1,14,10,19.065244,72.829359,2023-11-05
3649,Juhu,332100.0,Apartment,4,1812.56,Fully Furnished,3,1,5,14,19.100173,72.831021,2023-02-24
3650,Powai,114200.0,Apartment,2,980.4,Semi-Furnished,3,1,39,4,19.109065,72.902233,2023-09-16
3651,Bandra West,134300.0,Apartment,2,924.0,Semi-Furnished,2,0,3,23,19.065424,72.838236,2023-06-15
3652,Malabar Hill,420600.0,Apartment,4,1956.1,Fully Furnished,3,2,23,15,18.954783,72.802851,2023-10-02
3653,Andheri West,189100.0,Apartment,4,1439.09,Fully Furnished,3,1,27,,19.133807,72.82047,2023-10-25
3654,Bandra West,189800.0,Apartment,3,1206.47,Semi-Furnished,3,1,16,5,19.056221,72.827242,2023-10-31
3655,Powai,151500.0,Apartment,4,1648.56,Unfurnished,3,2,20,14,19.118626,72.912779,2023-12-29
3656,Borivali West,55500.0,Apartment,1,530.35,Fully Furnished,2,1,2,12,19.229923,72.834985,2023-07-11
3657,Borivali West,81800.0,Apartment,2,811.39,Semi-Furnished,2,2,33,18,19.222171,72.836246,2023-01-29
3658,Malabar Hill,229900.0,Apartment,3,1565.42,Unfurnished,3,2,12,7,18.957772,72.802205,2023-06-29
3659,Chembur,71100.0,Apartment,2,875.46,Unfurnished,3,2,17,5,19.057007,72.890879,2023-02-14
3660,Worli,122000.0,Apartment,2,1037.62,Unfurnished,2,1,19,3,19.015504,72.825457,2023-03-14
3661,Malabar Hill,284200.0,Apartment,3,1556.04,Semi-Furnished,4,0,22,12,18.951925,72.792658,2023-01-02
3662,Bandra West,155100.0,Apartment,2,933.84,Semi-Furnished,2,0,35,22,19.06458,72.828921,2023-05-26
3663,Bandra West,150600.0,Apartment,2,896.12,Semi-Furnished,2,1,32,17,19.062099,72.836868,2023-08-07
3664,Lower Parel,148700.0,Apartment,2,1064.15,Semi-Furnished,3,1,21,15,19.001361,72.826674,2023-04-11
3665,Lower Parel,251600.0,Apartment,3,1338.99,Fully Furnished,3,0,20,13,18.98924,72.835494,2023-08-21
3666,Borivali West,80700.0,Apartment,2,764.04,Semi-Furnished,2,0,28,0,19.223333,72.837323,2023-11-18
3667,Juhu,220400.0,Apartment,3,1444.18,Semi-Furnished,3,0,39,28,19.106777,72.830187,2023-09-25
3668,Borivali West,79600.0,Apartment,2,866.61,Semi-Furnished,3,1,31,2,19.230285,72.846876,2023-11-21
3669,Juhu,258200.0,Apartment,3,1522.47,Fully Furnished,4,1,19,2,19.099526,72.823957,2023-10-29
3670,Powai,141800.0,Independent House,2,1064.34,Fully Furnished,2,1,33,5,19.126049,72.915502,2023-07-14
3671,Worli,105600.0,Apartment,1,733.87,Semi-Furnished,1,0,9,6,19.010059,72.815773,2023-08-18
3672,Borivali West,142400.0,Apartment,4,1366.59,Semi-Furnished,4,0,40,9,19.232515,72.839953,2023-05-11
3673,Goregaon East,50400.0,Apartment,1,497.35,Fully Furnished,1,1,23,21,19.161156,72.865889,2023-05-14
3674,Malabar Hill,341600.0,Apartment,3,1617.45,Fully Furnished,4,1,4,12,18.958047,72.797934,2023-11-16
3675,Lower Parel,159300.0,Apartment,2,1101.34,Semi-Furnished,3,0,19,6,18.994644,72.83665,2023-10-09
3676,Andheri West,164600.0,Apartment,4,1517.96,Semi-Furnished,3,1,36,13,19.135968,72.820637,2023-08-11
3677,Bandra West,68800.0,Studio,1,334.51,Fully Furnished,1,1,1,7,19.051635,72.823993,2023-12-17
3678,Goregaon East,109600.0,Villa,3,1241.59,Unfurnished,3,1,5,5,19.168563,72.85699,2023-12-30
3679,Chembur,155900.0,Apartment,4,1475.59,Semi-Furnished,4,1,5,5,19.045109,72.903425,2023-10-13
3680,Lower Parel,80200.0,Apartment,1,714.58,Unfurnished,1,0,8,13,18.987087,72.83744,2023-07-17
3681,Goregaon East,44900.0,Apartment,1,636.43,Unfurnished,1,0,38,3,19.162441,72.873525,2023-02-22
3682,Malabar Hill,269600.0,Apartment,3,1588.8,Semi-Furnished,3,1,5,5,18.958599,72.786236,2023-04-20
3683,Bandra West,104800.0,Apartment,1,641.21,Semi-Furnished,1,1,39,1,19.068777,72.826813,2023-02-14
3684,Bandra West,178600.0,Apartment,3,1213.62,Semi-Furnished,4,1,27,3,19.068077,72.834051,2023-07-19
3685,Worli,262000.0,Apartment,4,1740.69,Semi-Furnished,3,1,39,5,19.024408,72.811696,2023-12-20
3686,Lower Parel,122500.0,Independent House,1,714.86,Fully Furnished,1,1,9,6,18.998805,72.834584,2023-12-25
3687,Goregaon East,44000.0,Apartment,1,634.55,Unfurnished,1,1,19,1,19.158009,72.863501,2023-09-05
3688,Bandra West,217900.0,Apartment,3,1251.47,Fully Furnished,3,1,29,6,19.054079,72.829865,2023-06-24
3689,Lower Parel,198100.0,Apartment,2,1139.7,Fully Furnished,3,2,30,9,18.989036,72.827764,2023-10-25
3690,Juhu,237000.0,Apartment,3,1465.91,Semi-Furnished,3,1,28,,19.115434,72.834072,2023-02-06
3691,Andheri West,103400.0,Studio,1,740.72,Semi-Furnished,1,1,5,13,19.142646,72.81877,2023-04-03
3692,Powai,186800.0,Apartment,3,1325.09,Fully Furnished,3,0,14,6,19.113677,72.900527,2023-02-14
3693,Andheri West,118900.0,Apartment,3,1180.04,Unfurnished,3,1,16,27,19.127374,72.834141,2023-04-28
3694,Andheri West,,Apartment,1,493.48,Unfurnished,1,2,5,1,19.139712,72.827787,2023-08-29
3695,Bandra West,171300.0,Apartment,3,1191.32,Semi-Furnished,3,1,11,13,19.060197,72.826865,2023-08-25
3696,Borivali West,38100.0,Studio,1,293.43,Fully Furnished,1,1,5,7,19.223805,72.847552,2023-05-14
3697,Borivali West,88300.0,Apartment,3,1010.79,,3,0,17,8,19.234657,72.852388,2023-07-05
3698,Bandra West,157400.0,Apartment,2,866.55,Fully Furnished,2,1,29,2,19.06532,72.836842,2023-11-20
3699,Chembur,84800.0,Apartment,2,864.6,Semi-Furnished,2,1,22,13,19.061119,72.904671,2023-05-01
3700,Malabar Hill,167600.0,Apartment,1,942.03,Fully Furnished,1,1,8,7,18.950404,72.802406,2023-11-08
3701,Juhu,143600.0,Apartment,1,897.4,Fully Furnished,1,1,23,5,19.097878,72.817243,2023-11-11
3702,Lower Parel,213700.0,Apartment,4,1590.49,Unfurnished,4,0,2,17,18.987592,72.831264,2023-01-08
3703,Malabar Hill,283800.0,Studio,1,1135.68,Fully Furnished,2,1,30,0,18.956024,72.8015,2023-11-30
3704,Juhu,322900.0,Apartment,4,1842.77,Fully Furnished,3,1,36,,19.109549,72.834265,2023-12-08
3705,Borivali West,155800.0,Apartment,4,1408.43,Fully Furnished,3,1,39,2,19.230139,72.841115,2023-08-01
3706,Andheri West,85900.0,Apartment,2,791.13,Unfurnished,3,1,11,19,19.136341,72.828675,2023-03-03
3707,Lower Parel,109600.0,Apartment,1,747.7,Semi-Furnished,1,2,24,9,18.990517,72.835669,2023-09-24
3708,Lower Parel,138400.0,Apartment,2,1035.13,Semi-Furnished,3,1,27,14,18.989635,72.828504,2023-06-24
3709,Goregaon East,89000.0,Apartment,2,736.43,Fully Furnished,2,1,32,,19.169177,72.874905,2023-04-07
3710,Bandra West,181200.0,Apartment,2,931.71,Fully Furnished,3,0,13,4,19.060501,72.828092,2023-02-09
3711,Chembur,49300.0,Apartment,1,626.43,Unfurnished,1,2,28,10,19.042841,72.90881,2023-10-04
3712,Andheri West,101600.0,Apartment,2,828.06,Semi-Furnished,2,0,8,,19.134056,72.821351,2023-02-02
3713,Malabar Hill,205500.0,Apartment,2,1359.44,Unfurnished,2,1,1,1,18.949956,72.796475,2023-02-17
3714,Powai,223200.0,Apartment,5,1963.99,Semi-Furnished,4,0,21,6,19.125608,72.906419,2023-06-30
3715,Lower Parel,150000.0,Apartment,2,1026.22,Semi-Furnished,2,0,14,15,19.004629,72.82628,2023-12-29
3716,Malabar Hill,278000.0,Apartment,2,1312.96,Fully Furnished,3,0,33,1,18.944155,72.789392,2023-09-02
3717,Bandra West,91900.0,Apartment,1,594.41,Semi-Furnished,2,0,19,5,19.069236,72.837677,2023-01-24
3718,bandra west,293600.0,Apartment,3,1572.43,Fully Furnished,3,1,9,13,18.954676,72.790841,2023-09-11
3719,Lower Parel,165400.0,Apartment,2,992.46,Fully Furnished,2,0,16,13,18.986921,72.82292,2023-07-08
3720,bandra west,250600.0,Apartment,3,1394.22,Fully Furnished,3,1,20,3,19.022546,72.82464,2023-06-07
3721,Chembur,71100.0,Apartment,1,613.96,Fully Furnished,1,1,7,2,19.054644,72.907871,2023-07-09
3722,Bandra West,118400.0,Apartment,1,615.4,Fully Furnished,1,0,37,2,19.064486,72.837601,2023-07-13
3723,Juhu,294900.0,Apartment,4,1735.68,Fully Furnished,3,0,6,5,19.098007,72.81809,2023-05-31
3724,Bandra West,156900.0,Apartment,2,881.18,Fully Furnished,2,0,9,6,19.050089,72.837983,2023-04-06
3725,Lower Parel,311600.0,Apartment,4,1648.15,Fully Furnished,3,1,14,7,18.989458,72.83255,2023-03-18
3726,Juhu,160800.0,Apartment,1,861.38,Fully Furnished,1,0,32,4,19.10477,72.834898,2023-12-16
3727,Borivali West,69800.0,Apartment,2,809.58,,2,0,18,10,19.229752,72.836643,2023-05-03
3728,Lower Parel,103800.0,Apartment,1,741.25,Semi-Furnished,1,1,8,2,18.986296,72.835534,2023-12-20
3729,Goregaon East,74700.0,Apartment,2,766.55,Semi-Furnished,2,1,23,0,19.161395,72.862266,2023-10-21
3730,Lower Parel,171900.0,Apartment,2,1088.52,Fully Furnished,3,1,16,29,18.99981,72.835932,2023-07-30
3731,Chembur,101000.0,Apartment,2,886.9,Fully Furnished,2,1,16,2,19.054889,72.903031,2023-05-15
3732,S. Mumbai - Worli,231200.0,Apartment,4,1531.15,Fully Furnished,3,1,25,,19.126877,72.824617,2023-03-05
3733,Chembur,105500.0,Apartment,2,924.24,Fully Furnished,2,1,20,5,19.060436,72.893447,2023-08-12
3734,Chembur,57500.0,Apartment,1,665.97,Semi-Furnished,2,1,37,10,19.062193,72.905609,2023-08-02
3735,Worli,100800.0,Apartment,1,807.91,Semi-Furnished,1,1,36,26,19.016682,72.810423,2023-10-05
3736,Malabar Hill,,Apartment,1,877.14,Unfurnished,1,1,7,12,18.953872,72.793326,2023-01-06
3737,Goregaon East,120800.0,Independent House,4,1391.98,Unfurnished,4,1,3,4,19.158199,72.859305,2023-12-06
3738,Lower Parel,176600.0,Apartment,2,1119.92,Fully Furnished,2,1,18,15,18.990204,72.835714,2023-12-03
3739,Worli,188700.0,Apartment,2,1119.93,Fully Furnished,2,0,22,1,19.007605,72.81025,2023-01-10
3740,Worli,146900.0,Apartment,1,928.32,Fully Furnished,1,2,26,0,19.014184,72.813678,2023-12-20
3741,Borivali West,43400.0,Independent House,1,525.19,Semi-Furnished,1,1,6,8,19.223332,72.84399,2023-06-06
3742,Bandra West,181300.0,Apartment,3,1184.87,Semi-Furnished,3,1,26,2,19.059131,72.836396,2023-10-29
3743,S. Mumbai - Worli,203200.0,Apartment,2,1298.31,Semi-Furnished,2,0,32,7,18.959829,72.793202,2023-03-31
3744,Goregaon East,46500.0,Apartment,1,578.47,Unfurnished,1,1,40,28,19.15797,72.860039,2023-01-13
3745,Andheri West,106400.0,Apartment,3,1105.13,Unfurnished,4,0,38,13,19.128887,72.827759,2023-02-19
3746,S. Mumbai - Worli,184600.0,Apartment,1,1107.28,Semi-Furnished,1,2,10,0,18.959652,72.794457,2023-05-28
3747,Chembur,122600.0,Apartment,3,1213.1,Semi-Furnished,3,1,19,14,19.043707,72.892555,2023-11-26
3748,Worli,,Apartment,2,1130.22,Fully Furnished,2,1,23,0,19.02474,72.818669,2023-04-11
3749,Malabar Hill,278000.0,Apartment,2,1376.33,Fully Furnished,2,1,24,5,18.953305,72.790554,2023-11-18
3750,Lower Parel,,Apartment,4,1667.26,Fully Furnished,3,1,22,4,18.987842,72.821508,2023-07-10
3751,Andheri West,177600.0,Apartment,4,1490.38,Semi-Furnished,4,1,11,28,19.133984,72.827864,2023-07-30
3752,Malabar Hill,405500.0,Apartment,4,1906.88,Fully Furnished,3,1,11,1,18.947232,72.785385,2023-05-27
3753,Andheri West,80700.0,Apartment,2,893.95,Unfurnished,3,1,11,16,19.128278,72.819275,2023-09-19
3754,Powai,195400.0,Apartment,4,1540.61,Fully Furnished,3,1,24,7,19.111476,72.897344,2023-11-25
3755,Borivali West,76900.0,Apartment,2,50000,Semi-Furnished,2,1,37,22,19.225515,72.847556,2023-06-30
3756,Andheri West,163900.0,Apartment,3,1058.14,Fully Furnished,3,0,8,20,19.143899,72.821171,2023-03-23
3757,Powai,136100.0,Apartment,2,996.83,Fully Furnished,2,1,21,12,19.118545,72.896312,2023-02-20
3758,Borivali West,37100.0,Apartment,1,350.11,Semi-Furnished,2,0,39,8,19.226758,72.83624,2023-11-12
3759,Chembur,86000.0,Apartment,2,879.51,Semi-Furnished,2,1,6,7,19.060664,72.898685,2023-12-06
3760,Andheri West,116500.0,Independent House,2,842.45,Fully Furnished,3,0,21,13,19.134908,72.833941,2023-08-09
3761,Malabar Hill,231700.0,Apartment,2,1207.81,Fully Furnished,2,2,24,14,18.94132,72.802226,2023-01-31
3762,Lower Parel,223500.0,Apartment,4,1574.89,Semi-Furnished,3,1,7,4,19.004983,72.828902,2023-09-08
3763,Worli,113400.0,Apartment,1,792.86,Semi-Furnished,1,1,27,11,19.018327,72.812408,2023-07-14
3764,Powai,84200.0,Apartment,1,707.75,Fully Furnished,1,1,13,12,19.123863,72.908702,2023-04-23
3765,Chembur,96500.0,Apartment,3,1259.46,Unfurnished,3,1,11,10,19.052583,72.898402,2023-04-24
3766,Malabar Hill,191900.0,Apartment,2,1314.44,Unfurnished,2,1,4,6,18.95475,72.79345,2023-04-05
3767,Chembur,140100.0,Apartment,4,1518.63,Unfurnished,3,1,11,6,19.045825,72.898398,2023-04-13
3768,Juhu,254000.0,Apartment,3,1532.58,Fully Furnished,3,1,1,2,19.103973,72.821135,2023-08-22
3769,Lower Parel,133600.0,Apartment,2,1037.11,Semi-Furnished,2,0,26,4,19.003763,72.819232,2023-08-15
3770,Chembur,84000.0,Apartment,2,848.23,Semi-Furnished,2,2,5,9,19.042914,72.904603,2023-01-15
3771,Juhu,139700.0,Independent House,1,887.69,,1,0,29,13,19.107022,72.833533,2023-08-14
3772,Borivali West,83200.0,Apartment,2,792.64,Fully Furnished,2,0,9,19,19.238731,72.843535,2023-04-20
3773,Lower Parel,174900.0,Apartment,3,1401.76,Unfurnished,3,0,32,0,19.00238,72.837081,2023-09-21
3774,Bandra West,116800.0,Apartment,1,678.59,Fully Furnished,1,1,14,27,19.05224,72.829381,2023-10-09
3775,Borivali West,98100.0,Apartment,2,818.42,Fully Furnished,2,1,32,14,19.23191,72.839266,2023-08-02
3776,Powai,57400.0,Studio,1,365.15,Fully Furnished,2,0,27,17,19.123238,72.901854,2023-12-25
3777,Goregaon East,61800.0,Apartment,2,819.58,Unfurnished,3,1,6,1,19.155356,72.85851,2023-12-09
3778,Lower Parel,198100.0,Apartment,3,1353.3,Semi-Furnished,3,1,7,15,18.993474,72.821823,2023-03-25
3779,Goregaon East,91300.0,Apartment,2,842.73,Fully Furnished,2,1,3,4,19.169541,72.876364,2023-07-02
3780,Bandra West,181400.0,Apartment,2,921.21,Fully Furnished,3,1,8,13,19.067749,72.82225,2023-08-23
3781,Juhu,247600.0,Apartment,2,1274.65,Fully Furnished,3,1,25,6,19.107011,72.827835,2023-07-01
3782,Andheri West,84700.0,Apartment,2,863.59,Unfurnished,2,0,6,10,19.143569,72.837013,2023-02-09
3783,Goregaon East,145200.0,Apartment,3,1173.29,Fully Furnished,3,0,37,2,19.15746,72.866289,2023-05-16
3784,Goregaon East,64200.0,Apartment,2,811.62,Unfurnished,2,1,7,10,19.172714,72.870616,2023-09-14
3785,Borivali West,100400.0,Apartment,3,1091.76,Semi-Furnished,4,1,24,22,19.22039,72.844112,2023-09-04
3786,Andheri West,49500.0,Apartment,1,534.67,,1,1,40,5,19.135512,72.826072,2023-07-27
3787,Goregaon East,95600.0,Apartment,2,802.82,Fully Furnished,2,0,20,14,19.172791,72.86075,2023-05-23
3788,Lower Parel,168000.0,Apartment,3,1265.4,Semi-Furnished,3,0,19,10,18.987202,72.818526,2023-07-24
3789,Chembur,,Apartment,2,844.92,Fully Furnished,2,1,36,1,19.043346,72.901407,2023-10-25
3790,Andheri West,81800.0,Apartment,2,776.51,Semi-Furnished,2,0,30,4,19.136259,72.818418,2023-01-26
3791,Chembur,77900.0,Studio,1,566.5,Fully Furnished,2,0,28,6,19.045705,72.904061,2023-06-02
3792,Bandra West,163000.0,Apartment,2,853.84,Fully Furnished,2,0,7,11,19.06101,72.822957,2023-07-08
3793,Lower Parel,124000.0,Apartment,1,782.69,Fully Furnished,2,1,3,0,18.989393,72.829159,2023-01-01
3794,Worli,78700.0,Apartment,1,730.02,Unfurnished,1,1,40,0,19.013659,72.812831,2023-08-03
3795,Malabar Hill,145200.0,Apartment,1,1077.37,Unfurnished,1,1,12,7,18.942442,72.78918,2023-03-30
3796,Lower Parel,152600.0,Apartment,2,1032.5,Semi-Furnished,3,0,13,5,19.004705,72.836151,2023-02-08
3797,Powai,115900.0,Apartment,2,958.55,Fully Furnished,3,0,13,5,19.126687,72.901157,2023-05-22
3798,Goregaon East,53700.0,Apartment,1,542.39,Semi-Furnished,1,1,36,2,19.158997,72.860502,2023-07-10
3799,Bandra West,96900.0,Apartment,1,660.4,Semi-Furnished,1,0,16,3,19.059628,72.832973,2023-02-26
3800,Juhu,221300.0,Apartment,2,1132.75,Fully Furnished,2,0,28,4,19.104307,72.826724,2023-12-15
3801,Chembur,47700.0,Apartment,1,526.99,Semi-Furnished,1,1,9,10,19.049935,72.897577,2023-05-08
3802,Worli,109900.0,Apartment,1,800.8,Semi-Furnished,1,1,14,15,19.020272,72.810232,2023-03-02
3803,Lower Parel,121600.0,Apartment,1,717.81,Fully Furnished,1,1,11,24,19.003038,72.820608,2023-09-30
3804,Borivali West,112200.0,Apartment,3,1049.98,Fully Furnished,3,1,30,10,19.229659,72.838213,2023-05-24
3805,Borivali West,77100.0,Apartment,2,806.04,Semi-Furnished,2,1,9,1,19.223106,72.845939,2023-06-09
3806,Chembur,149100.0,Apartment,3,1218.25,Fully Furnished,3,0,28,1,19.044946,72.895413,2023-11-03
3807,Malabar Hill,272600.0,Apartment,2,1262.42,Fully Furnished,2,1,1,,18.950088,72.801509,2023-07-30
3808,Borivali West,71700.0,Apartment,2,828.14,Unfurnished,2,1,39,12,19.235484,72.851962,2023-09-24
3809,Juhu,157600.0,Apartment,2,1192.31,Unfurnished,2,1,17,0,19.100716,72.818229,2023-08-30
3810,Malabar Hill,257300.0,Apartment,2,1270.54,Fully Furnished,2,1,1,4,18.942205,72.797984,2023-07-13
3811,Borivali West,72400.0,Apartment,2,777.43,Semi-Furnished,3,0,29,0,19.237503,72.853627,2023-11-10
3812,Malabar Hill,258100.0,Apartment,3,1565.26,Semi-Furnished,3,1,20,10,18.95501,72.799874,2023-08-05
3813,Goregaon East,96000.0,Apartment,2,855.7,Fully Furnished,2,1,13,7,19.170322,72.860204,2023-07-12
3814,Powai,46000.0,Studio,1,431.39,Semi-Furnished,1,2,40,,19.126774,72.90868,2023-12-16
3815,Lower Parel,147900.0,Apartment,2,995.69,Semi-Furnished,2,1,39,15,19.00081,72.825362,2023-06-10
3816,Powai,116500.0,Apartment,2,950.7,Fully Furnished,2,1,23,11,19.12443,72.902428,2023-03-22
3817,Malabar Hill,266800.0,Apartment,3,1627.61,Semi-Furnished,3,1,37,3,18.944714,72.785572,2023-12-18
3818,Goregaon East,111600.0,Apartment,3,1243.04,Semi-Furnished,3,1,23,13,19.167583,72.858888,2023-07-11
3819,Goregaon East,38200.0,Apartment,1,540.62,Unfurnished,1,1,25,20,19.154926,72.864776,2023-11-26
3820,Worli,270100.0,Apartment,4,1671.63,Fully Furnished,3,1,30,20,19.026245,72.807935,2023-04-26
3821,Malabar Hill,197000.0,Apartment,2,1322.63,Semi-Furnished,2,0,11,10,18.941797,72.800251,2023-05-31
3822,Malabar Hill,282200.0,Apartment,4,1918.08,Unfurnished,3,1,38,10,18.946774,72.801899,2023-05-13
3823,Bandra West,175800.0,Apartment,2,886.67,Fully Furnished,3,1,5,8,19.051728,72.825997,2023-08-03
3824,Borivali West,74500.0,Apartment,2,867.18,Semi-Furnished,3,1,12,7,19.236676,72.853587,2023-01-16
3825,Worli,183700.0,Apartment,2,1181.23,Semi-Furnished,2,1,8,18,19.012158,72.822443,2023-04-16
3826,Bandra West,140800.0,Apartment,3,1151.7,Unfurnished,3,2,14,22,19.067102,72.827181,2023-10-15
3827,Bandra West,126100.0,Apartment,2,896.05,Semi-Furnished,2,0,35,8,19.064507,72.832688,2023-12-24
3828,Lower Parel,78300.0,Independent House,1,742.84,Unfurnished,2,1,21,1,18.993965,72.825218,2023-05-29
3829,bandra west,34300.0,Apartment,1,480.14,Unfurnished,1,1,7,12,19.226198,72.848013,2023-07-16
3830,Borivali West,127700.0,Apartment,4,1405.95,Unfurnished,3,1,33,4,19.224168,72.849208,2023-11-09
3831,Malabar Hill,250200.0,Apartment,2,1376.28,Fully Furnished,2,1,37,,18.944882,72.799948,2023-11-20
3832,Lower Parel,192300.0,Apartment,3,1351.54,Semi-Furnished,3,1,36,23,18.997222,72.83259,2023-05-09
3833,Powai,5000000,Apartment,3,1215.42,Fully Furnished,4,1,25,,19.116038,72.912791,2023-10-12
3834,Andheri West,86700.0,Studio,1,529.46,Fully Furnished,1,2,35,5,19.135755,72.8188,2023-04-23
3835,Andheri West,60400.0,Apartment,1,487.7,Fully Furnished,1,0,15,8,19.127586,72.831306,2023-12-22
3836,Borivali West,45400.0,Apartment,1,525.13,Semi-Furnished,1,0,23,8,19.234911,72.837552,2023-06-03
3837,S. Mumbai - Worli,227800.0,Apartment,3,1357.78,Semi-Furnished,4,1,27,2,19.052802,72.829641,2023-03-26
3838,Borivali West,168000.0,Apartment,4,1342.94,,4,0,15,10,19.222816,72.843369,2023-09-10
3839,Andheri West,87200.0,Apartment,2,848.3,Unfurnished,2,0,1,27,19.132668,72.835958,2023-12-04
3840,Worli,139400.0,Apartment,1,793.11,Fully Furnished,1,0,18,0,19.009587,72.818353,2023-08-31
3841,Chembur,103300.0,Studio,1,709.22,Fully Furnished,2,0,4,12,19.055522,72.904836,2023-06-15
3842,Borivali West,90400.0,Apartment,3,1062.66,Unfurnished,3,0,15,13,19.22837,72.839092,2023-07-28
3843,Borivali West,89600.0,Apartment,3,1061.95,Unfurnished,3,0,31,1,19.227915,72.853617,2023-07-04
3844,Andheri West,93300.0,Apartment,2,878.86,Semi-Furnished,2,1,25,4,19.143683,72.830774,2023-10-16
3845,Lower Parel,119600.0,Apartment,1,745.94,Fully Furnished,1,1,26,14,18.997469,72.835668,2023-11-06
3846,Powai,84300.0,Apartment,1,753.14,Fully Furnished,1,0,9,13,19.11824,72.902926,2023-12-20
3847,Lower Parel,225800.0,Apartment,3,1342.11,Fully Furnished,4,1,19,0,18.999624,72.833227,2023-12-04
3848,Lower Parel,215100.0,Apartment,3,1406.67,Semi-Furnished,3,2,29,2,19.001371,72.831661,2023-08-06
3849,Bandra West,137500.0,Apartment,2,855.61,Semi-Furnished,2,1,1,14,19.059616,72.829638,2023-01-27
3850,Bandra West,180800.0,Apartment,2,958.02,Fully Furnished,2,1,29,8,19.068214,72.824014,2023-07-20
3851,Chembur,71200.0,Apartment,2,890.96,Unfurnished,2,1,3,14,19.053706,72.903738,2023-05-19
3852,Goregaon East,85600.0,Apartment,2,785.65,Fully Furnished,2,1,39,,19.164007,72.869818,2023-08-03
3853,Goregaon East,106200.0,Apartment,2,843.69,Fully Furnished,2,0,28,26,19.156165,72.860875,2023-08-25
3854,Borivali West,69800.0,Apartment,2,788.15,Semi-Furnished,2,0,3,9,19.231637,72.841919,2023-07-10
3855,Andheri West,89500.0,Apartment,2,848.68,Unfurnished,2,1,6,13,19.131915,72.826271,2023-01-02
3856,Andheri West,40100.0,Apartment,1,442.34,Unfurnished,1,1,33,12,19.137779,72.828539,2023-03-18
3857,Borivali West,54500.0,Apartment,1,451.15,Fully Furnished,1,1,36,21,19.224816,72.848365,2023-08-26
3858,Goregaon East,84700.0,Apartment,2,935.28,Semi-Furnished,3,1,7,4,19.17089,72.859699,2023-06-17
3859,Powai,58800.0,Apartment,1,667.34,Unfurnished,1,0,3,12,19.119388,72.908042,2023-09-16
3860,Borivali West,147600.0,Apartment,4,1396.01,Semi-Furnished,3,1,19,,19.221558,72.843675,2023-07-09
3861,Borivali West,107300.0,Apartment,2,880.57,Fully Furnished,2,0,16,24,19.22602,72.848382,2023-06-13
3862,Powai,173400.0,Apartment,3,1372.56,Fully Furnished,3,1,5,2,19.110558,72.91362,2023-04-14
3863,Malabar Hill,237700.0,Apartment,3,1602.58,Unfurnished,3,1,7,5,18.944883,72.787794,2023-12-25
3864,Worli,162000.0,Apartment,2,1076.69,Semi-Furnished,2,1,8,11,19.008428,72.808944,2023-03-19
3865,Andheri West,92000.0,Apartment,2,731.03,Semi-Furnished,2,1,14,9,19.136625,72.830683,2023-04-07
3866,Andheri West,93500.0,Apartment,2,896.59,Unfurnished,2,0,33,14,19.139017,72.828612,2023-09-17
3867,Lower Parel,79600.0,Apartment,1,782.43,Unfurnished,1,0,35,11,18.995793,72.833671,2023-10-05
3868,Juhu,191200.0,Apartment,2,1171.06,Semi-Furnished,2,0,18,2,19.104388,72.827798,2023-12-02
3869,Goregaon East,46600.0,Independent House,1,520.62,Semi-Furnished,1,1,10,6,19.170521,72.875071,2023-03-16
3870,Lower Parel,159200.0,Apartment,2,1095.87,Semi-Furnished,2,1,14,9,19.003211,72.826033,2023-06-21
3871,Malabar Hill,254200.0,Apartment,2,1291.84,Fully Furnished,2,0,17,,18.953038,72.788447,2023-04-07
3872,Goregaon East,49500.0,Apartment,1,516.2,Semi-Furnished,1,1,38,3,19.167799,72.86428,2023-06-06
3873,Malabar Hill,175900.0,Apartment,2,1317.19,Unfurnished,2,1,4,3,18.958777,72.788335,2023-01-08
3874,Worli,266000.0,Apartment,3,1438.94,Fully Furnished,4,1,23,8,19.007358,72.820034,2023-07-05
3875,Lower Parel,80000.0,Apartment,1,736.69,Unfurnished,1,1,26,5,19.000259,72.827024,2023-08-14
3876,Malabar Hill,297600.0,Apartment,4,1914.68,Semi-Furnished,3,0,33,13,18.947104,72.797316,2023-08-06
3877,Bandra West,141400.0,Villa,2,825.75,Fully Furnished,2,0,30,11,19.069091,72.835935,2023-12-22
3878,Worli,89700.0,Apartment,1,801.8,Unfurnished,1,2,31,8,19.02081,72.808532,2023-08-05
3879,Malabar Hill,201500.0,Apartment,2,1338.06,Unfurnished,3,0,22,14,18.944151,72.788384,2023-07-15
3880,Andheri West,59400.0,Apartment,1,560.63,Semi-Furnished,1,1,36,18,19.128989,72.832694,2023-05-29
3881,Andheri West,76100.0,Apartment,1,596.55,Fully Furnished,1,1,6,4,19.140759,72.819861,2023-08-14
3882,S. Mumbai - Worli,153900.0,Apartment,3,1180.28,,4,1,7,1,19.137507,72.820504,2023-10-03
3883,Goregaon East,110000.0,Apartment,2,872.76,Fully Furnished,2,0,34,3,19.173904,72.873256,2023-08-30
3884,Lower Parel,109800.0,Studio,1,661.68,Semi-Furnished,1,2,30,17,18.996099,72.827044,2023-11-04
3885,Powai,65600.0,Apartment,1,634.71,Semi-Furnished,1,0,11,13,19.120878,72.914793,2023-08-20
3886,Lower Parel,144800.0,Independent House,2,1024.66,Semi-Furnished,3,0,26,2,18.99327,72.820752,2023-01-17
3887,Malabar Hill,193600.0,Apartment,2,1259.88,Unfurnished,2,1,19,1,18.951938,72.794726,2023-12-17
3888,Malabar Hill,216100.0,Apartment,2,1284.48,Semi-Furnished,2,2,25,5,18.949868,72.79575,2023-04-06
3889,Worli,145400.0,Apartment,2,1127.67,,2,1,37,14,19.020078,72.821179,2023-09-13
3890,Malabar Hill,302400.0,Apartment,5,2194.83,Unfurnished,4,1,26,,18.946686,72.798598,2023-11-09
3891,Goregaon East,60400.0,Apartment,1,534.76,Fully Furnished,1,0,12,11,19.169332,72.87379,2023-08-27
3892,Lower Parel,127800.0,Apartment,2,1078.17,,2,1,31,2,19.000013,72.822689,2023-10-19
3893,Worli,182600.0,Apartment,2,1122.31,Fully Furnished,2,0,33,14,19.02422,72.810162,2023-08-25
3894,Lower Parel,162200.0,Apartment,2,1087.36,Semi-Furnished,2,1,27,13,18.997847,72.824497,2023-04-30
3895,Andheri West,40800.0,Apartment,1,453.22,Unfurnished,1,1,4,2,19.13622,72.818409,2023-05-18
3896,Powai,108500.0,Apartment,2,1003.43,Semi-Furnished,2,1,2,12,19.113155,72.915974,2023-07-29
3897,Chembur,155700.0,Apartment,3,1231.9,Fully Furnished,3,0,1,14,19.047547,72.905226,2023-06-03
3898,Chembur,45600.0,Apartment,1,505.46,Semi-Furnished,1,1,4,2,19.047683,72.891472,2023-07-15
3899,Andheri West,202600.0,Apartment,4,1516.86,Fully Furnished,3,1,37,2,19.143861,72.820861,2023-04-10
3900,Andheri West,52600.0,Independent House,1,528.24,Semi-Furnished,2,1,8,2,19.128297,72.823076,2023-03-12
3901,Chembur,57100.0,Apartment,1,627.16,Semi-Furnished,2,1,10,,19.0622,72.905309,2023-06-02
3902,Malabar Hill,182800.0,Apartment,1,955.15,Fully Furnished,1,1,20,25,18.955763,72.802377,2023-11-07
3903,Juhu,192000.0,Apartment,2,1308.86,Semi-Furnished,3,0,23,2,19.11749,72.817867,2023-08-17
3904,Lower Parel,69800.0,Studio,1,461.04,Semi-Furnished,2,1,9,12,18.998253,72.818794,2023-03-16
3905,Bandra West,159600.0,Apartment,2,940.74,Semi-Furnished,2,1,37,1,19.052125,72.834366,2023-12-26
3906,Borivali West,97600.0,Apartment,2,791.85,Fully Furnished,2,1,5,29,19.234878,72.848202,2023-06-09
3907,Andheri West,53700.0,Apartment,1,485.6,Semi-Furnished,1,1,20,23,19.126627,72.828823,2023-04-12
3908,bandra west,207000.0,Apartment,2,1307.23,Semi-Furnished,3,1,9,8,18.94028,72.793067,2023-05-18
3909,Andheri W,125200.0,Apartment,2,918.11,Fully Furnished,2,1,28,8,19.1286,72.832828,2023-09-23
3910,Goregaon East,53800.0,Apartment,1,504.47,Fully Furnished,1,0,31,11,19.168144,72.873368,2023-08-25
3911,Powai,78700.0,Apartment,2,913.28,Unfurnished,2,2,23,1,19.120337,72.90435,2023-11-10
3912,Juhu,177900.0,Apartment,2,1211.69,Semi-Furnished,3,2,33,8,19.109787,72.816495,2023-06-23
3913,Worli,116700.0,Apartment,1,681.63,Fully Furnished,1,1,38,3,19.025762,72.811622,2023-06-26
3914,Lower Parel,157100.0,Apartment,3,1347.29,Unfurnished,4,1,9,6,19.004112,72.819937,2023-05-19
3915,Malabar Hill,153000.0,Apartment,1,1010.39,Semi-Furnished,1,1,19,,18.952713,72.791701,2023-11-16
3916,Malabar Hill,234500.0,Apartment,3,1597.96,,4,1,27,16,18.956472,72.791822,2023-06-14
3917,Chembur,154600.0,Apartment,4,1525.97,Semi-Furnished,3,0,28,24,19.042468,72.903922,2023-02-02
3918,Borivali West,142900.0,Apartment,3,1128.46,Fully Furnished,4,1,19,19,19.238368,72.84162,2023-08-11
3919,Borivali West,81200.0,Apartment,2,778.53,Fully Furnished,2,1,13,25,19.226729,72.840006,2023-06-28
3920,Juhu,200000.0,Apartment,2,1225.01,Semi-Furnished,2,1,17,13,19.111303,72.820203,2023-03-16
3921,Chembur,101400.0,Apartment,2,902.85,Fully Furnished,2,1,28,12,19.05024,72.889773,2023-08-26
3922,Worli,124100.0,Apartment,1,728.4,Fully Furnished,1,1,27,15,19.012514,72.818293,2023-04-05
3923,Goregaon East,134800.0,Apartment,4,1432.06,Unfurnished,3,1,23,8,19.17,72.86538,2023-11-03
3924,Lower Parel,104500.0,Apartment,1,756.5,Semi-Furnished,1,0,31,12,18.989594,72.83313,2023-07-08
3925,Borivali West,34900.0,Apartment,1,428.68,Unfurnished,1,1,24,27,19.219908,72.847657,2023-11-23
3926,Andheri West,101500.0,Apartment,2,825.72,Semi-Furnished,2,1,24,12,19.143339,72.835229,2023-04-15
3927,Worli,156800.0,Apartment,2,1117.17,Semi-Furnished,2,0,40,8,19.026498,72.814976,2023-06-22
3928,Worli,371400.0,Apartment,5,2102.57,Fully Furnished,4,0,32,9,19.025751,72.815791,2023-02-08
3929,Goregaon East,84300.0,Villa,2,848.2,Semi-Furnished,2,0,11,17,19.170954,72.861608,2023-03-07
3930,Chembur,133500.0,Apartment,3,1182.95,Fully Furnished,3,2,30,10,19.048225,72.900006,2023-02-19
3931,Andheri West,63900.0,Independent House,1,594.67,,2,2,16,14,19.130722,72.82248,2023-01-07
3932,Andheri West,113400.0,Apartment,2,885.99,Fully Furnished,2,2,3,11,19.134009,72.825646,2023-12-13
3933,Goregaon East,94900.0,Villa,2,793.32,Fully Furnished,2,0,3,24,19.165158,72.860758,2023-07-03
3934,Bandra West,191400.0,Apartment,4,1465.28,Unfurnished,3,1,7,1,19.053476,72.838212,2023-06-28
3935,Andheri West,106500.0,Apartment,2,870.8,Semi-Furnished,2,1,1,2,19.136756,72.831931,2023-10-26
3936,bandra west,96000.0,Apartment,2,801.04,Fully Furnished,2,0,30,9,19.230162,72.838699,2023-08-23
3937,Lower Parel,175200.0,Apartment,3,1338.05,Unfurnished,4,1,40,11,18.99834,72.837431,2023-04-14
3938,Chembur,113300.0,Apartment,3,1140.32,Semi-Furnished,3,1,34,10,19.050891,72.89044,2023-04-27
3939,Andheri West,64200.0,Apartment,1,532.3,,1,1,30,28,19.142991,72.82562,2023-10-14
3940,Worli,148100.0,Apartment,2,1081.64,Semi-Furnished,3,1,22,6,19.026803,72.815168,2023-03-03
3941,Chembur,60800.0,Apartment,1,566.96,Fully Furnished,2,0,29,16,19.054539,72.905903,2023-06-08
3942,Worli,147600.0,Apartment,2,1052.34,Semi-Furnished,2,1,33,18,19.022867,72.813147,2023-06-08
3943,Worli,208800.0,Apartment,3,1442.1,Semi-Furnished,3,0,37,6,19.011456,72.824804,2023-05-16
3944,Chembur,96600.0,Independent House,3,1276.58,Unfurnished,3,1,24,5,19.061357,72.889846,2023-12-14
3945,Andheri West,178300.0,Apartment,3,1160.0,Fully Furnished,4,1,28,,19.128027,72.829593,2023-10-05
3946,Bandra West,97000.0,Apartment,1,578.79,Fully Furnished,1,1,40,2,19.056202,72.838954,2023-10-11
3947,Andheri West,112400.0,Apartment,2,804.93,Fully Furnished,2,1,20,12,19.130181,72.833752,2023-04-30
3948,Lower Parel,140400.0,Apartment,2,1067.8,Semi-Furnished,2,1,4,13,19.004447,72.8341,2023-09-16
3949,Lower Parel,248300.0,Apartment,3,1346.64,Fully Furnished,3,1,24,5,19.000915,72.823274,2023-06-22
3950,Malabar Hill,190500.0,Apartment,1,953.69,Fully Furnished,1,1,15,6,18.956839,72.796809,2023-08-22
3951,Lower Parel,209600.0,Apartment,3,1355.67,Semi-Furnished,4,1,35,13,18.989887,72.832263,2023-10-21
3952,Chembur,67400.0,Apartment,2,849.25,Unfurnished,2,2,17,13,19.057205,72.896211,2023-07-30
3953,Malabar Hill,272000.0,Apartment,3,1646.29,Semi-Furnished,3,1,1,19,18.948874,72.803302,2023-05-09
3954,Andheri West,174700.0,Apartment,4,1406.84,Semi-Furnished,3,2,36,11,19.133261,72.820323,2023-05-09
3955,Powai,98900.0,Apartment,2,993.06,Semi-Furnished,2,0,37,7,19.108395,72.906425,2023-12-31
3956,Juhu,147800.0,Apartment,2,1220.22,Unfurnished,2,2,6,11,19.107479,72.827333,2023-12-05
3957,Juhu,260700.0,Apartment,3,1501.77,Fully Furnished,3,0,9,3,19.101105,72.831657,2023-01-17
3958,Juhu,198600.0,Apartment,2,1238.13,,2,1,14,19,19.110268,72.830638,2023-02-26
3959,Lower Parel,128900.0,Apartment,2,1009.21,Semi-Furnished,3,1,20,7,18.993522,72.822269,2023-11-01
3960,Powai,90500.0,Apartment,2,1041.68,Unfurnished,2,1,33,1,19.107825,72.899288,2023-08-03
3961,Worli,197200.0,Apartment,2,1090.4,Fully Furnished,3,1,12,10,19.026101,72.821469,2023-06-11
3962,Andheri West,53600.0,Independent House,1,460.21,Semi-Furnished,1,2,5,4,19.135131,72.834388,2023-08-15
3963,Goregaon East,52500.0,Apartment,1,517.64,Fully Furnished,1,0,30,12,19.15591,72.859795,2023-10-21
3964,Worli,184100.0,Apartment,2,1110.03,Fully Furnished,3,1,3,30,19.024851,72.817444,2023-10-12
3965,Chembur,101800.0,Apartment,2,911.19,Fully Furnished,3,1,21,18,19.054771,72.907972,2023-07-05
3966,Powai,96800.0,Apartment,2,932.67,Semi-Furnished,2,1,27,14,19.111851,72.907834,2023-11-27
3967,Powai,82900.0,Studio,1,619.03,Fully Furnished,2,1,13,12,19.119614,72.901984,2023-02-19
3968,Andheri W,135300.0,Apartment,2,1051.57,,2,1,23,15,18.99483,72.831561,2023-06-11
3969,Goregaon East,112900.0,Apartment,3,1136.56,Semi-Furnished,3,1,11,11,19.155312,72.867997,2023-01-15
3970,Goregaon East,45400.0,Apartment,1,629.11,Unfurnished,1,1,9,1,19.162897,72.859566,2023-08-25
3971,Chembur,144300.0,Apartment,4,1535.02,Unfurnished,3,2,27,3,19.04314,72.906003,2023-08-14
3972,Chembur,88300.0,Studio,1,905.91,Unfurnished,1,2,15,4,19.051262,72.894598,2023-12-25
3973,Worli,121100.0,Apartment,2,1088.97,Unfurnished,2,2,23,5,19.023739,72.81753,2023-08-30
3974,Malabar Hill,247700.0,Apartment,2,1328.72,Fully Furnished,2,1,34,5,18.945346,72.795069,2023-09-23
3975,Juhu,122400.0,Apartment,1,962.49,Unfurnished,2,1,1,20,19.113277,72.8314,2023-02-05
3976,Bandra West,142400.0,Apartment,2,831.85,Semi-Furnished,3,0,29,14,19.068125,72.825552,2023-02-02
3977,S. Mumbai - Worli,209100.0,Apartment,2,1130.24,Fully Furnished,2,1,33,13,19.021374,72.824546,2023-02-26
3978,Juhu,129500.0,Apartment,1,966.48,Semi-Furnished,2,2,11,8,19.105254,72.817344,2023-04-30
3979,Andheri West,198200.0,Apartment,5,1803.86,,5,1,2,15,19.128491,72.82872,2023-09-15
3980,Worli,131200.0,Apartment,1,732.02,Fully Furnished,1,1,33,12,19.015832,72.82497,2023-05-25
3981,Malabar Hill,297900.0,Apartment,4,1869.3,Semi-Furnished,3,0,14,15,18.951073,72.788155,2023-03-08
3982,Worli,174200.0,Apartment,2,1123.03,Fully Furnished,2,1,4,20,19.020684,72.816326,2023-06-21
3983,Borivali West,38600.0,Apartment,1,559.32,Unfurnished,1,1,3,10,19.220903,72.847901,2023-12-12
3984,Andheri West,,Apartment,2,795.63,Semi-Furnished,2,1,1,10,19.133137,72.829832,2023-06-05
3985,Powai,115300.0,Apartment,2,931.07,Fully Furnished,2,2,37,2,19.126587,72.910473,2023-10-19
3986,Andheri West,73400.0,Apartment,1,630.26,Fully Furnished,1,1,16,18,19.128228,72.820576,2023-10-24
3987,Andheri W,100300.0,Apartment,3,1105.19,Unfurnished,3,1,2,4,19.230985,72.834541,2023-12-28
3988,Goregaon East,101100.0,Apartment,2,885.85,Fully Furnished,2,1,36,1,19.157127,72.864454,2023-11-08
3989,Bandra West,160000.0,Apartment,2,885.68,Fully Furnished,3,0,20,20,19.056162,72.821568,2023-12-19
3990,Chembur,65100.0,Apartment,1,610.52,Fully Furnished,1,2,30,0,19.061972,72.901484,2023-01-30
3991,Juhu,231500.0,Apartment,3,1491.53,Semi-Furnished,3,0,31,10,19.106969,72.825128,2023-06-09
3992,Worli,140700.0,Apartment,1,832.45,Fully Furnished,2,1,27,2,19.009508,72.817291,2023-09-28
3993,Goregaon East,122000.0,Apartment,3,1179.37,Semi-Furnished,4,1,36,12,19.172356,72.876332,2023-12-18
3994,Juhu,229300.0,Apartment,3,1549.22,Semi-Furnished,3,0,13,13,19.114076,72.824437,2023-08-31
3995,Andheri West,111800.0,Apartment,2,849.63,Fully Furnished,2,1,40,1,19.12673,72.830719,2023-04-02
3996,Juhu,141100.0,Apartment,1,900.71,Semi-Furnished,1,0,2,14,19.105566,72.830737,2023-11-02
3997,Malabar Hill,215100.0,Apartment,2,1264.63,Semi-Furnished,2,1,36,9,18.943395,72.793617,2023-03-24
3998,Malabar Hill,143400.0,Apartment,1,966.04,Semi-Furnished,1,1,13,9,18.946508,72.789404,2023-01-09
3999,Borivali West,,Apartment,1,611.75,Semi-Furnished,2,2,16,13,19.231948,72.852787,2023-10-15
4000,Andheri West,94200.0,Apartment,2,912.08,Semi-Furnished,2,1,27,2,19.142353,72.823155,2023-08-15
4001,Powai,181400.0,Apartment,4,1528.6,Semi-Furnished,3,0,30,0,19.110068,72.915433,2023-11-18
4002,Andheri West,147500.0,Apartment,3,1170.32,Semi-Furnished,3,1,22,17,19.141847,72.836357,2023-08-22
4003,Bandra West,283800.0,Apartment,5,1709.57,Semi-Furnished,4,0,1,3,19.059457,72.83737,2023-05-04
4004,Andheri West,97100.0,Apartment,2,760.07,Fully Furnished,2,1,8,11,19.137411,72.833575,2023-06-28
4005,Lower Parel,185200.0,Apartment,2,1126.67,Fully Furnished,2,0,27,20,19.000166,72.825279,2023-11-13
4006,Worli,196300.0,Apartment,2,1090.73,Fully Furnished,3,1,37,0,19.025275,72.814143,2023-04-09
4007,Lower Parel,176900.0,Apartment,3,1357.84,Semi-Furnished,3,1,7,11,18.99415,72.827226,2023-01-12
4008,Juhu,134500.0,Studio,1,731.78,Semi-Furnished,1,1,25,0,19.097919,72.820435,2023-05-08
4009,Borivali West,61600.0,Apartment,1,542.38,Fully Furnished,2,1,2,,19.236599,72.852483,2023-07-16
4010,Goregaon East,79600.0,Apartment,2,733.12,Semi-Furnished,2,0,29,2,19.169854,72.861743,2023-05-02
4011,Goregaon East,122800.0,Apartment,3,1074.02,Fully Furnished,4,0,34,,19.172882,72.873968,2023-05-24
4012,Lower Parel,234800.0,Apartment,4,1610.63,Semi-Furnished,4,0,30,3,19.004578,72.831143,2023-11-06
4013,S. Mumbai - Worli,214900.0,Apartment,4,1513.84,Fully Furnished,4,2,32,17,19.138413,72.826924,2023-12-04
4014,Malabar Hill,221100.0,Apartment,2,1252.94,Semi-Furnished,3,1,31,,18.952122,72.785107,2023-01-27
4015,Goregaon East,113200.0,Studio,1,898.29,Fully Furnished,1,1,1,6,19.17089,72.871319,2023-04-04
4016,Powai,155600.0,Apartment,3,1300.19,Semi-Furnished,3,0,1,2,19.115806,72.909582,2023-03-03
4017,Andheri West,102400.0,Apartment,2,850.91,Semi-Furnished,2,0,1,28,19.139804,72.820904,2023-03-01
4018,Andheri West,154300.0,Apartment,3,1099.16,Fully Furnished,3,1,3,1,19.140488,72.834476,2023-05-31
4019,Andheri West,125900.0,Apartment,3,1136.59,Semi-Furnished,3,1,2,13,19.129279,72.828458,2023-09-19
4020,Bandra West,109600.0,Apartment,1,573.66,Fully Furnished,1,0,12,26,19.059036,72.826799,2023-12-17
4021,Juhu,151100.0,Apartment,2,1192.22,,2,1,24,22,19.104355,72.832068,2023-08-05
4022,Juhu,296200.0,Apartment,3,1459.25,Fully Furnished,4,0,23,16,19.099068,72.82617,2023-10-13
4023,Worli,112800.0,Apartment,1,848.65,Semi-Furnished,1,0,27,23,19.008615,72.822251,2023-09-17
4024,Worli,210400.0,Apartment,3,1429.82,Semi-Furnished,3,0,23,6,19.010814,72.808934,2023-10-21
4025,Juhu,222300.0,Apartment,4,1849.74,Unfurnished,3,2,18,5,19.107939,72.830056,2023-09-22
4026,Borivali West,86700.0,Apartment,2,813.39,Fully Furnished,2,1,16,2,19.220171,72.842582,2023-09-17
4027,Malabar Hill,132100.0,Apartment,1,884.17,Semi-Furnished,1,1,19,1,18.956249,72.796702,2023-07-21
4028,Malabar Hill,227600.0,Apartment,2,1331.14,Semi-Furnished,2,1,15,14,18.941933,72.787037,2023-01-23
4029,Chembur,68700.0,Apartment,2,895.47,Unfurnished,3,1,7,8,19.044539,72.889687,2023-08-22
4030,bandra west,133500.0,Apartment,1,1043.72,Unfurnished,1,0,19,15,18.945341,72.803827,2023-08-15
4031,Worli,121300.0,Apartment,2,1028.86,Unfurnished,2,0,36,13,19.013935,72.823182,2023-06-14
4032,Powai,67500.0,Apartment,1,774.01,Unfurnished,1,1,25,9,19.110976,72.911986,2023-01-25
4033,Powai,131100.0,Apartment,2,989.84,Fully Furnished,3,0,5,16,19.115736,72.906387,2023-04-07
4034,Chembur,57600.0,Apartment,1,560.56,Fully Furnished,1,0,32,8,19.060357,72.908545,2023-10-21
4035,Borivali West,50900.0,Apartment,1,466.01,Fully Furnished,1,1,17,8,19.228521,72.841804,2023-02-26
4036,Chembur,78500.0,Apartment,2,893.31,Semi-Furnished,2,1,14,1,19.053898,72.902659,2023-03-27
4037,Borivali West,106400.0,Apartment,4,1397.07,Unfurnished,4,0,3,9,19.226413,72.845313,2023-01-23
4038,Lower Parel,116100.0,Apartment,1,710.42,Fully Furnished,1,1,9,15,18.994908,72.8378,2023-10-10
4039,Chembur,85300.0,Independent House,2,829.99,Semi-Furnished,2,1,33,22,19.043535,72.90008,2023-03-01
4040,Bandra West,203800.0,Apartment,3,1167.39,Fully Furnished,3,1,14,4,19.057526,72.829465,2023-12-20
4041,Bandra West,237100.0,Apartment,4,1557.95,Semi-Furnished,3,0,16,2,19.069063,72.839304,2023-09-17
4042,Chembur,62600.0,Apartment,1,539.98,Fully Furnished,1,0,30,2,19.051198,72.891802,2023-06-16
4043,Andheri West,54900.0,Apartment,1,488.97,Semi-Furnished,1,0,34,3,19.129668,72.820187,2023-10-28
4044,Powai,134700.0,Independent House,3,1341.81,Semi-Furnished,4,0,3,0,19.118332,72.91054,2023-03-26
4045,Lower Parel,91000.0,Apartment,1,742.3,Unfurnished,1,0,25,3,19.001679,72.821645,2023-05-27
4046,Powai,69300.0,Apartment,1,759.66,Unfurnished,1,0,16,12,19.111937,72.898723,2023-12-11
4047,Juhu,132000.0,Independent House,2,1137.21,Unfurnished,2,1,18,7,19.113536,72.830208,2023-09-17
4048,Malabar Hill,226600.0,Studio,1,938.21,Fully Furnished,1,1,10,28,18.947124,72.79705,2023-04-26
4049,Borivali West,43600.0,Apartment,1,442.29,Semi-Furnished,1,1,17,16,19.222324,72.83871,2023-11-07
4050,Juhu,230300.0,Independent House,2,1261.33,Fully Furnished,2,1,19,10,19.106765,72.82075,2023-11-27
4051,Powai,97500.0,Apartment,2,1023.91,Unfurnished,2,0,23,13,19.117452,72.902806,2023-04-23
4052,Worli,231100.0,Apartment,4,1773.42,Unfurnished,3,0,10,21,19.014464,72.824808,2023-11-12
4053,Juhu,149500.0,Apartment,1,926.25,Fully Furnished,1,1,15,9,19.110568,72.823738,2023-11-20
4054,Bandra West,75700.0,Apartment,1,529.85,Semi-Furnished,1,0,17,0,19.052377,72.838196,2023-12-05
4055,Powai,73500.0,Apartment,1,804.38,Unfurnished,2,1,28,12,19.121514,72.908853,2023-10-12
4056,Goregaon East,56500.0,Apartment,1,587.72,Semi-Furnished,1,2,27,15,19.173682,72.867714,2023-06-10
4057,Andheri West,83400.0,Apartment,2,853.42,Unfurnished,2,0,40,10,19.132697,72.834011,2023-04-08
4058,Worli,124200.0,Apartment,1,823.34,Fully Furnished,1,1,26,8,19.021415,72.821717,2023-05-05
4059,Goregaon East,111700.0,Apartment,3,1160.55,Semi-Furnished,3,1,39,7,19.16989,72.876116,2023-12-16
4060,Borivali West,46700.0,Apartment,1,489.75,Semi-Furnished,1,1,22,8,19.228248,72.837127,2023-11-01
4061,Chembur,68300.0,Apartment,1,656.58,Fully Furnished,1,0,1,28,19.045995,72.900764,2023-12-04
4062,Worli,118500.0,Apartment,2,1021.4,Unfurnished,2,1,36,14,19.019363,72.806763,2023-03-24
4063,Lower Parel,106300.0,Apartment,1,760.68,Semi-Furnished,1,1,2,15,18.997776,72.83716,2023-10-14
4064,Malabar Hill,191300.0,Apartment,1,998.03,Fully Furnished,2,1,1,6,18.94605,72.794643,2023-09-21
4065,Bandra West,85000.0,Apartment,1,625.09,Semi-Furnished,2,1,26,17,19.056281,72.821034,2023-06-08
4066,Lower Parel,106300.0,Apartment,1,734.29,Fully Furnished,1,0,31,8,19.001524,72.822121,2023-07-13
4067,Powai,197800.0,Apartment,4,1660.99,Semi-Furnished,4,1,17,,19.127211,72.91094,2023-12-07
4068,Worli,316900.0,Apartment,5,2152.99,Semi-Furnished,4,2,25,6,19.023715,72.819752,2023-03-19
4069,Juhu,195300.0,Apartment,2,1204.63,Fully Furnished,3,0,14,15,19.103926,72.825133,2023-10-19
4070,Malabar Hill,123000.0,Studio,1,601.13,Semi-Furnished,2,1,22,4,18.953131,72.789554,2023-03-14
4071,Lower Parel,267000.0,Apartment,4,1562.36,Fully Furnished,3,2,10,6,19.000398,72.82724,2023-06-22
4072,Bandra West,171800.0,Apartment,3,1154.62,Unfurnished,3,0,12,6,19.066254,72.838139,2023-10-02
4073,Worli,162700.0,Apartment,2,1100.36,Semi-Furnished,2,1,34,29,19.016409,72.821457,2023-10-12
4074,Borivali West,44300.0,Apartment,1,454.47,Semi-Furnished,2,1,8,23,19.237222,72.8538,2023-07-12
4075,Borivali West,97300.0,Apartment,3,1062.74,Semi-Furnished,3,1,39,6,19.232766,72.842312,2023-08-21
4076,Lower Parel,310500.0,Apartment,5,1922.83,Fully Furnished,4,0,29,5,18.998558,72.828434,2023-09-09
4077,Borivali West,136100.0,Apartment,4,1426.64,Semi-Furnished,3,0,17,6,19.221968,72.847208,2023-06-10
4078,Bandra West,274000.0,Apartment,5,1814.84,Semi-Furnished,4,1,3,8,19.053417,72.820475,2023-05-18
4079,Juhu,196300.0,Apartment,2,1194.88,Fully Furnished,2,1,13,9,19.109738,72.82371,2023-10-19
4080,Bandra West,267300.0,Apartment,4,1534.38,Fully Furnished,3,0,35,10,19.058599,72.834107,2023-07-19
4081,Lower Parel,147200.0,Apartment,3,1307.64,Unfurnished,3,2,27,7,18.991684,72.835566,2023-07-25
4082,Juhu,288400.0,Apartment,3,1491.47,Fully Furnished,3,1,16,23,19.113453,72.831644,2023-09-10
4083,Bandra West,159100.0,Apartment,2,962.47,Semi-Furnished,2,1,31,3,19.053324,72.837249,2023-03-01
4084,Lower Parel,254500.0,Apartment,4,1666.17,Semi-Furnished,4,0,14,3,18.995262,72.827114,2023-11-19
4085,Juhu,153600.0,Apartment,1,931.79,Fully Furnished,2,1,28,13,19.11038,72.816736,2023-07-16
4086,Borivali West,89000.0,Apartment,2,797.53,Fully Furnished,3,2,18,15,19.231151,72.837835,2023-07-06
4087,Malabar Hill,269900.0,Apartment,2,1331.15,Fully Furnished,3,1,22,10,18.954381,72.804944,2023-05-14
4088,Bandra West,184400.0,Apartment,2,915.12,Fully Furnished,2,0,6,30,19.053965,72.824407,2023-10-17
4089,Worli,111700.0,Apartment,1,760.4,Semi-Furnished,1,0,12,5,19.008806,72.81264,2023-09-19
4090,Lower Parel,144100.0,Apartment,2,998.86,Semi-Furnished,2,1,40,11,18.997902,72.83202,2023-01-10
4091,Chembur,39100.0,Apartment,1,538.43,Unfurnished,1,0,35,8,19.045306,72.901833,2023-01-16
4092,Powai,164700.0,Apartment,4,1522.56,Semi-Furnished,3,0,27,,19.123105,72.909172,2023-01-10
4093,Powai,124000.0,Apartment,3,1298.59,Unfurnished,3,1,29,10,19.11567,72.903967,2023-02-12
4094,Powai,80800.0,Studio,1,580.26,Fully Furnished,1,1,28,14,19.123335,72.912308,2023-02-25
4095,Lower Parel,74800.0,Studio,1,392.55,Fully Furnished,1,1,34,7,18.990782,72.83371,2023-11-07
4096,Bandra West,121700.0,Independent House,2,842.09,Semi-Furnished,3,1,9,3,19.051712,72.821685,2023-03-05
4097,Powai,110800.0,Apartment,2,993.98,Semi-Furnished,2,1,13,8,19.109416,72.900432,2023-04-18
4098,Lower Parel,150900.0,Apartment,2,985.98,Semi-Furnished,2,2,9,0,18.987979,72.836683,2023-03-25
4099,Worli,157700.0,Apartment,1,907.13,Fully Furnished,1,2,31,13,19.024326,72.821244,2023-05-12
4100,Chembur,105200.0,Studio,1,745.38,Fully Furnished,2,2,2,21,19.04709,72.903674,2023-06-08
4101,Malabar Hill,154100.0,Apartment,1,1026.02,Semi-Furnished,1,0,30,,18.948764,72.796438,2023-01-02
4102,Andheri West,71800.0,Apartment,1,543.76,Fully Furnished,1,1,38,6,19.127517,72.833262,2023-09-06
4103,Chembur,105000.0,Apartment,3,1233.05,Unfurnished,3,0,12,6,19.060943,72.898787,2023-01-18
4104,Powai,170900.0,Apartment,4,1505.12,Semi-Furnished,3,0,32,24,19.116217,72.914131,2023-01-10
4105,Borivali West,80500.0,Apartment,2,759.59,Fully Furnished,3,2,4,26,19.227892,72.850116,2023-02-05
4106,Juhu,221100.0,Independent House,2,1227.26,Fully Furnished,2,0,28,7,19.11304,72.834312,2023-05-23
4107,Andheri West,75300.0,Apartment,2,802.05,Unfurnished,3,1,18,18,19.138799,72.82572,2023-10-10
4108,Andheri West,107600.0,Apartment,2,897.24,Semi-Furnished,2,0,2,16,19.135162,72.835983,2023-04-29
4109,Goregaon East,94300.0,Apartment,2,907.76,Fully Furnished,2,2,31,1,19.165528,72.87274,2023-04-28
4110,Andheri West,91800.0,Independent House,2,861.22,Semi-Furnished,2,1,15,,19.142271,72.818268,2023-10-29
4111,Worli,165400.0,Apartment,2,1130.97,Semi-Furnished,2,2,2,4,19.017441,72.826274,2023-10-29
4112,Lower Parel,162400.0,Apartment,2,1062.76,Fully Furnished,2,1,34,23,18.987145,72.819357,2023-10-30
4113,Lower Parel,197400.0,Apartment,3,1324.28,Semi-Furnished,3,2,15,4,18.996237,72.82047,2023-07-20
4114,Goregaon East,109800.0,Apartment,2,873.93,Fully Furnished,2,1,26,28,19.164168,72.871555,2023-06-26
4115,Bandra West,137400.0,Apartment,2,874.75,Semi-Furnished,3,1,32,9,19.050876,72.833355,2023-07-30
4116,Lower Parel,104400.0,Studio,1,636.93,Semi-Furnished,2,0,3,12,18.994169,72.835165,2023-12-27
4117,Powai,88500.0,Apartment,2,1057.48,Unfurnished,2,1,9,7,19.123987,72.90735,2023-11-08
4118,Lower Parel,153500.0,Apartment,2,974.1,Fully Furnished,2,1,27,10,18.992514,72.824819,2023-03-23
4119,Powai,188600.0,Apartment,3,1334.85,Fully Furnished,3,1,13,14,19.110327,72.913625,2023-02-07
4120,Chembur,64400.0,Apartment,1,638.9,Fully Furnished,1,0,16,10,19.053987,72.890735,2023-12-20
4121,Chembur,106400.0,Apartment,2,947.66,Fully Furnished,2,0,12,4,19.044436,72.901311,2023-02-19
4122,Goregaon East,139800.0,Apartment,3,1121.63,Fully Furnished,3,0,27,15,19.165746,72.86556,2023-11-26
4123,Goregaon East,53800.0,Independent House,1,547.84,,1,0,30,7,19.158112,72.869459,2023-10-11
4124,Powai,99800.0,Apartment,2,992.24,Semi-Furnished,2,2,26,8,19.120827,72.914657,2023-07-07
4125,Worli,190800.0,Apartment,2,1142.33,Fully Furnished,2,0,19,15,19.013294,72.822467,2023-05-21
4126,Lower Parel,192200.0,Independent House,2,1073.85,Fully Furnished,2,2,5,1,18.999797,72.830654,2023-12-05
4127,Bandra West,242300.0,Apartment,3,1209.85,Fully Furnished,3,1,20,0,19.064761,72.821674,2023-01-24
4128,Juhu,173000.0,Independent House,2,1240.12,Unfurnished,3,1,17,21,19.106533,72.818419,2023-09-08
4129,Borivali West,94900.0,Apartment,3,1058.56,Semi-Furnished,4,2,28,0,19.235625,72.849595,2023-07-23
4130,Powai,55800.0,Apartment,1,606.24,Unfurnished,1,1,30,30,19.111843,72.905497,2023-02-12
4131,Goregaon East,76800.0,Apartment,2,855.16,Semi-Furnished,2,1,28,4,19.164393,72.871654,2023-07-14
4132,Andheri West,97300.0,Apartment,2,804.1,Semi-Furnished,2,1,11,0,19.128004,72.824786,2023-03-13
4133,Chembur,123400.0,Apartment,3,1223.34,Semi-Furnished,3,0,28,3,19.053283,72.894678,2023-03-18
4134,Goregaon East,67200.0,Apartment,2,905.54,Unfurnished,2,1,23,5,19.164848,72.866024,2023-07-13
4135,Worli,139600.0,Apartment,2,1089.24,Unfurnished,2,1,24,27,19.017995,72.808562,2023-09-10
4136,Powai,112900.0,Apartment,2,1005.2,Semi-Furnished,2,1,38,12,19.109952,72.897354,2023-03-23
4137,Powai,171500.0,Apartment,3,1368.5,Fully Furnished,3,1,31,11,19.118936,72.907209,2023-11-07
4138,Worli,207700.0,Apartment,4,1654.36,Unfurnished,3,1,20,12,19.007455,72.811842,2023-04-19
4139,Andheri W,145100.0,Apartment,3,1347.93,Semi-Furnished,3,0,30,12,19.112788,72.90657,2023-08-12
4140,Lower Parel,,Apartment,2,996.66,Unfurnished,2,1,26,12,18.999335,72.82812,2023-11-10
4141,Chembur,86800.0,Apartment,2,1002.75,Semi-Furnished,2,0,17,6,19.054733,72.90681,2023-08-08
4142,Borivali West,79000.0,Apartment,2,791.14,Semi-Furnished,2,0,15,11,19.224678,72.837181,2023-11-20
4143,Powai,118800.0,Apartment,3,1382.57,Unfurnished,4,2,19,12,19.12388,72.9079,2023-08-20
4144,Lower Parel,246400.0,Apartment,3,1382.7,Fully Furnished,3,1,5,11,18.994304,72.82431,2023-07-31
4145,Borivali West,81300.0,Apartment,2,775.36,Semi-Furnished,2,1,18,28,19.226196,72.852008,2023-11-26
4146,Juhu,176100.0,Apartment,2,1199.35,Semi-Furnished,3,1,7,2,19.114462,72.830617,2023-03-27
4147,Bandra West,207100.0,Apartment,3,1170.41,Fully Furnished,3,0,28,0,19.063225,72.838954,2023-08-07
4148,Goregaon East,96600.0,Apartment,2,878.09,Fully Furnished,3,2,7,3,19.169333,72.867244,2023-12-13
4149,Goregaon East,107700.0,Apartment,2,885.66,Fully Furnished,2,1,8,7,19.165366,72.871512,2023-07-15
4150,Juhu,139000.0,Apartment,1,991.43,Semi-Furnished,1,1,18,2,19.110688,72.820849,2023-06-01
4151,Andheri W,73600.0,Independent House,1,721.65,Fully Furnished,1,1,15,11,19.042832,72.893858,2023-08-28
4152,Andheri West,132300.0,Apartment,2,886.1,Fully Furnished,2,1,15,2,19.129591,72.826181,2023-03-03
4153,Goregaon East,100400.0,Apartment,2,864.4,Fully Furnished,2,1,3,4,19.155972,72.873178,2023-06-05
4154,Andheri West,111700.0,Apartment,2,765.92,Fully Furnished,2,1,24,23,19.144056,72.830612,2023-12-10
4155,Andheri West,133300.0,Apartment,3,1102.13,Semi-Furnished,3,1,33,28,19.13995,72.836265,2023-12-29
4156,Borivali West,45400.0,Apartment,1,461.49,Semi-Furnished,1,1,19,20,19.221705,72.849426,2023-09-06
4157,Andheri West,64500.0,Apartment,1,633.48,Semi-Furnished,2,1,33,8,19.133169,72.837499,2023-10-06
4158,Chembur,116700.0,Independent House,3,1204.65,Semi-Furnished,4,2,27,16,19.052676,72.895294,2023-03-13
4159,Worli,178100.0,Apartment,3,1375.87,Unfurnished,3,1,28,0,19.02138,72.82116,2023-10-17
4160,Goregaon East,44600.0,Apartment,1,518.8,Unfurnished,1,1,37,8,19.162988,72.868798,2023-11-14
4161,Malabar Hill,232300.0,Apartment,3,1555.34,Unfurnished,3,2,24,2,18.953676,72.794935,2023-10-22
4162,Lower Parel,233900.0,Apartment,3,1341.79,Fully Furnished,3,1,24,6,19.003768,72.818779,2023-10-09
4163,Borivali West,63000.0,Apartment,2,833.29,Unfurnished,3,1,26,1,19.235855,72.834604,2023-07-06
4164,Juhu,313900.0,Independent House,3,1584.62,Fully Furnished,3,1,40,12,19.112136,72.824798,2023-08-17
4165,Lower Parel,87000.0,Apartment,1,807.89,Unfurnished,1,1,37,4,18.992075,72.820509,2023-09-27
4166,Juhu,129300.0,Apartment,1,925.99,Semi-Furnished,1,1,4,9,19.116793,72.817116,2023-09-10
4167,Malabar Hill,137600.0,Apartment,1,1079.48,Unfurnished,2,0,32,2,18.959157,72.789172,2023-10-13
4168,Chembur,135000.0,Apartment,3,1217.38,Fully Furnished,4,1,15,17,19.04758,72.891527,2023-08-03
4169,Goregaon East,83100.0,Apartment,2,966.54,Semi-Furnished,3,0,19,12,19.157417,72.873599,2023-09-19
4170,Malabar Hill,84000.0,Studio,1,550.62,Unfurnished,2,0,4,8,18.941827,72.794474,2023-02-07
4171,Borivali West,85100.0,Apartment,2,884.32,Semi-Furnished,2,2,5,0,19.237238,72.83728,2023-10-25
4172,Goregaon East,101400.0,Apartment,3,1128.39,Semi-Furnished,3,1,40,2,19.167202,72.86787,2023-05-04
4173,Goregaon East,109900.0,Apartment,3,1157.05,,3,0,31,12,19.173568,72.866289,2023-08-27
4174,Chembur,96500.0,Apartment,2,903.08,Semi-Furnished,2,1,13,8,19.047496,72.904259,2023-06-03
4175,Malabar Hill,387100.0,Apartment,4,1941.3,Fully Furnished,3,0,17,3,18.957432,72.794987,2023-03-13
4176,Chembur,56400.0,Apartment,1,552.77,Semi-Furnished,1,1,11,24,19.052282,72.895214,2023-11-23
4177,Worli,141400.0,Apartment,2,1103.28,Unfurnished,2,1,18,6,19.02166,72.817746,2023-01-15
4178,Worli,252200.0,Apartment,3,1347.47,Fully Furnished,4,1,35,2,19.008108,72.811671,2023-02-01
4179,Worli,161000.0,Apartment,2,1094.57,Semi-Furnished,2,1,12,1,19.019564,72.81378,2023-12-18
4180,Bandra West,167300.0,Apartment,3,1123.44,Semi-Furnished,3,2,38,27,19.053585,72.828959,2023-06-13
4181,Lower Parel,228500.0,Apartment,3,1268.46,Fully Furnished,3,0,23,21,18.987987,72.818999,2023-07-27
4182,Borivali West,45600.0,Apartment,1,512.53,Semi-Furnished,2,1,34,19,19.237459,72.83957,2023-12-17
4183,Chembur,90600.0,Apartment,2,934.08,Semi-Furnished,2,1,8,0,19.045098,72.906222,2023-04-17
4184,Andheri West,124700.0,Apartment,3,1204.07,Unfurnished,4,1,29,21,19.135412,72.834498,2023-10-22
4185,Andheri West,94300.0,Apartment,2,786.69,Semi-Furnished,2,2,10,30,19.126334,72.818805,2023-02-18
4186,Juhu,126700.0,Apartment,1,919.88,Semi-Furnished,1,0,1,2,19.114949,72.832475,2023-05-06
4187,Bandra West,80300.0,Apartment,1,584.26,Unfurnished,1,1,40,1,19.068309,72.839016,2023-05-04
4188,Goregaon East,57300.0,Apartment,1,511.95,Fully Furnished,2,1,37,6,19.155628,72.874535,2023-07-05
4189,Powai,95700.0,Apartment,2,957.63,Semi-Furnished,2,1,31,1,19.108396,72.908261,2023-03-08
4190,Goregaon East,83100.0,Apartment,2,899.18,Semi-Furnished,2,0,3,0,19.164836,72.859107,2023-09-23
4191,Juhu,106400.0,Apartment,1,867.16,Unfurnished,1,1,33,14,19.098562,72.823325,2023-05-20
4192,Malabar Hill,179200.0,Apartment,2,1279.04,Unfurnished,2,1,13,15,18.951109,72.785783,2023-03-14
4193,Goregaon East,88400.0,Independent House,2,944.76,Semi-Furnished,2,1,3,19,19.173747,72.860439,2023-03-16
4194,Chembur,44100.0,Independent House,1,598.47,Unfurnished,1,0,10,8,19.048379,72.894924,2023-06-09
4195,Juhu,226200.0,Apartment,3,1457.27,Semi-Furnished,3,1,15,14,19.11593,72.82678,2023-09-27
4196,Bandra West,168900.0,Apartment,2,989.99,Fully Furnished,2,1,5,11,19.066299,72.824103,2023-06-21
4197,Andheri West,84800.0,Apartment,2,884.32,Unfurnished,2,0,13,14,19.145652,72.827212,2023-04-13
4198,Goregaon East,50700.0,Apartment,1,640.93,Unfurnished,2,0,8,,19.162684,72.857294,2023-11-19
4199,Chembur,53000.0,Apartment,1,569.29,Semi-Furnished,1,2,25,10,19.047026,72.892249,2023-05-01
4200,Malabar Hill,277300.0,Apartment,2,1404.04,Fully Furnished,2,1,38,,18.95349,72.792796,2023-01-07
4201,Chembur,89600.0,Apartment,2,941.43,Semi-Furnished,3,0,37,13,19.058205,72.900466,2023-07-20
4202,Goregaon East,142200.0,Apartment,3,1110.06,Fully Furnished,4,1,36,7,19.166994,72.865924,2023-05-12
4203,Borivali West,104300.0,Apartment,3,1024.74,Semi-Furnished,3,1,27,5,19.237906,72.836479,2023-05-26
4204,Borivali West,64500.0,Apartment,2,808.35,Unfurnished,2,0,32,1,19.224936,72.843927,2023-12-15
4205,Bandra West,164600.0,Apartment,3,1198.65,Unfurnished,4,0,32,2,19.049761,72.826514,2023-11-22
4206,Powai,,Apartment,2,1012.55,Unfurnished,3,0,9,5,19.10868,72.906097,2023-04-16
4207,S. Mumbai - Worli,183200.0,Apartment,2,1026.9,Fully Furnished,2,1,26,,19.0191,72.817309,2023-09-08
4208,Andheri West,144700.0,Apartment,3,1184.95,Semi-Furnished,4,1,4,4,19.134354,72.835565,2023-07-10
4209,Andheri West,277200.0,Apartment,5,1827.75,Fully Furnished,4,0,33,0,19.135635,72.827476,2023-02-06
4210,Andheri West,69600.0,Apartment,1,507.14,Fully Furnished,1,1,9,8,19.141256,72.831308,2023-02-13
4211,Malabar Hill,136600.0,Apartment,1,1021.04,Unfurnished,1,1,28,,18.953781,72.802642,2023-02-04
4212,Goregaon East,51900.0,Apartment,1,516.85,Fully Furnished,2,1,8,0,19.173766,72.862932,2023-07-19
4213,Malabar Hill,139100.0,Apartment,1,877.99,Semi-Furnished,1,0,8,7,18.955659,72.785049,2023-05-07
4214,Powai,54700.0,Apartment,1,643.07,Unfurnished,2,0,15,9,19.119551,72.907366,2023-01-13
4215,Borivali West,,Apartment,1,547.07,Fully Furnished,1,0,21,4,19.226283,72.8493,2023-07-11
4216,Borivali West,198900.0,Apartment,5,1627.59,Fully Furnished,4,1,14,0,19.224974,72.852959,2023-01-14
4217,Andheri West,67000.0,Apartment,1,551.93,Fully Furnished,1,1,1,7,19.14185,72.825498,2023-10-20
4218,Lower Parel,266200.0,Apartment,4,1627.22,Fully Furnished,3,1,7,9,18.996176,72.825529,2023-06-05
4219,Juhu,150300.0,Apartment,2,1127.75,Unfurnished,2,1,21,12,19.102214,72.819321,2023-05-10
4220,Lower Parel,153800.0,Apartment,3,1355.59,Unfurnished,3,2,39,12,18.997926,72.825959,2023-11-27
4221,Lower Parel,114300.0,Apartment,1,704.11,Fully Furnished,1,0,23,7,18.986649,72.828636,2023-01-26
4222,Andheri W,203300.0,Apartment,4,1523.26,Fully Furnished,3,1,11,14,19.056209,72.897471,2023-11-07
4223,Juhu,281100.0,Apartment,3,1579.16,Fully Furnished,3,0,34,14,19.102508,72.825441,2023-10-01
4224,Lower Parel,105700.0,Apartment,1,794.84,Semi-Furnished,1,1,18,28,18.994007,72.827426,2023-12-29
4225,Malabar Hill,300200.0,Apartment,3,1650.96,Semi-Furnished,3,0,9,13,18.947485,72.794105,2023-07-08
4226,Powai,81900.0,Apartment,1,726.49,Fully Furnished,1,1,39,14,19.122643,72.900921,2024-01-01
4227,Malabar Hill,131900.0,Apartment,1,895.27,Semi-Furnished,1,1,18,5,18.952633,72.804342,2023-04-24
4228,Andheri West,60400.0,Apartment,1,605.72,Unfurnished,1,0,27,5,19.135385,72.817935,2023-05-23
4229,Chembur,98900.0,Apartment,2,866.85,Fully Furnished,2,0,38,11,19.04885,72.902148,2023-07-06
4230,Borivali West,176900.0,Apartment,4,1365.76,Fully Furnished,4,0,23,11,19.233792,72.839141,2023-01-25
4231,Juhu,210400.0,Apartment,3,1444.21,Semi-Furnished,3,1,1,11,19.110569,72.819822,2023-11-14
4232,Powai,50300.0,Studio,1,376.1,Fully Furnished,1,1,7,5,19.126405,72.909787,2023-09-26
4233,Andheri West,121300.0,Apartment,2,801.47,Fully Furnished,2,1,22,9,19.140204,72.819256,2023-09-13
4234,Malabar Hill,210000.0,Apartment,1,1001.62,Fully Furnished,1,1,30,10,18.951348,72.801222,2023-02-17
4235,Malabar Hill,247900.0,Apartment,2,1309.21,Fully Furnished,3,0,27,1,18.947278,72.802181,2023-12-12
4236,Chembur,111600.0,Independent House,3,1181.37,Semi-Furnished,3,0,13,,19.046795,72.904408,2023-12-04
4237,Bandra West,120800.0,Apartment,2,911.91,Unfurnished,3,1,22,4,19.056069,72.831801,2023-01-07
4238,Andheri West,81300.0,Apartment,2,839.9,Unfurnished,3,1,4,12,19.142395,72.827277,2023-05-23
4239,Lower Parel,114300.0,Studio,1,786.28,Unfurnished,1,2,7,4,18.99374,72.822112,2023-08-15
4240,Juhu,155000.0,Apartment,2,1237.32,Unfurnished,2,1,8,19,19.115828,72.828142,2023-01-06
4241,Chembur,123000.0,Apartment,3,1167.69,Semi-Furnished,3,1,29,7,19.057071,72.90906,2023-09-07
4242,Goregaon East,48700.0,Apartment,1,572.39,Semi-Furnished,1,1,16,1,19.164737,72.865031,2023-12-24
4243,Andheri West,94600.0,Apartment,2,913.5,Semi-Furnished,2,1,38,13,19.137449,72.83254,2023-07-30
4244,Lower Parel,139400.0,Apartment,2,1044.92,Semi-Furnished,2,1,23,10,18.996701,72.836147,2023-05-27
4245,Worli,104700.0,Apartment,1,806.58,Semi-Furnished,2,1,18,2,19.007428,72.815987,2023-12-08
4246,Powai,90100.0,Apartment,2,1018.41,Unfurnished,2,1,9,15,19.12445,72.909067,2023-10-09
4247,Powai,110800.0,Apartment,2,1052.63,Semi-Furnished,3,0,9,9,19.109833,72.915989,2023-08-05
4248,Andheri West,112500.0,Apartment,2,854.99,Fully Furnished,2,1,33,6,19.126549,72.823981,2023-06-14
4249,Malabar Hill,163900.0,Apartment,1,1068.87,Semi-Furnished,1,2,22,15,18.945935,72.786209,2023-05-15
4250,Juhu,140800.0,Apartment,2,1142.85,Unfurnished,2,1,40,7,19.10432,72.817108,2023-06-29
4251,Borivali West,126300.0,Independent House,3,1136.38,Fully Furnished,3,1,23,,19.231636,72.837294,2023-01-12
4252,Lower Parel,118800.0,Apartment,2,1047.74,Unfurnished,2,2,4,9,18.996512,72.822941,2023-01-11
4253,Bandra West,188000.0,Apartment,3,1244.63,Semi-Furnished,4,1,5,,19.0571,72.823894,2023-12-05
4254,Bandra West,104300.0,Apartment,1,676.74,Semi-Furnished,1,1,34,1,19.067397,72.834762,2023-08-29
4255,Powai,68200.0,Apartment,1,718.24,Semi-Furnished,1,1,12,4,19.117656,72.896176,2023-07-25
4256,Juhu,132100.0,Apartment,2,1092.64,Unfurnished,2,1,27,,19.103721,72.81658,2023-08-08
4257,Chembur,152700.0,Apartment,3,1240.22,Fully Furnished,3,1,8,15,19.050318,72.908737,2023-08-15
4258,Borivali West,43200.0,Apartment,1,512.38,Semi-Furnished,1,0,32,7,19.236059,72.845206,2023-06-07
4259,Bandra West,169500.0,Apartment,2,952.32,Fully Furnished,2,1,4,19,19.052959,72.826825,2023-03-13
4260,Goregaon East,30200.0,Studio,1,335.29,Unfurnished,1,1,10,18,19.169931,72.865966,2023-06-25
4261,Worli,234400.0,Apartment,3,1373.06,Fully Furnished,3,1,34,11,19.008338,72.822448,2023-05-10
4262,Bandra West,372300.0,Apartment,5,1831.91,Fully Furnished,4,1,1,1,19.063165,72.828556,2023-05-01
4263,Bandra West,131500.0,Apartment,2,938.14,Semi-Furnished,3,1,31,8,19.056642,72.820723,2023-11-22
4264,Andheri West,46800.0,Apartment,1,543.08,Unfurnished,1,1,32,3,19.134157,72.830992,2023-10-09
4265,Juhu,195500.0,Apartment,2,1197.66,Semi-Furnished,2,2,31,,19.111584,72.820769,2023-05-17
4266,Chembur,60100.0,Apartment,1,596.34,Semi-Furnished,1,0,35,3,19.043271,72.907087,2023-09-25
4267,Andheri West,152700.0,Apartment,4,1412.97,Semi-Furnished,3,0,1,0,19.130684,72.825432,2023-04-13
4268,Powai,102100.0,Apartment,2,1069.58,Semi-Furnished,2,1,16,15,19.126622,72.909205,2023-04-25
4269,Goregaon East,91200.0,Apartment,2,867.72,Fully Furnished,2,1,39,,19.156108,72.874773,2023-01-16
4270,Malabar Hill,225700.0,Apartment,2,1372.02,Semi-Furnished,2,1,2,14,18.956322,72.794671,2023-09-05
4271,Chembur,,Apartment,3,1270.73,Fully Furnished,3,1,16,3,19.057393,72.897526,2023-06-19
4272,Bandra West,160900.0,Apartment,3,1153.17,Unfurnished,3,1,24,18,19.058308,72.826889,2023-09-24
4273,Chembur,88500.0,Independent House,2,840.07,Semi-Furnished,2,0,14,5,19.058174,72.892351,2023-04-13
4274,Chembur,161800.0,Apartment,3,1247.73,Fully Furnished,3,0,2,10,19.054422,72.889718,2023-09-29
4275,Chembur,63100.0,Apartment,1,613.62,Fully Furnished,1,1,28,14,19.056134,72.9044,2023-06-23
4276,Juhu,229900.0,Apartment,3,1608.57,Semi-Furnished,3,1,12,3,19.115226,72.829918,2023-05-14
4277,Powai,55700.0,Apartment,1,560.68,Semi-Furnished,1,1,30,14,19.121463,72.905271,2023-06-01
4278,Juhu,255900.0,Apartment,3,1534.12,Semi-Furnished,3,1,29,4,19.116675,72.835998,2023-05-14
4279,Juhu,169800.0,Apartment,2,1238.64,Semi-Furnished,2,1,2,15,19.116256,72.834937,2023-11-06
4280,Andheri West,82600.0,Apartment,2,811.13,Unfurnished,2,0,36,0,19.141742,72.823025,2023-01-06
4281,Juhu,191900.0,Apartment,2,1240.54,Semi-Furnished,2,0,30,26,19.101535,72.829821,2023-07-17
4282,Andheri West,42400.0,Studio,1,303.12,Fully Furnished,2,1,21,0,19.12778,72.829337,2023-02-04
4283,Goregaon East,98700.0,Apartment,2,892.44,Fully Furnished,2,2,20,3,19.166282,72.869846,2023-05-25
4284,Juhu,294500.0,Apartment,3,1480.81,Fully Furnished,4,1,10,0,19.11197,72.825937,2023-08-05
4285,Goregaon East,135000.0,Apartment,3,1045.15,Fully Furnished,3,0,13,3,19.171143,72.865259,2023-11-19
4286,Bandra West,257000.0,Apartment,5,1691.31,Semi-Furnished,4,1,17,10,19.059197,72.836148,2023-07-09
4287,Malabar Hill,216600.0,Apartment,2,1302.11,Semi-Furnished,2,1,24,16,18.946813,72.803665,2023-07-03
4288,Goregaon East,84100.0,Apartment,2,890.6,Semi-Furnished,2,1,7,16,19.160085,72.875051,2023-04-09
4289,Andheri West,111500.0,Apartment,2,899.72,Semi-Furnished,2,1,22,8,19.127206,72.832237,2023-01-12
4290,Goregaon East,99400.0,Apartment,3,1101.35,Unfurnished,4,0,25,20,19.159857,72.862132,2023-05-14
4291,Chembur,54200.0,Apartment,1,537.2,Semi-Furnished,1,1,37,13,19.046128,72.901621,2023-06-26
4292,Worli,175300.0,Apartment,2,1088.94,Fully Furnished,3,1,16,14,19.0145,72.821948,2023-09-23
4293,Borivali West,79000.0,Apartment,2,838.76,Semi-Furnished,2,1,39,15,19.233413,72.844456,2023-01-17
4294,Chembur,99000.0,Apartment,2,861.03,Fully Furnished,3,2,20,24,19.062188,72.907929,2023-05-18
4295,Malabar Hill,163900.0,Apartment,1,1109.43,Semi-Furnished,2,0,25,2,18.947314,72.789786,2023-01-26
4296,Chembur,141800.0,Apartment,3,1125.66,Fully Furnished,3,1,25,,19.045804,72.897429,2023-10-03
4297,Bandra West,135400.0,Apartment,2,941.61,Unfurnished,3,0,31,18,19.061965,72.833643,2023-02-18
4298,Bandra West,156600.0,Apartment,2,830.88,Fully Furnished,2,0,12,1,19.057596,72.826302,2023-05-03
4299,Lower Parel,181000.0,Apartment,3,1361.94,Semi-Furnished,3,0,11,8,18.990141,72.819545,2023-07-21
4300,Lower Parel,123000.0,Apartment,2,1014.41,Unfurnished,2,1,16,30,18.996081,72.823088,2023-06-21
4301,Lower Parel,162400.0,Apartment,2,1068.37,Semi-Furnished,2,0,38,15,19.00169,72.830019,2023-07-12
4302,Juhu,109000.0,Apartment,1,859.78,Unfurnished,1,0,34,18,19.110147,72.832848,2023-01-29
4303,S. Mumbai - Worli,59500.0,Apartment,1,582.75,Fully Furnished,1,1,16,5,19.158637,72.858319,2023-04-22
4304,Chembur,53200.0,Apartment,1,599.35,Semi-Furnished,1,1,22,9,19.050988,72.896461,2023-10-22
4305,Goregaon East,82500.0,Apartment,2,921.45,Semi-Furnished,2,2,2,4,19.160846,72.874788,2023-07-20
4306,Chembur,49800.0,Apartment,1,550.02,Semi-Furnished,1,0,13,8,19.042461,72.892989,2023-11-11
4307,Malabar Hill,161500.0,Apartment,1,1017.34,Semi-Furnished,1,1,4,,18.951852,72.79805,2023-10-22
4308,Worli,129700.0,Apartment,1,852.28,Fully Furnished,1,0,8,13,19.0166,72.810836,2023-07-31
4309,Bandra West,369200.0,Apartment,5,1848.44,Fully Furnished,4,1,13,12,19.050706,72.828393,2023-12-29
4310,Lower Parel,94000.0,Studio,1,570.52,Semi-Furnished,1,1,14,30,18.999713,72.82973,2023-04-13
4311,Chembur,126000.0,Apartment,3,1181.54,Semi-Furnished,3,1,33,19,19.05012,72.895844,2023-03-29
4312,Goregaon East,80700.0,Apartment,2,925.77,Semi-Furnished,2,0,16,5,19.172445,72.869038,2023-01-09
4313,Bandra West,166400.0,Apartment,3,1274.21,Unfurnished,3,1,3,14,19.052468,72.821536,2023-08-03
4314,Juhu,172000.0,Apartment,2,1300.84,Unfurnished,3,1,22,21,19.109083,72.821498,2023-05-01
4315,Lower Parel,211300.0,Apartment,3,1353.52,Semi-Furnished,3,1,21,13,18.996787,72.824129,2023-02-15
4316,Borivali West,77700.0,Apartment,2,816.49,Semi-Furnished,2,1,36,4,19.22847,72.850664,2023-10-21
4317,Chembur,81400.0,Apartment,2,936.58,Semi-Furnished,2,1,34,30,19.052786,72.906708,2023-12-17
4318,Andheri West,77400.0,Apartment,2,854.26,Unfurnished,2,0,9,4,19.137778,72.828647,2023-08-01
4319,Malabar Hill,,Apartment,2,1262.31,Semi-Furnished,2,1,29,14,18.941414,72.786347,2023-08-11
4320,Andheri West,93900.0,Apartment,2,832.91,Semi-Furnished,3,1,6,,19.135829,72.832823,2023-09-18
4321,Powai,65800.0,Apartment,1,774.64,Unfurnished,2,2,20,2,19.113638,72.910539,2023-06-12
4322,Andheri W,272800.0,Apartment,3,1519.5,Fully Furnished,3,0,20,21,19.102653,72.833398,2023-03-04
4323,Malabar Hill,310800.0,Apartment,3,1674.91,Fully Furnished,3,0,25,20,18.947864,72.787169,2023-07-04
4324,Bandra West,241800.0,Independent House,4,1593.83,Semi-Furnished,4,0,19,,19.05633,72.834792,2023-01-27
4325,Lower Parel,202500.0,Apartment,4,1637.8,Unfurnished,4,1,9,4,18.986808,72.835093,2023-10-06
4326,Goregaon East,122300.0,Apartment,3,1205.18,Semi-Furnished,3,0,10,15,19.167037,72.871564,2023-07-07
4327,Worli,114600.0,Apartment,1,748.54,Fully Furnished,1,1,14,14,19.011956,72.821508,2023-10-30
4328,Borivali West,72200.0,Apartment,2,781.42,Semi-Furnished,2,0,30,14,19.230211,72.841229,2023-12-06
4329,Andheri West,54600.0,Apartment,1,536.6,Semi-Furnished,1,0,14,5,19.142721,72.829502,2023-05-26
4330,Lower Parel,169200.0,Apartment,2,1053.77,Fully Furnished,2,1,38,28,18.997787,72.82877,2023-02-23
4331,Worli,179100.0,Apartment,2,1067.43,Fully Furnished,2,1,2,10,19.021703,72.818071,2023-12-17
4332,Juhu,216400.0,Independent House,2,1172.57,Fully Furnished,2,2,40,3,19.106574,72.822479,2023-08-21
4333,Malabar Hill,128300.0,Apartment,1,1019.14,Unfurnished,1,1,24,19,18.948114,72.799001,2023-08-25
4334,Worli,164600.0,Apartment,2,1126.32,Semi-Furnished,2,1,15,17,19.026524,72.811754,2023-08-28
4335,Chembur,62300.0,Apartment,1,592.75,Fully Furnished,1,1,7,6,19.043216,72.903653,2023-09-09
4336,Goregaon East,180300.0,Apartment,4,1422.66,Fully Furnished,3,1,37,16,19.159526,72.874896,2023-11-28
4337,Lower Parel,84700.0,Apartment,1,706.17,Unfurnished,1,2,11,5,18.990194,72.818593,2023-07-30
4338,Chembur,70700.0,Apartment,2,946.03,Unfurnished,2,1,17,14,19.059479,72.892534,2023-08-01
4339,Bandra West,79000.0,Apartment,1,505.48,Semi-Furnished,1,1,30,8,19.064929,72.823286,2023-11-25
4340,Malabar Hill,192800.0,Apartment,2,1292.31,Semi-Furnished,2,0,25,6,18.952765,72.789288,2023-10-20
4341,Goregaon East,132000.0,Apartment,3,1105.11,Fully Furnished,3,1,30,2,19.167101,72.860826,2023-11-20
4342,Malabar Hill,239900.0,Apartment,2,1332.89,Semi-Furnished,2,1,34,17,18.943736,72.803718,2023-10-08
4343,Malabar Hill,164100.0,Apartment,1,1017.92,Semi-Furnished,1,2,40,9,18.950282,72.802001,2023-07-02
4344,Borivali West,28300.0,Apartment,1,374.0,Unfurnished,1,1,10,7,19.234984,72.844094,2023-07-28
4345,Goregaon East,72700.0,Apartment,2,818.41,Unfurnished,3,1,25,14,19.172705,72.859809,2023-03-27
4346,Juhu,107300.0,Apartment,1,870.6,Unfurnished,1,1,3,10,19.106509,72.825055,2023-01-31
4347,Powai,78800.0,Apartment,1,673.88,Fully Furnished,1,0,16,17,19.115113,72.898613,2023-06-03
4348,Lower Parel,197700.0,Apartment,3,1368.61,Semi-Furnished,3,1,27,5,19.002021,72.831296,2023-03-03
4349,Lower Parel,172100.0,Independent House,3,1341.0,Semi-Furnished,3,0,22,16,18.989551,72.824682,2023-11-29
4350,Powai,61200.0,Apartment,1,674.06,Unfurnished,1,1,40,6,19.122466,72.902491,2023-06-02
4351,Chembur,85500.0,Apartment,2,911.97,Semi-Furnished,2,1,13,6,19.05922,72.89787,2023-06-07
4352,Powai,129300.0,Apartment,2,992.84,Fully Furnished,2,1,28,7,19.118012,72.911549,2023-11-04
4353,Powai,71200.0,Apartment,1,717.4,Semi-Furnished,2,1,15,10,19.113617,72.904338,2023-10-04
4354,Juhu,141200.0,Apartment,1,902.69,Fully Furnished,1,1,25,3,19.107882,72.835022,2023-11-21
4355,Lower Parel,131000.0,Independent House,2,1023.04,Semi-Furnished,3,1,23,12,19.003354,72.836427,2023-05-21
4356,Bandra West,153400.0,Apartment,2,817.95,,2,1,25,1,19.050785,72.838923,2023-09-30
4357,Malabar Hill,168500.0,Apartment,2,1220.53,Unfurnished,2,0,19,11,18.948042,72.785716,2023-10-30
4358,Bandra West,176900.0,Apartment,3,1126.47,Semi-Furnished,3,2,11,0,19.066153,72.836518,2023-08-16
4359,Andheri West,127700.0,Apartment,2,860.13,Fully Furnished,2,2,28,18,19.144845,72.826441,2023-05-04
4360,Malabar Hill,289000.0,Apartment,3,1608.14,Semi-Furnished,3,1,30,13,18.953144,72.795084,2023-02-27
4361,Lower Parel,129000.0,Apartment,2,1074.71,Unfurnished,2,1,11,13,18.986694,72.826717,2023-07-28
4362,Juhu,136100.0,Apartment,1,928.28,Semi-Furnished,1,1,17,5,19.106084,72.820302,2023-04-24
4363,Powai,73600.0,Apartment,1,689.34,Semi-Furnished,2,0,5,1,19.11628,72.914165,2023-10-17
4364,Malabar Hill,271700.0,Apartment,3,1534.7,Semi-Furnished,3,1,30,9,18.949619,72.797417,2023-03-30
4365,Chembur,46000.0,Apartment,1,517.82,Semi-Furnished,1,0,15,14,19.057432,72.90698,2023-07-12
4366,Bandra West,221700.0,Apartment,4,1577.89,Unfurnished,3,0,35,14,19.050649,72.822684,2023-09-07
4367,Powai,97100.0,Apartment,1,753.67,Fully Furnished,1,0,24,12,19.118994,72.902066,2023-05-07
4368,Malabar Hill,119500.0,Studio,1,591.92,Semi-Furnished,1,1,11,13,18.952072,72.801992,2023-08-20
4369,Juhu,209400.0,Apartment,2,1228.81,Fully Furnished,2,1,21,15,19.117066,72.835231,2023-03-03
4370,Andheri West,108000.0,Apartment,2,900.78,Semi-Furnished,3,1,4,4,19.134209,72.822039,2023-08-13
4371,Powai,90900.0,Apartment,1,743.57,Fully Furnished,1,1,35,2,19.116889,72.901566,2023-11-27
4372,Juhu,187500.0,Apartment,2,1134.83,Semi-Furnished,2,1,9,5,19.117419,72.828538,2023-03-17
4373,Worli,249300.0,Apartment,4,1724.0,Semi-Furnished,3,1,25,12,19.009314,72.825087,2023-01-14
4374,Goregaon East,110000.0,Apartment,2,902.82,Fully Furnished,3,0,21,2,19.155717,72.875661,2023-12-13
4375,Bandra West,104600.0,Apartment,2,871.66,Unfurnished,2,1,12,19,19.065492,72.834168,2023-10-03
4376,Worli,181800.0,Apartment,2,1117.16,Fully Furnished,2,1,32,28,19.020937,72.808881,2023-10-27
4377,Chembur,103700.0,Apartment,2,859.93,Fully Furnished,3,1,25,6,19.050841,72.891327,2023-02-26
4378,Malabar Hill,190900.0,Apartment,1,919.61,Fully Furnished,1,1,2,9,18.958122,72.802995,2023-09-06
4379,Bandra West,125200.0,Independent House,1,636.99,Fully Furnished,1,0,35,3,19.056097,72.823245,2023-12-01
4380,Chembur,140200.0,Apartment,3,1266.83,Fully Furnished,4,1,17,8,19.060653,72.903043,2023-02-12
4381,Worli,249400.0,Apartment,3,1301.5,Fully Furnished,3,0,5,18,19.007193,72.811705,2023-10-24
4382,Juhu,349400.0,Apartment,4,1718.38,Fully Furnished,3,1,7,6,19.097767,72.830862,2023-10-12
4383,Malabar Hill,250400.0,Apartment,2,1269.21,Fully Furnished,3,0,13,9,18.944382,72.785788,2023-06-02
4384,Andheri West,118500.0,Apartment,2,905.28,Fully Furnished,3,1,14,9,19.126739,72.818903,2023-08-04
4385,Worli,275800.0,Independent House,4,1715.66,Semi-Furnished,3,1,31,10,19.026,72.81485,2023-11-17
4386,Powai,117400.0,Apartment,2,1029.01,Semi-Furnished,3,1,1,1,19.125381,72.908177,2023-07-25
4387,Juhu,148700.0,Apartment,1,956.62,Fully Furnished,1,1,32,29,19.108871,72.828408,2023-04-06
4388,Lower Parel,,Apartment,5,1963.26,Semi-Furnished,5,1,23,20,19.004183,72.831387,2023-12-12
4389,Juhu,127800.0,Apartment,1,924.98,Semi-Furnished,1,0,12,5,19.101851,72.818167,2023-04-15
4390,Worli,239300.0,Apartment,3,1483.34,Fully Furnished,3,0,22,3,19.02055,72.818227,2023-04-12
4391,Malabar Hill,243900.0,Apartment,2,1344.52,Fully Furnished,2,1,12,11,18.940141,72.799126,2023-08-10
4392,Worli,227400.0,Apartment,3,1396.61,Fully Furnished,3,1,1,9,19.015173,72.806886,2023-09-07
4393,Chembur,203000.0,Independent House,5,1805.41,Semi-Furnished,4,1,16,13,19.053187,72.891274,2023-05-13
4394,Chembur,47400.0,Studio,1,418.75,Fully Furnished,1,2,5,17,19.053986,72.900718,2023-05-01
4395,Malabar Hill,231400.0,Apartment,2,1291.29,Fully Furnished,3,0,38,,18.953959,72.795661,2023-10-02
4396,Malabar Hill,198600.0,Apartment,2,1255.51,Semi-Furnished,2,0,4,0,18.957789,72.799,2023-10-11
4397,Andheri West,131600.0,Apartment,3,1085.54,Semi-Furnished,3,0,9,0,19.140825,72.828661,2023-01-21
4398,Malabar Hill,282800.0,Apartment,2,1319.73,Fully Furnished,2,0,5,15,18.941389,72.79185,2023-10-10
4399,Goregaon East,59200.0,Apartment,1,519.24,Fully Furnished,1,1,28,2,19.163613,72.872906,2023-12-03
4400,Worli,160500.0,Apartment,2,1163.08,Semi-Furnished,3,1,30,4,19.012208,72.824128,2023-11-03
4401,Lower Parel,142700.0,Apartment,2,1024.77,Semi-Furnished,2,2,32,6,18.997474,72.819469,2023-01-03
4402,Powai,117100.0,Independent House,2,903.3,Fully Furnished,2,2,5,22,19.12313,72.898899,2023-03-16
4403,Borivali West,61900.0,Apartment,2,746.36,Unfurnished,3,0,35,,19.225017,72.847832,2023-11-06
4404,Borivali West,39300.0,Studio,1,310.75,Fully Furnished,1,1,4,3,19.22828,72.83727,2023-03-03
4405,Chembur,93200.0,Apartment,2,986.97,Semi-Furnished,3,0,38,13,19.049617,72.895314,2023-12-29
4406,Malabar Hill,213700.0,Apartment,2,1237.76,Semi-Furnished,2,1,8,25,18.954317,72.802955,2023-05-25
4407,Malabar Hill,261700.0,Apartment,3,1470.55,Semi-Furnished,4,0,29,12,18.956686,72.799934,2023-03-26
4408,Andheri West,89700.0,Apartment,1,662.25,Fully Furnished,1,1,26,27,19.137072,72.836689,2023-12-11
4409,Bandra West,128600.0,Apartment,2,858.92,Semi-Furnished,2,1,18,9,19.068015,72.821672,2023-11-04
4410,Powai,87900.0,Apartment,1,692.99,Fully Furnished,1,1,10,10,19.112621,72.902119,2023-03-02
4411,Malabar Hill,377600.0,Independent House,4,1968.35,Fully Furnished,3,1,38,1,18.955518,72.792196,2023-12-21
4412,Lower Parel,207400.0,Apartment,3,1361.65,Semi-Furnished,3,0,19,14,18.99415,72.826586,2023-03-11
4413,Juhu,168000.0,Apartment,2,1235.62,Semi-Furnished,2,0,40,30,19.10375,72.819944,2023-03-09
4414,Lower Parel,93200.0,Apartment,1,714.67,Semi-Furnished,1,1,6,5,18.991585,72.830633,2023-05-28
4415,Bandra West,127200.0,Apartment,2,901.87,Semi-Furnished,3,1,35,6,19.055021,72.839347,2023-10-22
4416,Borivali West,51500.0,Apartment,1,529.62,Semi-Furnished,1,1,34,21,19.235711,72.841463,2023-12-22
4417,Worli,134400.0,Studio,1,633.35,Fully Furnished,1,1,19,12,19.025512,72.8098,2023-08-01
4418,Borivali West,41200.0,Apartment,1,500.23,Semi-Furnished,1,0,5,17,19.222834,72.848253,2023-12-22
4419,Worli,136000.0,Apartment,2,1177.55,Unfurnished,2,0,32,6,19.016502,72.824196,2023-06-08
4420,Worli,228300.0,Apartment,3,1370.44,Fully Furnished,3,1,6,9,19.018658,72.808913,2023-09-01
4421,Andheri West,222900.0,Apartment,4,1523.95,Fully Furnished,3,1,19,15,19.135924,72.826214,2023-06-13
4422,Andheri West,61800.0,Apartment,1,422.8,Fully Furnished,1,0,27,,19.143526,72.824446,2023-09-15
4423,Juhu,196200.0,Apartment,2,1275.63,Semi-Furnished,3,1,21,4,19.100393,72.820861,2023-06-25
4424,Worli,138400.0,Apartment,1,836.46,Fully Furnished,1,1,37,10,19.025168,72.806806,2023-02-14
4425,Worli,100700.0,Apartment,1,737.47,Semi-Furnished,1,1,8,2,19.009156,72.819801,2023-08-28
4426,Chembur,52600.0,Apartment,1,600.95,Semi-Furnished,1,0,12,0,19.054234,72.89184,2023-09-27
4427,Goregaon East,64300.0,Independent House,2,827.44,Unfurnished,3,0,40,24,19.172939,72.861641,2023-07-17
4428,Goregaon East,73200.0,Apartment,2,807.58,Semi-Furnished,2,1,34,8,19.165654,72.870643,2023-04-18
4429,Powai,62000.0,Apartment,1,664.1,Unfurnished,1,0,40,11,19.124366,72.904886,2023-11-19
4430,Bandra West,156300.0,Apartment,2,944.83,Semi-Furnished,2,2,30,4,19.06213,72.835844,2023-09-20
4431,Malabar Hill,163900.0,Apartment,1,1059.17,Semi-Furnished,1,1,28,,18.950028,72.800456,2023-06-08
4432,S. Mumbai - Worli,197900.0,Apartment,2,1082.02,Fully Furnished,2,1,23,6,19.019862,72.811748,2023-06-02
4433,Malabar Hill,198200.0,Apartment,2,1365.01,Unfurnished,2,1,35,1,18.953053,72.796095,2023-06-14
4434,Powai,132600.0,Independent House,2,989.21,Fully Furnished,2,2,20,1,19.111338,72.903179,2023-04-12
4435,Chembur,89600.0,Apartment,2,868.29,Semi-Furnished,2,1,24,10,19.046003,72.903245,2023-10-31
4436,Bandra West,106500.0,Independent House,1,580.75,Fully Furnished,1,1,1,0,19.064136,72.830702,2023-06-10
4437,Malabar Hill,196700.0,Apartment,1,994.67,Fully Furnished,2,1,24,,18.951818,72.797607,2023-06-11
4438,Powai,178800.0,Apartment,4,1602.95,Semi-Furnished,3,1,33,7,19.123446,72.898712,2023-10-10
4439,Bandra West,94300.0,Apartment,1,567.75,Fully Furnished,1,1,30,10,19.059795,72.822471,2023-05-13
4440,Worli,222500.0,Apartment,3,1503.43,Semi-Furnished,3,1,21,25,19.010265,72.826293,2023-05-17
4441,Bandra West,191800.0,Apartment,2,947.42,Fully Furnished,3,1,38,7,19.066451,72.825838,2023-05-02
4442,Chembur,102100.0,Apartment,3,1205.37,Unfurnished,3,0,1,6,19.058629,72.899572,2023-10-13
4443,Worli,208800.0,Apartment,2,1155.22,Fully Furnished,2,1,31,,19.009358,72.812617,2023-02-17
4444,Malabar Hill,258900.0,Apartment,2,1351.91,Fully Furnished,3,0,37,29,18.958579,72.794138,2023-06-14
4445,Powai,89500.0,Studio,1,636.79,Fully Furnished,1,1,15,9,19.120402,72.90002,2023-07-07
4446,Lower Parel,191900.0,Apartment,3,1555.15,Unfurnished,4,1,35,5,18.997788,72.832608,2023-01-17
4447,Worli,185000.0,Apartment,2,1064.28,,2,1,5,10,19.018178,72.821921,2023-02-23
4448,Worli,97800.0,Apartment,1,822.83,Unfurnished,2,0,11,5,19.015653,72.818639,2023-02-10
4449,Malabar Hill,210800.0,Studio,1,991.83,Semi-Furnished,1,0,26,21,18.958744,72.80128,2023-02-08
4450,Borivali West,78200.0,Apartment,2,787.69,Semi-Furnished,3,2,13,22,19.224411,72.834459,2023-11-25
4451,Bandra West,115400.0,Apartment,2,822.99,Unfurnished,2,0,36,1,19.061452,72.836753,2023-06-16
4452,Powai,170900.0,Apartment,4,1569.95,Semi-Furnished,3,2,19,10,19.109247,72.905769,2023-07-30
4453,Worli,109500.0,Apartment,1,784.94,Semi-Furnished,1,1,3,1,19.021179,72.808917,2023-11-07
4454,Chembur,67200.0,Apartment,1,576.74,Fully Furnished,1,1,4,,19.048887,72.908253,2023-11-11
4455,Goregaon East,59500.0,Apartment,1,639.29,Semi-Furnished,1,2,15,16,19.170561,72.856767,2023-04-06
4456,Worli,190400.0,Apartment,3,1397.79,Semi-Furnished,3,1,33,13,19.009796,72.814131,2023-04-25
4457,Bandra West,128400.0,Apartment,1,670.78,,1,1,9,2,19.061335,72.827343,2023-11-19
4458,Powai,88200.0,Studio,1,613.35,Fully Furnished,1,1,2,3,19.114719,72.90261,2023-02-06
4459,Juhu,186500.0,Apartment,3,1558.27,Unfurnished,3,1,32,28,19.112091,72.821318,2023-10-18
4460,Lower Parel,186400.0,Apartment,3,1296.21,Semi-Furnished,3,0,10,6,18.993364,72.836756,2023-08-07
4461,Andheri West,160300.0,Apartment,3,1125.07,Fully Furnished,3,1,36,6,19.143765,72.83597,2023-03-20
4462,Andheri West,112600.0,Apartment,2,786.81,Fully Furnished,2,1,13,28,19.132324,72.833316,2023-05-24
4463,Bandra West,117800.0,Apartment,2,896.81,Unfurnished,2,1,24,9,19.068449,72.833116,2023-07-05
4464,Andheri West,134600.0,Apartment,3,1240.2,Semi-Furnished,3,0,11,9,19.126543,72.819823,2023-07-31
4465,Borivali West,56600.0,Apartment,1,503.04,Fully Furnished,1,1,3,7,19.223192,72.839933,2023-06-17
4466,Bandra West,197400.0,Apartment,3,1085.18,Fully Furnished,3,1,8,5,19.069205,72.824442,2023-04-30
4467,Worli,216300.0,Apartment,3,1432.46,Semi-Furnished,3,0,29,7,19.016692,72.825958,2023-07-31
4468,Powai,189100.0,Apartment,4,1547.36,Semi-Furnished,4,1,25,0,19.111904,72.904757,2023-12-10
4469,Chembur,145300.0,Apartment,3,1135.6,Fully Furnished,3,0,32,11,19.054637,72.893999,2023-07-25
4470,Powai,67700.0,Apartment,1,728.13,Unfurnished,1,1,1,28,19.116997,72.896575,2023-08-28
4471,Chembur,105200.0,Apartment,3,1229.55,Unfurnished,3,1,26,21,19.050937,72.892592,2023-07-23
4472,Juhu,231100.0,Apartment,2,1191.98,Fully Furnished,2,1,29,30,19.117391,72.833724,2023-06-21
4473,Malabar Hill,157500.0,Apartment,1,1015.72,Semi-Furnished,2,1,1,8,18.95335,72.791337,2023-05-20
4474,Worli,163600.0,Apartment,2,1166.92,Semi-Furnished,3,1,37,0,19.009762,72.812822,2023-07-10
4475,Lower Parel,146600.0,Apartment,2,1034.52,Semi-Furnished,2,0,12,3,18.98901,72.829845,2023-08-19
4476,Goregaon East,108600.0,Apartment,3,1238.51,Unfurnished,3,0,14,29,19.170756,72.873273,2023-12-14
4477,Powai,117400.0,Apartment,2,985.46,Fully Furnished,2,1,6,4,19.110002,72.902567,2023-05-03
4478,Worli,275600.0,Apartment,4,1700.68,,3,0,2,4,19.008769,72.823134,2023-10-02
4479,Borivali West,68100.0,Apartment,2,809.88,Unfurnished,2,1,7,4,19.221497,72.843682,2023-06-10
4480,Lower Parel,126400.0,Apartment,1,749.61,Fully Furnished,1,1,26,27,18.996097,72.834693,2023-12-18
4481,Chembur,59800.0,Apartment,1,591.25,Fully Furnished,1,0,8,3,19.061112,72.899298,2023-02-24
4482,Lower Parel,83800.0,Apartment,1,708.74,Unfurnished,1,1,33,0,18.987868,72.828192,2023-01-02
4483,Worli,178500.0,Apartment,2,1157.27,Semi-Furnished,2,0,9,24,19.016474,72.818236,2023-08-20
4484,Juhu,189900.0,Apartment,2,1225.15,Semi-Furnished,3,0,18,11,19.108319,72.822039,2023-09-26
4485,Lower Parel,102600.0,Independent House,1,695.84,Semi-Furnished,1,1,19,9,18.991623,72.821643,2023-05-30
4486,Borivali West,95000.0,Independent House,3,1048.75,Semi-Furnished,4,2,22,21,19.235395,72.853948,2023-08-27
4487,Powai,78400.0,Villa,1,792.83,Semi-Furnished,1,0,26,21,19.115934,72.909764,2023-06-24
4488,Juhu,318400.0,Apartment,4,1771.56,Fully Furnished,4,1,36,12,19.101156,72.823491,2023-06-05
4489,Powai,113200.0,Independent House,2,943.54,Fully Furnished,2,1,26,30,19.126492,72.90406,2023-10-01
4490,S. Mumbai - Worli,201900.0,Apartment,1,994.86,Fully Furnished,2,1,17,12,18.942336,72.788408,2023-08-28
4491,Goregaon East,122700.0,Apartment,4,1391.21,Unfurnished,3,0,27,7,19.163295,72.868695,2023-04-25
4492,Powai,93000.0,Apartment,2,955.88,Unfurnished,2,0,13,1,19.112676,72.903473,2023-11-19
4493,Goregaon East,62300.0,Apartment,1,603.03,Fully Furnished,1,0,5,24,19.163313,72.86037,2023-06-15
4494,Chembur,85200.0,Apartment,2,911.61,Semi-Furnished,3,0,1,8,19.047396,72.896986,2023-10-12
4495,Chembur,102200.0,Apartment,2,923.44,Fully Furnished,3,1,24,29,19.058087,72.88994,2023-11-12
4496,Lower Parel,188500.0,Apartment,3,1387.12,Semi-Furnished,3,1,9,27,19.004266,72.831873,2023-01-13
4497,Goregaon East,110800.0,Apartment,4,1328.65,Unfurnished,3,0,34,13,19.157826,72.858788,2023-07-06
4498,Lower Parel,164400.0,Studio,1,800.16,Fully Furnished,1,1,39,10,18.986976,72.837032,2023-03-10
4499,S. Mumbai - Worli,85000.0,Apartment,2,886.19,,2,0,16,28,19.139706,72.822748,2023-10-19
4500,Juhu,265300.0,Apartment,4,1818.39,Semi-Furnished,4,1,4,5,19.111209,72.828289,2023-02-01
4501,Worli,147100.0,Apartment,2,1096.25,Semi-Furnished,2,1,5,2,19.021161,72.818039,2023-07-15
4502,Borivali West,80500.0,Apartment,2,865.46,Semi-Furnished,2,0,21,4,19.228946,72.847246,2023-01-30
4503,Bandra West,138600.0,Apartment,2,886.44,Semi-Furnished,2,1,4,28,19.054995,72.836234,2023-07-15
4504,Chembur,91300.0,Apartment,2,859.25,Fully Furnished,2,1,37,10,19.061224,72.902807,2023-04-01
4505,Juhu,189000.0,Apartment,2,1220.64,Semi-Furnished,2,1,40,2,19.102783,72.83279,2023-08-31
4506,Worli,158500.0,Apartment,2,1135.92,Semi-Furnished,2,2,31,9,19.02309,72.816853,2023-11-10
4507,Juhu,214100.0,Apartment,2,1216.19,,2,1,39,9,19.105026,72.820654,2023-02-15
4508,Malabar Hill,166400.0,Apartment,1,1077.33,Semi-Furnished,1,0,21,3,18.943592,72.793659,2023-04-17
4509,Bandra West,140000.0,Apartment,2,877.98,Semi-Furnished,2,1,12,12,19.061805,72.832005,2023-05-08
4510,Goregaon East,44100.0,Apartment,1,510.09,Semi-Furnished,1,1,1,7,19.172525,72.859177,2023-04-15
4511,Juhu,195600.0,Apartment,2,1167.78,Fully Furnished,2,1,36,0,19.09756,72.826036,2023-05-13
4512,Powai,117700.0,Apartment,2,971.29,Fully Furnished,2,0,5,10,19.107685,72.908359,2023-12-25
4513,Bandra West,348500.0,Apartment,5,1719.94,Fully Furnished,4,1,15,30,19.054887,72.826922,2023-04-29
4514,bandra west,135900.0,Apartment,3,1074.73,Semi-Furnished,3,1,37,0,19.136025,72.826072,2023-07-29
4515,Powai,117100.0,Apartment,2,1051.58,Semi-Furnished,2,1,22,2,19.121916,72.900392,2023-11-29
4516,Powai,121900.0,Apartment,2,1072.43,Semi-Furnished,2,1,32,12,19.110252,72.905876,2023-10-18
4517,Malabar Hill,236600.0,Apartment,2,1304.92,Semi-Furnished,2,1,29,29,18.951177,72.795124,2023-01-09
4518,Lower Parel,98400.0,Apartment,1,699.66,Semi-Furnished,1,1,14,15,18.997027,72.824786,2023-11-01
4519,Juhu,164700.0,Apartment,1,927.54,Fully Furnished,1,2,7,10,19.115176,72.833256,2023-05-05
4520,Chembur,156200.0,Apartment,3,1277.09,Fully Furnished,4,2,37,9,19.057086,72.901645,2023-03-10
4521,Juhu,298800.0,Apartment,3,1588.2,Fully Furnished,4,1,22,5,19.105735,72.833082,2023-02-06
4522,Lower Parel,94600.0,Apartment,1,747.29,Semi-Furnished,1,0,36,0,18.997061,72.820356,2023-09-15
4523,Malabar Hill,168200.0,Apartment,1,955.81,Fully Furnished,1,2,19,14,18.955601,72.79963,2023-08-02
4524,Andheri West,91100.0,Apartment,2,840.94,Semi-Furnished,3,1,34,0,19.130758,72.821378,2023-06-23
4525,Worli,197000.0,Apartment,3,1409.1,Semi-Furnished,3,1,14,15,19.016466,72.825845,2023-12-31
4526,Goregaon East,48700.0,Apartment,1,473.95,Semi-Furnished,1,0,21,26,19.154709,72.866008,2023-04-12
4527,Powai,101400.0,Apartment,2,1002.6,Semi-Furnished,2,1,11,29,19.121789,72.914042,2023-08-09
4528,Goregaon East,87600.0,Apartment,2,808.17,Fully Furnished,2,2,21,1,19.162269,72.871217,2023-11-22
4529,Goregaon East,49400.0,Apartment,1,459.84,Fully Furnished,2,1,14,20,19.157883,72.875715,2023-10-27
4530,Malabar Hill,115800.0,Studio,1,565.3,Fully Furnished,1,0,3,12,18.955466,72.790415,2023-05-27
4531,Goregaon East,161100.0,Apartment,4,1440.58,Fully Furnished,3,0,37,1,19.158653,72.872312,2023-09-15
4532,Chembur,213700.0,Apartment,5,1700.99,Fully Furnished,4,1,31,8,19.042605,72.903737,2023-10-06
4533,Chembur,122100.0,Apartment,2,981.02,,3,1,37,3,19.05882,72.907579,2023-08-10
4534,Chembur,80300.0,Apartment,2,976.41,Unfurnished,3,1,34,8,19.058396,72.908702,2023-10-26
4535,Chembur,55500.0,Apartment,1,653.31,Semi-Furnished,2,1,31,28,19.048517,72.90497,2023-02-13
4536,Goregaon East,54200.0,Apartment,1,508.3,Fully Furnished,1,1,2,7,19.15587,72.861722,2023-07-04
4537,Borivali West,72400.0,Apartment,2,744.95,Semi-Furnished,2,0,1,,19.234017,72.842936,2023-11-26
4538,Malabar Hill,284500.0,Apartment,3,1593.86,Semi-Furnished,3,1,9,6,18.949047,72.788175,2023-07-04
4539,Powai,63100.0,Apartment,1,665.74,Semi-Furnished,1,0,40,14,19.125875,72.90828,2023-01-31
4540,Andheri West,,Apartment,1,513.59,Semi-Furnished,1,0,27,14,19.135976,72.826469,2023-12-27
4541,Borivali West,73000.0,Apartment,2,763.53,Semi-Furnished,2,0,19,3,19.231698,72.848623,2023-04-16
4542,Bandra West,143700.0,Apartment,2,898.49,Semi-Furnished,3,1,1,7,19.065566,72.824335,2023-09-02
4543,Andheri West,90100.0,Apartment,2,857.51,Semi-Furnished,2,1,24,0,19.145212,72.836185,2023-07-25
4544,Chembur,85600.0,Apartment,2,863.89,Semi-Furnished,2,0,27,14,19.060596,72.902115,2023-06-04
4545,Worli,279300.0,Apartment,3,1489.49,Fully Furnished,3,1,13,4,19.021911,72.81309,2023-12-28
4546,Goregaon East,29900.0,Studio,1,322.66,Unfurnished,1,0,10,23,19.163876,72.857446,2023-08-01
4547,Andheri West,65900.0,Apartment,1,591.31,Semi-Furnished,1,1,1,1,19.133396,72.823796,2023-05-08
4548,Worli,144600.0,Apartment,2,1097.6,Semi-Furnished,3,1,9,13,19.008516,72.814509,2023-03-30
4549,Malabar Hill,216400.0,Independent House,1,1063.72,Fully Furnished,2,2,32,27,18.951443,72.79947,2023-04-22
4550,Bandra West,136700.0,Apartment,2,883.42,Semi-Furnished,2,0,23,0,19.066864,72.838232,2023-11-18
4551,Malabar Hill,298700.0,Apartment,3,1630.94,Semi-Furnished,3,1,35,7,18.957054,72.786239,2023-11-17
4552,Chembur,50900.0,Apartment,1,540.37,Semi-Furnished,1,1,6,8,19.043257,72.905746,2023-01-08
4553,Lower Parel,198500.0,Apartment,3,1364.55,Semi-Furnished,3,1,14,8,18.999061,72.830302,2023-07-24
4554,Powai,,Apartment,4,1581.3,Semi-Furnished,3,1,1,8,19.111453,72.897083,2023-11-10
4555,Borivali West,86900.0,Apartment,2,866.1,Semi-Furnished,2,1,36,17,19.225546,72.835747,2023-03-21
4556,Powai,99900.0,Apartment,2,996.03,Semi-Furnished,2,1,11,4,19.121414,72.907138,2023-11-12
4557,Goregaon East,44600.0,Apartment,1,543.14,Semi-Furnished,2,0,12,20,19.158777,72.876121,2023-12-14
4558,Andheri West,150300.0,Apartment,3,1116.31,Fully Furnished,4,1,40,1,19.131734,72.836206,2023-01-16
4559,Bandra West,149500.0,Apartment,2,885.1,Fully Furnished,2,1,24,5,19.051119,72.822473,2023-12-23
4560,Goregaon East,70500.0,Apartment,2,853.89,Unfurnished,2,1,1,5,19.172706,72.857806,2023-03-25
4561,S. Mumbai - Worli,133600.0,Apartment,3,1183.85,Fully Furnished,3,0,34,6,19.165216,72.8618,2023-04-12
4562,Andheri W,92600.0,Apartment,2,864.52,Semi-Furnished,2,1,20,0,19.129337,72.82616,2023-03-11
4563,Bandra West,218200.0,Apartment,3,1221.92,Fully Furnished,4,1,21,4,19.059839,72.835297,2023-11-17
4564,Andheri West,48200.0,Apartment,1,503.75,Unfurnished,1,0,33,6,19.132224,72.825213,2023-12-04
4565,Borivali West,42600.0,Apartment,1,559.02,Unfurnished,1,1,30,3,19.223956,72.83499,2023-12-22
4566,Borivali West,101000.0,Studio,1,1004.33,Unfurnished,2,1,16,1,19.234263,72.851378,2023-09-27
4567,Worli,137600.0,Apartment,1,856.93,Fully Furnished,1,1,12,16,19.021977,72.817638,2023-05-09
4568,Goregaon East,118700.0,Apartment,3,1137.36,Semi-Furnished,3,2,23,5,19.169399,72.858563,2023-01-28
4569,Worli,136200.0,Apartment,2,1164.82,Unfurnished,3,1,21,10,19.012358,72.808385,2023-06-21
4570,Lower Parel,91000.0,Apartment,1,834.98,Unfurnished,1,1,8,1,18.986586,72.832422,2023-09-21
4571,Andheri West,126700.0,Apartment,2,844.64,Fully Furnished,2,1,11,14,19.14006,72.837224,2023-09-16
4572,Malabar Hill,179800.0,Apartment,1,961.86,Fully Furnished,1,1,10,9,18.947439,72.796034,2023-08-02
4573,Lower Parel,112800.0,Apartment,2,1030.18,Unfurnished,3,1,32,8,18.992969,72.818648,2023-02-13
4574,Powai,83300.0,Apartment,2,933.35,Unfurnished,2,0,12,25,19.116528,72.902943,2023-08-14
4575,Borivali West,92600.0,Apartment,2,839.33,,2,0,25,3,19.222857,72.837679,2023-07-03
4576,Chembur,96200.0,Apartment,3,1188.94,Unfurnished,3,1,38,13,19.051281,72.892122,2023-11-17
4577,Borivali West,150600.0,Apartment,4,1416.19,Semi-Furnished,3,1,31,9,19.232122,72.853588,2023-09-01
4578,Malabar Hill,180900.0,Apartment,2,1345.03,Unfurnished,2,0,6,19,18.953862,72.797936,2023-07-28
4579,Malabar Hill,201200.0,Apartment,2,1243.61,Semi-Furnished,2,2,18,10,18.944474,72.791312,2023-01-09
4580,Andheri West,130700.0,Apartment,3,1189.14,Semi-Furnished,3,1,29,30,19.137418,72.831852,2023-04-01
4581,bandra west,84800.0,Apartment,2,769.93,,2,0,40,15,19.228733,72.84287,2023-02-11
4582,Lower Parel,184700.0,Apartment,3,1243.27,Semi-Furnished,3,1,8,5,18.985647,72.818435,2023-01-08
4583,Lower Parel,239900.0,Apartment,4,1580.67,Semi-Furnished,3,0,27,13,18.993933,72.823127,2023-11-18
4584,Lower Parel,186600.0,Apartment,3,1420.33,Semi-Furnished,3,0,24,13,19.005078,72.828948,2023-02-13
4585,Worli,111500.0,Apartment,1,915.3,Unfurnished,1,1,4,13,19.026359,72.808736,2023-08-21
4586,Powai,107100.0,Studio,1,856.69,Semi-Furnished,2,1,22,5,19.120798,72.901152,2023-11-22
4587,S. Mumbai - Worli,146700.0,Apartment,2,892.55,Semi-Furnished,3,2,11,21,19.056555,72.825859,2023-08-08
4588,Powai,79800.0,Apartment,1,611.42,Fully Furnished,1,2,7,2,19.119648,72.910296,2023-02-02
4589,Goregaon East,99900.0,Apartment,2,940.77,Fully Furnished,2,1,3,7,19.171378,72.869899,2023-04-13
4590,bandra west,69100.0,Apartment,1,528.89,Fully Furnished,1,1,36,10,19.126338,72.837101,2023-04-02
4591,Worli,161400.0,Apartment,3,1403.77,Unfurnished,3,0,12,15,19.010908,72.822458,2023-05-13
4592,Lower Parel,243100.0,Apartment,3,1409.82,Fully Furnished,3,1,33,6,19.005164,72.830431,2023-10-19
4593,Bandra West,216200.0,Apartment,4,1413.3,Semi-Furnished,3,1,7,15,19.060819,72.830637,2023-05-20
4594,Lower Parel,112400.0,Apartment,1,835.72,Semi-Furnished,1,1,5,18,18.98909,72.824488,2023-01-25
4595,Borivali West,79400.0,Apartment,2,780.01,Semi-Furnished,2,0,26,15,19.231424,72.852121,2023-11-11
4596,Juhu,109100.0,Apartment,1,802.58,Semi-Furnished,1,1,9,0,19.102298,72.818112,2023-04-11
4597,S. Mumbai - Worli,65300.0,Apartment,1,551.35,Unfurnished,1,0,26,8,19.067072,72.82334,2023-11-02
4598,Andheri West,60300.0,Apartment,1,525.51,Semi-Furnished,1,1,14,30,19.13215,72.823858,2023-05-12
4599,Goregaon East,97500.0,Apartment,2,773.29,Fully Furnished,2,0,28,4,19.156322,72.875733,2023-08-23
4600,Goregaon East,158300.0,Apartment,5,1745.57,Unfurnished,4,0,26,5,19.16367,72.873303,2023-08-30
4601,Powai,75500.0,Apartment,1,697.28,Semi-Furnished,2,0,7,4,19.120188,72.910005,2023-10-30
4602,Chembur,62200.0,Apartment,1,677.62,Semi-Furnished,1,1,24,28,19.05418,72.903069,2023-11-18
4603,Powai,102800.0,Apartment,2,1026.27,Semi-Furnished,3,2,28,,19.116209,72.90419,2023-09-26
4604,Goregaon East,149400.0,Apartment,3,1179.62,Fully Furnished,3,0,1,16,19.154862,72.869615,2023-11-16
4605,Malabar Hill,236100.0,Apartment,3,1665.11,Unfurnished,3,1,29,20,18.950119,72.792909,2023-01-18
4606,Worli,181500.0,Apartment,2,1034.54,Fully Furnished,2,1,29,2,19.021648,72.825448,2023-10-21
4607,Malabar Hill,297200.0,Apartment,3,1583.79,Fully Furnished,3,0,29,13,18.946542,72.787067,2023-09-05
4608,Andheri West,78400.0,Apartment,1,577.43,Fully Furnished,2,1,26,9,19.128798,72.825384,2023-01-25
4609,Bandra West,179700.0,Apartment,4,1429.73,Unfurnished,3,0,40,11,19.061397,72.823537,2023-04-28
4610,Malabar Hill,194200.0,Apartment,1,1042.84,Fully Furnished,1,0,31,2,18.95002,72.786698,2023-10-26
4611,Juhu,295400.0,Independent House,3,1501.31,Fully Furnished,3,1,34,,19.109637,72.835982,2023-08-15
4612,Bandra West,164400.0,Apartment,2,968.67,Fully Furnished,2,1,12,4,19.064468,72.835766,2023-06-17
4613,Borivali West,52000.0,Apartment,1,518.15,Fully Furnished,1,2,7,29,19.233756,72.837467,2023-09-26
4614,Andheri West,64400.0,Apartment,1,586.09,Semi-Furnished,2,0,16,1,19.139383,72.835452,2023-07-03
4615,Worli,113500.0,Apartment,1,788.9,Semi-Furnished,1,2,33,,19.023671,72.818274,2023-01-16
4616,Chembur,119700.0,Apartment,3,1237.44,Semi-Furnished,3,2,11,9,19.051481,72.89976,2023-01-23
4617,Andheri West,104700.0,Apartment,2,848.25,Semi-Furnished,3,1,5,10,19.134678,72.826588,2023-06-04
4618,Borivali West,75400.0,Apartment,2,709.87,Fully Furnished,2,0,21,28,19.224735,72.845941,2023-04-07
4619,Andheri West,65800.0,Apartment,1,510.07,Fully Furnished,1,2,15,7,19.135635,72.825832,2023-10-31
4620,Lower Parel,286900.0,Apartment,4,1562.15,Fully Furnished,4,1,20,3,19.000919,72.834906,2023-01-05
4621,Borivali West,91200.0,Apartment,2,860.96,Fully Furnished,2,0,8,5,19.231399,72.841193,2023-02-24
4622,Malabar Hill,249800.0,Apartment,4,1910.38,Unfurnished,3,1,7,24,18.950844,72.791871,2023-11-06
4623,Bandra West,157200.0,Apartment,2,873.26,Fully Furnished,2,0,18,6,19.052178,72.832351,2023-06-29
4624,Malabar Hill,,Apartment,2,1243.66,Semi-Furnished,2,1,2,10,18.945933,72.803655,2023-03-13
4625,Lower Parel,166500.0,Apartment,2,1009.07,Fully Furnished,2,0,29,3,18.99646,72.81873,2023-12-14
4626,Andheri West,98800.0,Apartment,2,838.67,Semi-Furnished,2,1,8,12,19.126824,72.823787,2023-04-24
4627,Goregaon East,85600.0,Apartment,2,869.3,Semi-Furnished,3,1,5,19,19.174204,72.862873,2023-04-18
4628,Malabar Hill,284300.0,Apartment,4,1908.6,Unfurnished,3,1,7,8,18.94347,72.803634,2023-07-08
4629,Borivali West,71800.0,Apartment,2,766.72,Semi-Furnished,2,0,5,4,19.222932,72.846718,2023-07-21
4630,Powai,102100.0,Apartment,2,1027.81,Semi-Furnished,2,1,29,12,19.1276,72.91344,2023-10-16
4631,Andheri West,61000.0,Apartment,1,505.18,Fully Furnished,2,1,15,11,19.144985,72.837224,2023-12-08
4632,Andheri West,90100.0,Independent House,2,795.89,Semi-Furnished,2,0,10,24,19.142414,72.826781,2023-03-06
4633,Lower Parel,197500.0,Apartment,3,1361.03,Semi-Furnished,3,1,6,0,19.002392,72.82306,2023-03-18
4634,Malabar Hill,167600.0,Apartment,2,1270.76,Unfurnished,2,2,1,11,18.941725,72.797031,2023-08-02
4635,Powai,121700.0,Apartment,2,1031.34,Fully Furnished,2,0,40,4,19.109691,72.915927,2023-06-07
4636,Chembur,99900.0,Independent House,2,867.45,Fully Furnished,2,1,39,11,19.056023,72.903371,2023-08-14
4637,Andheri West,178900.0,Apartment,4,1514.55,Semi-Furnished,3,0,37,3,19.129041,72.827413,2023-10-17
4638,Borivali West,105900.0,Apartment,2,867.57,Fully Furnished,2,0,18,25,19.221966,72.844932,2023-04-28
4639,Worli,120600.0,Apartment,1,769.57,Fully Furnished,1,1,25,2,19.018135,72.815104,2023-09-15
4640,Andheri West,107400.0,Independent House,2,877.52,Semi-Furnished,2,1,22,12,19.142957,72.833238,2023-02-21
4641,Borivali West,110700.0,Apartment,3,1162.76,Semi-Furnished,3,1,7,1,19.232096,72.841381,2023-12-07
4642,Bandra West,387700.0,Apartment,5,1850.84,Fully Furnished,4,1,28,16,19.063823,72.829887,2023-12-02
4643,Worli,263400.0,Apartment,3,1385.84,Fully Furnished,3,1,31,20,19.017981,72.818694,2023-05-12
4644,Worli,135100.0,Studio,1,675.17,Fully Furnished,1,0,13,0,19.019531,72.815229,2023-07-18
4645,Bandra West,211700.0,Apartment,3,1251.0,Semi-Furnished,3,1,26,28,19.067604,72.819503,2023-06-02
4646,Bandra West,161300.0,Villa,2,941.33,Fully Furnished,2,1,1,5,19.061666,72.835327,2023-11-11
4647,Malabar Hill,208500.0,Apartment,2,1299.99,Semi-Furnished,2,0,10,12,18.946777,72.797695,2023-06-08
4648,Lower Parel,231000.0,Apartment,3,1314.85,Fully Furnished,3,1,9,17,19.000964,72.818719,2023-06-17
4649,Goregaon East,170000.0,Apartment,4,1460.92,Fully Furnished,3,2,33,1,19.160721,72.858205,2023-09-03
4650,Goregaon East,146800.0,Apartment,4,1498.6,Semi-Furnished,3,1,34,10,19.166051,72.860968,2023-11-28
4651,Andheri West,69900.0,Apartment,2,778.89,Unfurnished,2,1,5,7,19.138998,72.824406,2023-02-14
4652,Juhu,122500.0,Apartment,1,979.14,Unfurnished,1,1,38,0,19.099054,72.818693,2023-12-25
4653,Malabar Hill,230300.0,Apartment,2,1276.26,Semi-Furnished,2,0,40,11,18.953867,72.791498,2023-06-27
4654,Powai,194800.0,Apartment,3,1384.53,Fully Furnished,3,1,38,11,19.118585,72.896241,2023-01-02
4655,Chembur,107800.0,Apartment,2,930.09,Fully Furnished,2,1,20,19,19.056133,72.899074,2023-11-08
4656,Juhu,146100.0,Apartment,1,923.67,Semi-Furnished,1,2,38,20,19.101067,72.824072,2023-01-18
4657,Chembur,100700.0,Apartment,2,844.7,Fully Furnished,2,1,29,11,19.045316,72.902448,2023-03-29
4658,Lower Parel,112700.0,Apartment,1,850.55,Semi-Furnished,1,2,20,14,18.988481,72.825255,2023-10-14
4659,Malabar Hill,338100.0,Apartment,4,1950.53,Semi-Furnished,3,1,8,9,18.951624,72.7975,2023-03-22
4660,Worli,317700.0,Apartment,4,1697.29,Fully Furnished,3,0,16,12,19.01265,72.819523,2023-09-15
4661,Chembur,75000.0,Apartment,2,832.32,Semi-Furnished,2,1,35,3,19.048231,72.891428,2023-08-23
4662,Borivali West,46400.0,Apartment,1,555.44,Semi-Furnished,1,2,3,16,19.221473,72.84728,2023-12-04
4663,Borivali West,181900.0,Apartment,4,1428.91,Fully Furnished,3,1,36,3,19.233153,72.834935,2023-01-20
4664,Powai,131100.0,Apartment,2,952.24,Fully Furnished,2,1,5,2,19.124389,72.905392,2023-03-27
4665,Andheri West,72900.0,Apartment,2,746.77,Unfurnished,2,1,35,12,19.146021,72.832727,2023-10-03
4666,Lower Parel,245100.0,Apartment,3,1302.77,Fully Furnished,3,2,9,0,18.985916,72.837755,2023-10-11
4667,Juhu,131700.0,Apartment,1,826.29,Semi-Furnished,2,1,33,3,19.100237,72.836279,2023-05-29
4668,Borivali West,56100.0,Apartment,1,531.63,,1,0,19,19,19.226261,72.846262,2023-04-30
4669,bandra west,131500.0,Independent House,4,1420.68,Semi-Furnished,3,1,31,21,19.167617,72.874203,2023-10-06
4670,Powai,145700.0,Apartment,4,1657.08,Unfurnished,3,1,14,15,19.119332,72.906097,2023-04-21
4671,Juhu,259800.0,Apartment,3,1578.33,Fully Furnished,4,2,10,12,19.113757,72.824679,2023-08-19
4672,Bandra West,244800.0,Apartment,4,1484.22,Semi-Furnished,3,2,3,3,19.061054,72.822619,2023-12-12
4673,Worli,262800.0,Apartment,4,1594.58,Fully Furnished,3,1,1,2,19.019996,72.814142,2023-02-21
4674,Powai,59800.0,Studio,1,637.06,Unfurnished,1,1,32,12,19.113867,72.89726,2023-08-20
4675,Lower Parel,127400.0,Apartment,1,733.0,Fully Furnished,1,1,5,11,18.999123,72.834925,2023-08-19
4676,Bandra West,168400.0,Apartment,2,963.17,Fully Furnished,2,1,10,1,19.058025,72.8229,2023-03-20
4677,Juhu,174200.0,Apartment,2,1240.54,Semi-Furnished,3,1,28,14,19.112672,72.819561,2023-04-17
4678,Andheri West,121300.0,Apartment,2,810.49,Fully Furnished,3,1,28,18,19.134792,72.837399,2023-08-05
4679,Borivali West,34900.0,Apartment,1,496.56,,1,1,30,7,19.226804,72.844817,2023-09-24
4680,bandra west,169300.0,Apartment,2,1080.78,Fully Furnished,2,1,16,12,19.02572,72.811799,2023-10-04
4681,Bandra West,82300.0,Studio,1,484.03,Unfurnished,1,1,3,7,19.054309,72.832133,2023-08-01
4682,Andheri West,64000.0,Apartment,1,527.92,Fully Furnished,1,1,13,29,19.131301,72.819781,2023-03-17
4683,Lower Parel,200600.0,Apartment,2,1118.46,Fully Furnished,2,1,7,7,18.998423,72.820248,2023-08-15
4684,Worli,183200.0,Apartment,3,1362.81,Semi-Furnished,3,1,29,6,19.021581,72.820891,2023-01-02
4685,Andheri West,201900.0,Apartment,5,1724.55,Semi-Furnished,4,1,31,3,19.127482,72.833562,2023-05-28
4686,Goregaon East,179700.0,Villa,4,1408.71,Fully Furnished,3,1,9,24,19.164499,72.862916,2023-04-10
4687,Borivali West,130100.0,Apartment,5,1649.43,Unfurnished,4,1,21,,19.21972,72.853907,2023-12-11
4688,Juhu,133200.0,Apartment,1,865.09,Semi-Furnished,2,1,5,21,19.101291,72.834204,2023-03-30
4689,Andheri W,71500.0,Apartment,2,759.28,Semi-Furnished,2,0,12,,19.23122,72.840838,2024-01-01
4690,Malabar Hill,144900.0,Apartment,1,943.01,Semi-Furnished,2,1,26,11,18.947053,72.802133,2023-05-13
4691,Worli,107100.0,Apartment,1,853.47,Unfurnished,2,1,8,2,19.017008,72.808657,2023-06-18
4692,Chembur,83000.0,Apartment,2,959.99,Unfurnished,3,1,12,10,19.054384,72.894836,2023-04-13
4693,Lower Parel,102700.0,Apartment,1,773.67,Semi-Furnished,1,1,26,6,19.004886,72.823561,2023-07-24
4694,Malabar Hill,333300.0,Apartment,5,2250.56,Unfurnished,4,1,31,9,18.956806,72.801922,2023-11-04
4695,Juhu,158200.0,Apartment,1,994.12,Fully Furnished,1,1,5,2,19.104076,72.832171,2023-09-03
4696,Worli,170600.0,Apartment,2,1058.88,Fully Furnished,2,1,18,15,19.017204,72.810364,2023-10-27
4697,Worli,137600.0,Apartment,2,1041.31,Semi-Furnished,3,0,13,11,19.01879,72.817568,2023-10-11
4698,Juhu,257100.0,Apartment,3,1468.38,Fully Furnished,3,1,13,30,19.097863,72.831292,2023-11-13
4699,Andheri West,84500.0,Independent House,2,873.06,Unfurnished,2,2,27,0,19.13208,72.82236,2023-10-29
4700,Andheri West,223600.0,Apartment,4,1427.06,,3,1,27,0,19.137286,72.834,2023-10-13
4701,Borivali West,65900.0,Apartment,2,837.56,Unfurnished,3,1,7,4,19.235845,72.834286,2023-05-03
4702,Goregaon East,,Apartment,3,1085.06,Fully Furnished,3,1,14,15,19.155012,72.857863,2023-10-22
4703,Juhu,315300.0,Apartment,4,1862.93,,4,0,29,2,19.11116,72.819798,2023-01-24
4704,Bandra West,241300.0,Apartment,3,1156.07,Fully Furnished,3,0,37,6,19.053133,72.82148,2023-09-29
4705,Malabar Hill,408200.0,Apartment,4,1909.88,Fully Furnished,3,1,5,5,18.954657,72.799833,2023-04-25
4706,S. Mumbai - Worli,82800.0,Apartment,2,1008.54,,2,0,2,7,19.120846,72.915163,2023-05-26
4707,Chembur,85100.0,Apartment,2,999.78,Unfurnished,2,1,18,1,19.047177,72.901272,2023-03-25
4708,Powai,176800.0,Apartment,5,1911.41,Unfurnished,4,0,26,21,19.112855,72.904821,2023-08-26
4709,Powai,79100.0,Apartment,1,779.3,Semi-Furnished,1,1,19,12,19.112407,72.896382,2023-04-22
4710,Goregaon East,88000.0,Apartment,2,837.6,Fully Furnished,2,1,26,25,19.163691,72.873191,2023-01-19
4711,Malabar Hill,170200.0,Apartment,2,1310.12,,2,1,15,8,18.95976,72.797689,2023-05-13
4712,Juhu,344900.0,Apartment,4,1883.37,Fully Furnished,3,1,12,19,19.101972,72.83259,2023-11-07
4713,Juhu,188100.0,Apartment,2,1286.4,Semi-Furnished,2,0,6,13,19.110592,72.835941,2023-07-16
4714,Worli,127500.0,Independent House,1,746.98,Fully Furnished,1,0,9,3,19.024456,72.82508,2023-08-15
4715,Malabar Hill,281900.0,Apartment,4,1809.74,Unfurnished,3,1,22,24,18.945273,72.789432,2023-02-27
4716,Lower Parel,210600.0,Apartment,4,1656.22,Unfurnished,3,2,1,26,18.986491,72.821311,2023-01-07
4717,Andheri West,159000.0,Apartment,4,1475.78,Unfurnished,3,1,16,1,19.145478,72.821134,2023-02-28
4718,Bandra West,89100.0,Apartment,1,648.3,Unfurnished,2,0,34,,19.067034,72.838033,2023-11-16
4719,Goregaon East,34200.0,Studio,1,349.57,Semi-Furnished,1,1,10,8,19.159953,72.857316,2023-03-14
4720,Powai,75100.0,Apartment,1,805.19,Semi-Furnished,1,0,38,14,19.116287,72.896504,2023-12-20
4721,Powai,100100.0,Apartment,2,1012.27,Semi-Furnished,2,1,18,26,19.125837,72.911475,2023-11-22
4722,Goregaon East,104500.0,Apartment,3,1152.73,Unfurnished,3,0,22,1,19.160926,72.865377,2023-05-29
4723,Bandra West,,Apartment,1,511.59,Fully Furnished,2,2,23,3,19.06873,72.838786,2023-06-19
4724,Worli,119300.0,Apartment,1,792.27,Semi-Furnished,2,2,39,26,19.013643,72.811357,2023-06-05
4725,Malabar Hill,355800.0,Apartment,3,1616.47,Fully Furnished,3,2,27,1,18.951042,72.796946,2023-12-11
4726,Juhu,148300.0,Apartment,1,937.6,Semi-Furnished,1,1,17,2,19.100827,72.829952,2023-07-01
4727,Worli,150500.0,Apartment,2,1072.45,Semi-Furnished,2,0,8,14,19.022721,72.822866,2023-12-04
4728,Borivali West,41800.0,Independent House,1,547.55,Unfurnished,1,0,28,,19.221943,72.84886,2023-02-22
4729,Bandra West,170700.0,Apartment,3,1185.69,Semi-Furnished,3,2,34,1,19.049837,72.821285,2023-10-28
4730,Bandra West,131700.0,Apartment,2,1016.24,Unfurnished,2,2,1,29,19.056285,72.837315,2023-02-23
4731,Andheri West,82400.0,Apartment,2,877.79,Unfurnished,2,1,26,1,19.144235,72.825066,2023-12-13
4732,Worli,160500.0,Apartment,2,978.51,Fully Furnished,2,2,12,6,19.021074,72.811136,2023-03-12
4733,Andheri West,,Apartment,2,865.75,Fully Furnished,2,0,17,30,19.136007,72.829681,2023-06-09
4734,Malabar Hill,212700.0,Apartment,1,1091.02,Fully Furnished,1,0,7,7,18.954749,72.794183,2023-01-14
4735,Bandra West,79500.0,Apartment,1,644.74,Unfurnished,2,0,23,27,19.053697,72.834991,2023-03-31
4736,Juhu,115100.0,Apartment,1,969.3,Unfurnished,1,0,17,14,19.103087,72.830977,2023-12-03
4737,Worli,171100.0,Apartment,2,1125.45,Semi-Furnished,2,1,37,26,19.017944,72.81626,2023-03-18
4738,Malabar Hill,242100.0,Apartment,2,1270.26,Fully Furnished,2,1,13,3,18.951505,72.794263,2023-03-02
4739,Worli,233300.0,Apartment,3,1351.63,Fully Furnished,3,1,2,11,19.009703,72.817676,2023-12-18
4740,Andheri W,120100.0,Apartment,1,917.62,Unfurnished,2,1,9,14,19.116069,72.831809,2023-10-13
4741,Lower Parel,200500.0,Apartment,3,1414.1,Semi-Furnished,3,1,34,26,19.004095,72.822564,2023-09-13
4742,Worli,181600.0,Apartment,3,1445.19,Unfurnished,3,1,10,2,19.020729,72.813723,2023-07-23
4743,Borivali West,154600.0,Apartment,5,1629.47,Semi-Furnished,4,0,22,1,19.220134,72.848565,2023-03-08
4744,Borivali West,78000.0,Apartment,2,809.58,Semi-Furnished,3,1,12,5,19.234278,72.851928,2023-08-18
4745,Andheri West,72200.0,Apartment,1,493.41,Fully Furnished,2,1,26,7,19.145722,72.835655,2023-05-15
4746,Andheri West,90600.0,Apartment,1,696.74,Fully Furnished,1,0,20,14,19.127131,72.828308,2023-06-18
4747,Borivali West,30600.0,Apartment,1,417.62,Unfurnished,2,0,26,5,19.228059,72.843405,2023-06-13
4748,Bandra West,83400.0,Apartment,1,617.06,Unfurnished,1,1,30,0,19.067949,72.819682,2023-08-09
4749,Worli,135000.0,Apartment,1,758.65,Fully Furnished,1,0,22,6,19.019893,72.820947,2023-06-15
4750,Chembur,116200.0,Apartment,3,1201.42,Semi-Furnished,3,0,2,12,19.055806,72.907592,2023-11-17
4751,Lower Parel,141100.0,Apartment,1,829.46,Fully Furnished,1,0,2,11,18.995835,72.821377,2023-01-23
4752,Borivali West,40800.0,Apartment,1,477.96,Semi-Furnished,1,1,15,7,19.227034,72.842256,2023-09-18
4753,Lower Parel,303800.0,Apartment,4,1724.57,Fully Furnished,4,1,31,18,18.996152,72.829883,2023-09-13
4754,Powai,212100.0,Apartment,4,1666.5,Fully Furnished,3,0,37,25,19.114635,72.902228,2023-03-11
4755,Powai,120200.0,Apartment,2,988.6,Fully Furnished,2,1,1,0,19.121656,72.899949,2023-03-19
4756,Bandra West,117400.0,Studio,1,494.74,Fully Furnished,1,0,7,1,19.069456,72.838686,2023-11-03
4757,Borivali West,125800.0,Apartment,3,1159.98,Fully Furnished,3,1,27,7,19.234682,72.841543,2023-07-20
4758,Goregaon East,88900.0,Apartment,2,837.33,Semi-Furnished,2,1,21,,19.1723,72.861185,2023-07-16
4759,S. Mumbai - Worli,141600.0,Apartment,2,1083.88,Fully Furnished,3,1,31,10,19.114536,72.910717,2023-01-06
4760,Worli,131100.0,Apartment,2,1120.4,Unfurnished,2,2,6,,19.019736,72.825872,2023-07-30
4761,Goregaon East,125000.0,Apartment,3,1152.42,Semi-Furnished,3,1,13,13,19.154687,72.86373,2023-11-04
4762,Chembur,60500.0,Apartment,1,569.03,Fully Furnished,2,1,39,16,19.06098,72.89954,2023-11-01
4763,Powai,74100.0,Villa,1,671.77,Semi-Furnished,1,0,33,,19.120439,72.898939,2023-02-04
4764,Chembur,71800.0,Apartment,2,979.25,Unfurnished,2,1,20,1,19.042948,72.904216,2023-04-13
4765,Juhu,241600.0,Apartment,3,1565.46,Semi-Furnished,3,1,19,26,19.098983,72.836131,2023-01-10
4766,S. Mumbai - Worli,187500.0,Apartment,3,1129.31,Semi-Furnished,4,1,8,2,19.053231,72.821484,2023-10-02
4767,Chembur,100900.0,Apartment,2,824.47,Fully Furnished,2,0,36,10,19.051822,72.892622,2023-01-10
4768,Andheri W,220900.0,Apartment,3,1529.4,Semi-Furnished,3,1,23,1,19.110353,72.828502,2023-02-14
4769,Lower Parel,162500.0,Apartment,3,1413.5,Unfurnished,3,2,31,6,19.002891,72.822991,2023-08-28
4770,Juhu,166800.0,Apartment,1,900.49,Fully Furnished,2,0,14,14,19.109145,72.830006,2023-12-08
4771,Chembur,55000.0,Apartment,1,538.5,Fully Furnished,2,1,15,7,19.044552,72.903493,2023-10-26
4772,Juhu,151800.0,Apartment,1,979.23,Semi-Furnished,1,0,5,4,19.10535,72.825337,2023-09-27
4773,Andheri West,96800.0,Apartment,2,834.9,Semi-Furnished,2,1,24,12,19.141864,72.827626,2023-05-31
4774,Chembur,49200.0,Studio,1,381.06,Fully Furnished,1,1,37,23,19.047199,72.893244,2023-02-16
4775,Andheri West,207000.0,Apartment,4,1395.04,Fully Furnished,3,0,17,25,19.143868,72.829317,2023-04-12
4776,Goregaon East,95900.0,Apartment,2,858.53,Fully Furnished,2,1,18,6,19.161202,72.857054,2023-05-29
4777,Powai,179900.0,Apartment,3,1369.2,Fully Furnished,4,1,23,14,19.112689,72.899964,2023-11-16
4778,Andheri W,93000.0,Apartment,1,774.61,Semi-Furnished,2,1,14,1,18.998714,72.828996,2023-04-26
4779,Malabar Hill,233800.0,Apartment,2,1244.16,Fully Furnished,2,0,38,9,18.940556,72.786609,2023-12-27
4780,Juhu,172300.0,Apartment,1,962.78,Fully Furnished,1,2,20,7,19.113959,72.832261,2023-11-29
4781,Powai,126500.0,Apartment,2,977.72,Fully Furnished,2,0,4,25,19.115301,72.899633,2023-03-31
4782,Chembur,74400.0,Apartment,1,637.01,Fully Furnished,1,1,27,6,19.053852,72.90461,2023-04-02
4783,Juhu,138800.0,Apartment,1,961.2,Semi-Furnished,1,0,25,25,19.107011,72.828482,2023-07-21
4784,Goregaon East,137100.0,Apartment,3,1175.94,,3,1,25,5,19.156698,72.873553,2023-05-12
4785,Goregaon East,93400.0,Apartment,3,1159.7,Unfurnished,3,0,12,6,19.15977,72.876403,2023-10-22
4786,Bandra West,204500.0,Apartment,3,1277.06,Semi-Furnished,3,1,21,23,19.062195,72.819869,2023-08-03
4787,Borivali West,171800.0,Apartment,4,1358.39,Fully Furnished,3,0,34,14,19.23429,72.838065,2023-05-01
4788,Powai,213300.0,Apartment,5,1876.8,Semi-Furnished,4,2,29,21,19.10972,72.91385,2023-10-03
4789,Andheri West,61100.0,Apartment,1,509.93,Fully Furnished,1,0,14,13,19.127638,72.823535,2023-04-24
4790,Borivali West,37400.0,Apartment,1,411.4,Semi-Furnished,1,1,40,7,19.231085,72.850306,2023-12-20
4791,Andheri West,61700.0,Apartment,1,508.13,Semi-Furnished,1,0,35,14,19.140616,72.820806,2023-02-25
4792,Andheri West,77300.0,Apartment,1,543.89,Fully Furnished,1,1,6,16,19.130237,72.824504,2023-04-14
4793,Goregaon East,145500.0,Apartment,3,1237.62,Fully Furnished,3,1,9,23,19.164941,72.867216,2023-10-27
4794,Worli,105000.0,Apartment,1,743.78,Semi-Furnished,1,1,31,5,19.014929,72.823146,2023-11-27
4795,Malabar Hill,159900.0,Apartment,1,987.55,Semi-Furnished,1,1,20,13,18.954566,72.789371,2023-12-11
4796,Worli,164200.0,Apartment,1,917.42,Fully Furnished,1,1,21,6,19.01568,72.822763,2023-12-14
4797,Bandra West,264000.0,Apartment,4,1527.11,Semi-Furnished,3,2,16,,19.063515,72.820664,2023-05-08
4798,Andheri West,130800.0,Apartment,3,1193.38,Semi-Furnished,3,0,2,16,19.127856,72.821705,2023-10-06
4799,Lower Parel,160700.0,Apartment,2,1059.05,Semi-Furnished,2,2,22,28,18.99397,72.835328,2023-03-30
4800,Borivali West,70900.0,Apartment,2,803.66,Semi-Furnished,3,0,23,11,19.224762,72.851507,2023-04-10
4801,Powai,105400.0,Apartment,2,1019.47,Semi-Furnished,3,0,14,8,19.123238,72.915997,2023-02-23
4802,Borivali West,84300.0,Apartment,3,1003.5,Unfurnished,4,2,21,11,19.234789,72.835132,2023-12-21
4803,Malabar Hill,,Apartment,1,1011.48,Unfurnished,1,1,33,5,18.94187,72.794357,2023-06-06
4804,Powai,265800.0,Apartment,5,1976.34,Fully Furnished,4,0,26,,19.108808,72.904211,2023-01-31
4805,Lower Parel,80200.0,Apartment,1,764.73,Unfurnished,1,1,5,1,19.004952,72.833865,2023-10-04
4806,Juhu,168100.0,Apartment,3,1417.64,Unfurnished,3,1,15,25,19.100839,72.835876,2023-03-07
4807,Chembur,57400.0,Apartment,1,661.6,Semi-Furnished,1,0,18,7,19.042655,72.90159,2023-08-29
4808,Powai,179600.0,Apartment,3,1288.23,Fully Furnished,3,1,26,7,19.122479,72.90425,2023-09-06
4809,Andheri West,174700.0,Apartment,3,1164.79,Fully Furnished,3,0,27,7,19.133716,72.833775,2023-12-05
4810,Lower Parel,212500.0,Apartment,3,1363.33,Semi-Furnished,3,1,21,21,18.98667,72.818264,2023-05-24
4811,Juhu,173200.0,Apartment,2,1162.3,Semi-Furnished,2,1,13,2,19.111891,72.822192,2023-07-07
4812,Worli,162400.0,Apartment,2,1092.84,Semi-Furnished,2,1,24,2,19.019075,72.819638,2023-01-16
4813,Powai,114400.0,Apartment,2,932.84,Fully Furnished,2,0,33,14,19.110155,72.907386,2023-08-03
4814,Lower Parel,358300.0,Apartment,5,1932.33,Fully Furnished,4,2,2,9,18.988074,72.837149,2023-05-06
4815,Worli,156300.0,Apartment,2,1045.75,Semi-Furnished,2,1,18,17,19.026822,72.822845,2023-10-20
4816,Powai,72100.0,Apartment,1,683.41,Semi-Furnished,1,2,3,2,19.12338,72.910031,2023-07-31
4817,Lower Parel,99800.0,Apartment,1,730.13,Semi-Furnished,1,1,5,0,19.004326,72.822375,2023-01-23
4818,Bandra West,87700.0,Apartment,1,651.03,,1,2,30,0,19.068198,72.824733,2023-05-22
4819,Goregaon East,56800.0,Apartment,1,503.96,Fully Furnished,2,2,17,29,19.167535,72.869663,2023-12-23
4820,Juhu,243700.0,Apartment,4,1712.98,Unfurnished,3,1,7,4,19.098264,72.816333,2023-07-02
4821,Chembur,125600.0,Apartment,3,1207.95,Semi-Furnished,3,2,21,12,19.057549,72.908023,2023-05-27
4822,Andheri West,131900.0,Apartment,3,1125.77,Semi-Furnished,3,1,15,9,19.139606,72.832399,2023-11-25
4823,Andheri West,146000.0,Apartment,3,1134.59,Fully Furnished,3,1,19,21,19.130433,72.819981,2023-02-03
4824,Powai,179900.0,Apartment,3,1399.49,Fully Furnished,3,1,22,1,19.127186,72.913429,2023-08-28
4825,Goregaon East,92700.0,Apartment,2,778.42,Fully Furnished,2,1,31,3,19.168861,72.874057,2023-06-17
4826,Juhu,240200.0,Apartment,2,1224.78,Fully Furnished,2,0,36,17,19.10493,72.82955,2023-07-02
4827,Goregaon East,65400.0,Apartment,2,809.42,Unfurnished,2,1,8,12,19.156328,72.863656,2023-02-17
4828,Lower Parel,133000.0,Apartment,1,790.19,Fully Furnished,1,1,39,26,19.004217,72.827121,2023-10-19
4829,Malabar Hill,206000.0,Apartment,2,1313.94,Semi-Furnished,2,1,8,3,18.957309,72.797851,2023-10-30
4830,Lower Parel,125600.0,Apartment,2,977.92,Semi-Furnished,2,0,7,,18.994994,72.830953,2023-07-02
4831,Juhu,142400.0,Apartment,1,955.45,Semi-Furnished,1,2,33,10,19.109921,72.834706,2023-12-28
4832,Powai,59200.0,Apartment,1,717.28,Unfurnished,2,0,16,5,19.112262,72.899967,2023-02-11
4833,Malabar Hill,163100.0,Apartment,1,978.05,Semi-Furnished,1,0,25,26,18.956463,72.803283,2023-04-29
4834,Borivali West,81300.0,Apartment,2,727.98,Fully Furnished,2,1,28,3,19.233418,72.842198,2023-05-29
4835,S. Mumbai - Worli,179000.0,Apartment,1,983.85,Fully Furnished,1,1,34,21,18.952826,72.794424,2023-08-05
4836,Worli,102900.0,Studio,1,695.05,Unfurnished,1,1,39,8,19.013632,72.810151,2023-11-11
4837,Malabar Hill,319900.0,Apartment,4,1897.84,Semi-Furnished,3,1,36,1,18.941544,72.786112,2023-12-23
4838,Goregaon East,74200.0,Apartment,2,913.28,Unfurnished,2,1,40,12,19.168992,72.868806,2023-05-21
4839,Chembur,81900.0,Apartment,2,972.38,Unfurnished,2,0,21,12,19.056943,72.90554,2023-02-09
4840,Malabar Hill,252200.0,Apartment,2,1241.43,Fully Furnished,2,1,30,14,18.952698,72.795675,2023-02-11
4841,Juhu,260800.0,Apartment,3,1559.12,Semi-Furnished,3,2,28,0,19.105767,72.817669,2023-04-21
4842,Powai,77400.0,Apartment,1,657.76,Fully Furnished,1,1,12,11,19.113001,72.912225,2023-10-06
4843,Powai,72600.0,Apartment,1,681.64,,2,1,17,6,19.111173,72.913675,2023-05-09
4844,Juhu,246200.0,Apartment,4,1853.77,Unfurnished,3,0,3,5,19.10391,72.818088,2023-05-30
4845,Bandra West,80500.0,Apartment,1,586.13,Semi-Furnished,1,1,30,9,19.069002,72.839068,2023-09-17
4846,Chembur,91300.0,Apartment,2,838.93,,2,1,39,13,19.056268,72.900266,2023-10-04
4847,Worli,169300.0,Apartment,3,1480.12,Unfurnished,3,1,29,7,19.006991,72.82477,2023-03-13
4848,Powai,179900.0,Apartment,4,1541.62,Semi-Furnished,3,0,12,6,19.121419,72.905056,2023-06-25
4849,Chembur,46800.0,Apartment,1,554.88,Semi-Furnished,1,1,37,14,19.055751,72.902349,2023-03-12
4850,Lower Parel,119500.0,Apartment,1,774.83,Fully Furnished,1,0,39,6,19.001365,72.819583,2023-01-06
4851,Juhu,189300.0,Apartment,2,1172.88,Semi-Furnished,2,1,11,24,19.104073,72.823213,2023-03-24
4852,Malabar Hill,209500.0,Apartment,2,1322.62,Semi-Furnished,2,0,4,10,18.954237,72.78813,2023-08-09
4853,Andheri W,64000.0,Studio,1,353.19,Semi-Furnished,2,1,29,1,19.068561,72.836018,2023-11-10
4854,Andheri West,46900.0,Apartment,1,492.06,Unfurnished,2,1,11,19,19.131799,72.828276,2023-08-23
4855,Borivali West,126900.0,Apartment,3,1123.62,Fully Furnished,3,0,28,7,19.23583,72.843208,2023-11-24
4856,Worli,,Apartment,2,990.22,Semi-Furnished,2,1,32,12,19.026464,72.811301,2023-11-07
4857,Lower Parel,172400.0,Independent House,2,980.07,Fully Furnished,2,0,6,15,18.995521,72.835683,2023-07-09
4858,Worli,149600.0,Apartment,2,1127.91,Semi-Furnished,2,0,23,26,19.02517,72.815306,2023-08-21
4859,Worli,214600.0,Apartment,4,1702.35,Unfurnished,3,1,11,0,19.009411,72.807211,2023-04-06
4860,Lower Parel,201100.0,Apartment,2,1200.97,,2,1,12,27,18.995305,72.82807,2023-03-10
4861,Juhu,168100.0,Apartment,1,911.64,Fully Furnished,1,1,35,5,19.115695,72.819215,2023-07-16
4862,Malabar Hill,267600.0,Apartment,3,1550.31,Semi-Furnished,3,0,32,15,18.948673,72.802601,2023-09-10
4863,Chembur,53800.0,Apartment,1,608.07,Semi-Furnished,1,1,29,,19.055158,72.897385,2023-11-08
4864,Worli,183700.0,Apartment,3,1372.31,Unfurnished,4,1,25,10,19.014568,72.819881,2023-12-25
4865,Borivali West,76400.0,Apartment,2,826.72,Semi-Furnished,2,1,21,0,19.228007,72.838615,2023-03-14
4866,Malabar Hill,337400.0,Apartment,3,1610.57,Fully Furnished,3,0,36,10,18.952743,72.789458,2023-10-25
4867,Bandra West,153700.0,Apartment,2,884.8,Fully Furnished,2,1,39,0,19.056185,72.834306,2023-11-02
4868,Borivali West,88700.0,Apartment,2,750.28,Fully Furnished,2,1,1,5,19.227624,72.846204,2023-09-26
4869,Andheri West,166400.0,Independent House,3,1091.72,Fully Furnished,3,1,28,6,19.133838,72.827657,2023-03-21
4870,Malabar Hill,165300.0,Apartment,1,1082.27,Semi-Furnished,1,0,32,23,18.943413,72.795084,2023-06-14
4871,Andheri West,111300.0,Apartment,2,756.01,Fully Furnished,2,1,9,21,19.143108,72.831734,2023-12-20
4872,Bandra West,67400.0,Apartment,1,492.59,Unfurnished,2,1,32,15,19.064369,72.838991,2023-12-20
4873,Malabar Hill,197800.0,Apartment,2,1340.44,Unfurnished,2,2,24,11,18.94943,72.799226,2023-10-22
4874,Chembur,183900.0,Apartment,5,1785.53,Semi-Furnished,4,1,7,10,19.050473,72.896659,2023-05-09
4875,Powai,123200.0,Apartment,2,1058.07,Fully Furnished,2,1,13,22,19.125681,72.901021,2023-01-01
4876,Powai,123800.0,Apartment,2,982.39,Fully Furnished,2,0,33,2,19.121864,72.909819,2023-05-08
4877,Malabar Hill,401800.0,Apartment,4,1861.04,Fully Furnished,3,1,9,9,18.946129,72.798927,2023-05-22
4878,Bandra West,126200.0,Apartment,2,931.0,Unfurnished,3,0,33,,19.054734,72.822382,2023-01-27
4879,Borivali West,96000.0,Apartment,2,816.05,Fully Furnished,2,0,11,2,19.220902,72.844938,2023-03-05
4880,Borivali West,75000.0,Apartment,2,731.96,Semi-Furnished,2,0,25,8,19.228633,72.842216,2023-10-25
4881,Bandra West,92700.0,Apartment,1,671.18,Unfurnished,1,1,1,26,19.05253,72.837917,2023-06-29
4882,bandra west,156600.0,Apartment,3,1209.23,Unfurnished,4,1,36,4,19.068617,72.825176,2023-07-16
4883,Lower Parel,189300.0,Apartment,2,1089.65,Fully Furnished,2,1,5,12,18.999185,72.823363,2023-07-30
4884,Goregaon East,89200.0,Apartment,2,869.39,Semi-Furnished,2,1,9,24,19.162243,72.87046,2023-08-24
4885,Powai,78700.0,Apartment,1,681.32,Fully Furnished,1,0,28,11,19.122775,72.902601,2023-09-19
4886,Lower Parel,81000.0,Apartment,1,742.85,Unfurnished,1,0,17,7,18.998423,72.834191,2023-04-02
4887,Bandra West,266600.0,Apartment,3,1291.56,Fully Furnished,3,1,19,0,19.060173,72.832118,2023-06-19
4888,Bandra West,191100.0,Apartment,3,1232.6,Semi-Furnished,3,1,28,9,19.055736,72.837386,2023-04-10
4889,Borivali West,40000.0,Apartment,1,477.58,Unfurnished,2,0,7,1,19.233524,72.842052,2023-09-05
4890,Borivali West,93900.0,Apartment,2,756.24,Fully Furnished,2,2,36,6,19.238267,72.853374,2023-06-13
4891,Worli,171200.0,Apartment,2,1131.09,Semi-Furnished,2,1,2,7,19.022061,72.807695,2023-11-17
4892,Juhu,186000.0,Apartment,2,1291.4,Semi-Furnished,2,1,9,6,19.098629,72.824903,2023-04-22
4893,Bandra West,165600.0,Apartment,3,1119.46,Semi-Furnished,3,1,38,7,19.052456,72.824932,2023-09-05
4894,Chembur,64900.0,Apartment,1,567.13,Fully Furnished,1,0,8,25,19.054741,72.907501,2023-06-28
4895,Chembur,83500.0,Apartment,2,862.05,Semi-Furnished,2,1,26,10,19.046655,72.907523,2023-07-11
4896,Lower Parel,127600.0,Apartment,1,773.34,Fully Furnished,2,1,24,5,19.00407,72.829314,2023-11-11
4897,Bandra West,201200.0,Apartment,3,1158.75,,4,0,21,7,19.058861,72.829201,2023-09-10
4898,Powai,71700.0,Apartment,1,718.8,Semi-Furnished,1,1,32,8,19.122943,72.902805,2023-03-21
4899,Bandra West,232700.0,Independent House,3,1195.86,Fully Furnished,3,2,15,12,19.051855,72.839018,2023-09-09
4900,Powai,178500.0,Apartment,3,1316.71,Fully Furnished,3,0,14,9,19.121317,72.915237,2023-12-06
4901,Borivali West,80800.0,Apartment,2,854.75,Semi-Furnished,2,1,9,1,19.22996,72.844197,2023-02-27
4902,Bandra West,207300.0,Apartment,3,1174.72,Fully Furnished,3,1,40,27,19.054231,72.819938,2023-01-17
4903,Goregaon East,38000.0,Villa,1,536.04,Unfurnished,2,1,1,8,19.166671,72.870393,2023-08-29
4904,Lower Parel,191500.0,Apartment,3,1303.28,Semi-Furnished,3,0,37,13,18.995394,72.834524,2023-12-12
4905,Lower Parel,67100.0,Studio,1,490.41,Unfurnished,2,2,38,9,18.986502,72.827913,2023-03-23
4906,Worli,209200.0,Apartment,4,1732.21,Unfurnished,3,1,3,2,19.011285,72.808568,2023-05-23
4907,Andheri West,128100.0,Apartment,2,914.02,Fully Furnished,2,0,21,11,19.139946,72.821054,2023-05-31
4908,Worli,182700.0,Apartment,2,1140.31,Fully Furnished,2,0,36,28,19.008532,72.822223,2023-10-18
4909,Borivali West,111900.0,Apartment,3,1032.26,Semi-Furnished,3,1,17,19,19.223642,72.834404,2023-10-18
4910,Goregaon East,51500.0,Apartment,1,458.87,Fully Furnished,1,2,6,29,19.165231,72.872976,2023-08-04
4911,Worli,124300.0,Apartment,1,829.2,Fully Furnished,2,2,14,7,19.015865,72.80733,2023-07-01
4912,Andheri West,57300.0,Apartment,1,570.73,Semi-Furnished,1,1,40,15,19.12646,72.836998,2023-05-21
4913,Powai,117900.0,Studio,1,778.89,Fully Furnished,1,0,33,,19.115726,72.903837,2023-12-20
4914,Powai,94700.0,Studio,1,594.19,Fully Furnished,1,1,6,1,19.113812,72.910193,2023-12-19
4915,Borivali West,47600.0,Apartment,1,502.96,Semi-Furnished,2,0,5,7,19.223207,72.851337,2023-10-29
4916,Chembur,134900.0,Apartment,3,1279.34,Semi-Furnished,3,1,12,13,19.059226,72.909049,2023-12-29
4917,Juhu,207300.0,Apartment,2,1230.75,Fully Furnished,2,0,30,11,19.101305,72.818544,2023-08-02
4918,Lower Parel,220400.0,Apartment,3,1328.49,Fully Furnished,3,1,10,14,18.994392,72.837657,2023-08-03
4919,Juhu,220200.0,Apartment,2,1272.05,Fully Furnished,2,0,28,23,19.097965,72.835566,2023-07-12
4920,Andheri West,76100.0,Studio,1,493.94,Fully Furnished,1,0,17,1,19.137244,72.818895,2023-12-25
4921,Juhu,173400.0,Apartment,2,1246.37,Semi-Furnished,3,1,12,19,19.10588,72.827004,2023-10-13
4922,Chembur,85900.0,Apartment,2,930.35,Semi-Furnished,2,1,40,9,19.053136,72.901895,2023-07-02
4923,Chembur,58000.0,Apartment,1,647.3,Semi-Furnished,2,1,1,4,19.056185,72.899286,2023-01-12
4924,Borivali West,103900.0,Apartment,3,1072.75,Semi-Furnished,3,0,25,9,19.229912,72.851445,2023-08-02
4925,Worli,154100.0,Apartment,2,1116.78,Semi-Furnished,2,1,27,28,19.024496,72.81237,2023-09-05
4926,Chembur,93100.0,Apartment,2,881.44,Fully Furnished,2,1,37,13,19.060702,72.906945,2023-08-14
4927,Lower Parel,156900.0,Apartment,2,1037.25,Semi-Furnished,2,1,9,5,19.00148,72.827903,2023-03-11
4928,Worli,212100.0,Apartment,3,1473.47,Semi-Furnished,4,2,5,7,19.014867,72.817852,2023-01-08
4929,Borivali West,39400.0,Apartment,1,545.46,Unfurnished,1,0,8,6,19.220867,72.84389,2023-10-01
4930,Worli,174500.0,Independent House,2,1067.99,Fully Furnished,3,1,34,22,19.01631,72.810882,2023-09-01
4931,Andheri West,117800.0,Apartment,3,1180.54,Unfurnished,3,1,9,22,19.133254,72.83089,2023-08-30
4932,Goregaon East,50200.0,Apartment,1,497.03,Semi-Furnished,2,1,22,1,19.16989,72.868573,2023-02-16
4933,Andheri West,94200.0,Apartment,2,785.87,Semi-Furnished,3,1,25,10,19.142619,72.836699,2023-06-10
4934,Bandra West,124300.0,Apartment,2,813.96,Semi-Furnished,2,1,37,6,19.064847,72.833709,2023-03-03
4935,Andheri West,112200.0,Apartment,3,1043.29,Unfurnished,4,0,37,21,19.128243,72.82757,2023-08-19
4936,Chembur,56000.0,Apartment,1,575.07,Semi-Furnished,1,1,40,7,19.046014,72.894856,2023-01-03
4937,Worli,254400.0,Apartment,3,1414.11,Fully Furnished,3,2,3,3,19.015289,72.812796,2023-09-11
4938,Bandra West,221800.0,Apartment,4,1444.15,Semi-Furnished,3,1,6,4,19.060232,72.82231,2023-09-01
4939,Borivali West,77600.0,Apartment,2,834.29,Semi-Furnished,2,2,4,8,19.227636,72.849327,2023-03-09
4940,Bandra West,148900.0,Apartment,2,923.54,Semi-Furnished,2,0,6,5,19.065803,72.829085,2023-01-09
4941,Borivali West,66600.0,Apartment,2,797.55,,2,1,2,15,19.22552,72.842664,2023-07-19
4942,Bandra West,238300.0,Apartment,3,1189.2,Fully Furnished,3,0,14,12,19.054609,72.835028,2023-10-31
4943,Juhu,146700.0,Apartment,1,861.18,Fully Furnished,1,1,37,15,19.110025,72.835136,2023-08-20
4944,Malabar Hill,200400.0,Apartment,2,1292.59,Semi-Furnished,2,1,1,5,18.949675,72.790961,2023-06-07
4945,Worli,104100.0,Apartment,1,787.97,Semi-Furnished,2,1,18,6,19.021863,72.823869,2023-11-24
4946,Goregaon East,120000.0,Apartment,3,1122.15,Semi-Furnished,3,2,37,7,19.171404,72.857425,2023-12-11
4947,Chembur,87600.0,Apartment,2,857.9,Semi-Furnished,2,0,33,,19.048412,72.890125,2023-05-17
4948,Goregaon East,73400.0,Apartment,2,787.36,Semi-Furnished,2,1,36,,19.163476,72.86113,2023-03-03
4949,Andheri West,47900.0,Apartment,1,535.41,Unfurnished,1,0,7,25,19.136738,72.831523,2023-01-03
4950,Juhu,-50000,Apartment,1,914.43,Semi-Furnished,1,1,13,17,19.101164,72.828381,2023-03-31
4951,Goregaon East,120700.0,Apartment,3,1243.21,Semi-Furnished,3,1,6,5,19.165861,72.867283,2023-04-22
4952,Lower Parel,104800.0,Apartment,1,793.36,Semi-Furnished,1,1,36,5,18.990118,72.83761,2023-12-01
4953,Chembur,90500.0,Apartment,2,994.72,Semi-Furnished,3,1,35,0,19.0447,72.904736,2023-02-06
4954,Powai,109100.0,Apartment,2,1007.83,Semi-Furnished,2,0,17,21,19.118767,72.911306,2023-11-19
4955,Worli,100500.0,Apartment,1,737.1,Semi-Furnished,1,1,6,11,19.013173,72.818798,2023-06-23
4956,Andheri West,121500.0,Apartment,2,872.44,Fully Furnished,2,1,36,24,19.136289,72.833582,2023-01-26
4957,Juhu,127300.0,Apartment,1,948.15,Unfurnished,1,1,8,5,19.101418,72.830018,2023-03-18
4958,Malabar Hill,,Studio,1,764.73,Semi-Furnished,1,1,22,7,18.940853,72.791125,2023-07-01
4959,Chembur,220500.0,Apartment,5,1806.61,Fully Furnished,5,2,8,27,19.051249,72.906177,2023-04-15
4960,Malabar Hill,209100.0,Apartment,3,1575.12,Unfurnished,4,1,28,9,18.953488,72.799252,2023-04-17
4961,Powai,115700.0,Apartment,2,1013.42,Semi-Furnished,2,1,35,6,19.116352,72.903218,2023-08-08
4962,Goregaon East,75400.0,Apartment,2,763.52,Semi-Furnished,2,1,3,29,19.159864,72.870005,2023-04-16
4963,Chembur,71100.0,Apartment,1,679.92,Fully Furnished,1,1,13,0,19.051053,72.892094,2023-10-31
4964,Worli,205800.0,Apartment,2,1143.32,Fully Furnished,2,1,22,17,19.012675,72.814358,2023-01-04
4965,Bandra West,165200.0,Apartment,2,991.34,Semi-Furnished,3,1,39,14,19.054253,72.834795,2023-07-03
4966,Powai,119900.0,Apartment,3,1327.14,Unfurnished,3,1,33,8,19.12148,72.903494,2023-10-26
4967,Chembur,67300.0,Apartment,1,607.36,Fully Furnished,1,1,6,8,19.049587,72.89133,2023-12-17
4968,Malabar Hill,250800.0,Apartment,4,1866.99,Unfurnished,3,0,11,14,18.957388,72.786542,2023-07-30
4969,Andheri West,55000.0,Apartment,1,526.88,Semi-Furnished,1,0,11,5,19.129529,72.831521,2023-06-06
4970,Andheri W,121300.0,Apartment,2,968.61,Fully Furnished,2,1,18,2,19.120026,72.899863,2023-03-04
4971,Chembur,96900.0,Independent House,2,912.82,Semi-Furnished,2,1,22,,19.053837,72.89294,2023-05-16
4972,Bandra West,88300.0,Apartment,1,529.49,Fully Furnished,1,0,37,5,19.069373,72.833603,2023-03-19
4973,Goregaon East,99500.0,Apartment,2,947.88,Fully Furnished,2,1,7,28,19.156016,72.863571,2023-09-04
4974,Worli,247100.0,Apartment,3,1413.34,Fully Furnished,3,1,27,22,19.010115,72.817395,2023-06-02
4975,Goregaon East,48500.0,Independent House,1,483.56,Semi-Furnished,2,0,19,25,19.157741,72.867406,2023-10-03
4976,Worli,94200.0,Apartment,1,754.77,Unfurnished,1,1,31,10,19.008827,72.812581,2023-04-17
4977,Borivali West,147700.0,Apartment,4,1443.39,,3,2,31,13,19.231292,72.843862,2023-08-06
4978,Malabar Hill,311300.0,Apartment,3,1595.72,Fully Furnished,4,1,23,9,18.947367,72.792817,2023-12-17
4979,Borivali West,184400.0,Apartment,5,1713.94,Semi-Furnished,4,0,38,,19.229649,72.853269,2023-08-02
4980,Andheri West,142800.0,Independent House,3,1110.28,Fully Furnished,3,1,13,15,19.135599,72.824828,2023-07-20
4981,Borivali West,50200.0,Apartment,1,537.69,Semi-Furnished,1,0,32,6,19.222683,72.837595,2023-02-04
4982,Chembur,122900.0,Apartment,3,1283.91,Semi-Furnished,3,2,30,14,19.044998,72.894184,2023-09-14
4983,Borivali West,79500.0,Apartment,2,786.68,Semi-Furnished,2,1,38,6,19.234021,72.840451,2023-05-18
4984,Borivali West,143000.0,Apartment,4,1454.92,,4,1,16,11,19.237233,72.850966,2023-08-21
4985,Andheri West,74800.0,Apartment,1,547.73,Fully Furnished,1,1,38,4,19.139739,72.834878,2023-03-16
4986,Bandra West,122700.0,Apartment,2,927.41,Unfurnished,2,2,23,9,19.062231,72.828953,2023-01-22
4987,Juhu,360400.0,Apartment,4,1788.97,Fully Furnished,4,1,13,13,19.108487,72.821188,2023-03-18
4988,Bandra West,127600.0,Apartment,2,865.93,Semi-Furnished,2,1,13,17,19.064851,72.839465,2023-08-09
4989,Andheri West,164200.0,Apartment,3,1145.23,Fully Furnished,3,1,24,3,19.13537,72.824062,2023-02-10
4990,Lower Parel,204000.0,Apartment,3,1432.49,Semi-Furnished,3,0,3,6,18.9999,72.833007,2023-10-28
4991,Andheri West,140600.0,Apartment,3,1147.05,Semi-Furnished,3,2,17,17,19.130165,72.824926,2023-03-05
4992,Lower Parel,165400.0,Apartment,3,1285.47,Unfurnished,3,1,27,17,18.991192,72.830825,2023-11-07
4993,Chembur,52700.0,Apartment,1,634.26,Unfurnished,1,0,32,6,19.046161,72.900573,2023-08-23
4994,Juhu,112700.0,Apartment,1,824.87,Semi-Furnished,2,1,31,13,19.110267,72.833678,2023-02-06
4995,Goregaon East,87700.0,Apartment,2,825.8,Fully Furnished,2,1,29,1,19.170127,72.86363,2023-07-21
4996,Chembur,58100.0,Apartment,1,709.16,Semi-Furnished,1,0,22,8,19.04395,72.901387,2023-03-10
4997,Chembur,152500.0,Apartment,3,1166.53,Fully Furnished,3,0,19,8,19.045687,72.892401,2023-03-03
4998,Worli,146300.0,Apartment,1,807.88,Fully Furnished,2,2,15,10,19.024557,72.812162,2023-05-18
4999,Borivali West,44000.0,Apartment,1,457.01,Semi-Furnished,1,1,17,6,19.234111,72.850444,2023-06-18
5000,Lower Parel,145400.0,Apartment,2,1131.64,Semi-Furnished,2,0,9,19,19.000809,72.822517,2023-04-04
2487,Chembur,99300.0,Apartment,2,926.02,Fully Furnished,2,1,29,9,19.050685,72.908427,2023-02-27
1839,Lower Parel,93700.0,Apartment,1,695.05,Semi-Furnished,1,1,4,18,18.994375,72.836626,2023-11-07
437,Juhu,212200.0,Apartment,2,1196.42,Fully Furnished,2,1,36,0,19.106793,72.830706,2023-02-18
2885,Bandra West,112600.0,Apartment,2,770.0,Unfurnished,2,1,8,28,19.055854,72.830571,2023-06-02
3278,Andheri West,69400.0,Apartment,1,503.8,Fully Furnished,1,1,3,14,19.133498,72.831389,2023-06-20
4806,Juhu,168100.0,Apartment,3,1417.64,Unfurnished,3,1,15,25,19.100839,72.835876,2023-03-07
3418,Chembur,35400.0,Studio,1,334.77,Semi-Furnished,1,1,20,30,19.047763,72.898169,2023-08-22
162,Andheri West,152200.0,Apartment,3,1150.72,Fully Furnished,3,1,6,28,19.140083,72.834921,2023-10-29
2612,Bandra West,305500.0,Apartment,4,1538.17,Fully Furnished,3,0,12,11,19.057003,72.836383,2023-08-25
4410,Powai,87900.0,Apartment,1,692.99,Fully Furnished,1,1,10,10,19.112621,72.902119,2023-03-02
507,Andheri West,137000.0,Apartment,3,1165.04,Semi-Furnished,3,1,36,5,19.128716,72.821976,2023-08-08
4600,Goregaon East,158300.0,Apartment,5,1745.57,Unfurnished,4,0,26,5,19.16367,72.873303,2023-08-30
1168,Chembur,109400.0,Apartment,2,882.79,Fully Furnished,2,0,19,9,19.05444,72.89741,2023-06-06
1653,Andheri West,53500.0,Apartment,1,560.42,Unfurnished,1,1,2,0,19.142301,72.82017,2023-03-10
479,Bandra West,227500.0,Apartment,4,1553.81,Semi-Furnished,3,1,4,15,19.060785,72.825398,2023-01-29
238,Powai,178100.0,Apartment,3,1287.96,Fully Furnished,4,0,36,1,19.113353,72.90929,2023-12-23
3265,Borivali West,99400.0,Apartment,2,928.56,Fully Furnished,2,1,25,16,19.23672,72.844037,2023-08-18
3813,Goregaon East,96000.0,Apartment,2,855.7,Fully Furnished,2,1,13,7,19.170322,72.860204,2023-07-12
4656,Juhu,146100.0,Apartment,1,923.67,Semi-Furnished,1,2,38,20,19.101067,72.824072,2023-01-18
4936,Chembur,56000.0,Apartment,1,575.07,Semi-Furnished,1,1,40,7,19.046014,72.894856,2023-01-03
1416,Lower Parel,96300.0,Apartment,1,707.38,Semi-Furnished,1,0,24,10,19.004749,72.837571,2023-10-02
4118,Lower Parel,153500.0,Apartment,2,974.1,Fully Furnished,2,1,27,10,18.992514,72.824819,2023-03-23
2337,Borivali West,68500.0,Apartment,2,772.68,,2,1,18,13,19.226168,72.842171,2023-06-14
3218,Powai,124300.0,Apartment,2,1051.53,Fully Furnished,2,0,23,12,19.126287,72.899343,2023-07-31
1643,Chembur,137000.0,Apartment,3,1191.29,Fully Furnished,3,1,9,9,19.0608,72.904426,2023-01-09
4747,Borivali West,30600.0,Apartment,1,417.62,Unfurnished,2,0,26,5,19.228059,72.843405,2023-06-13
2708,Bandra West,,Apartment,2,844.39,Semi-Furnished,2,2,4,9,19.058441,72.820974,2023-04-12
2758,S. Mumbai - Worli,37300.0,Apartment,1,479.57,Unfurnished,1,1,15,1,19.170926,72.87017,2023-12-16
2798,Andheri West,98400.0,Apartment,2,905.83,Semi-Furnished,2,0,34,9,19.141032,72.832998,2023-03-29
3135,Chembur,65300.0,Apartment,1,561.42,Fully Furnished,2,1,15,9,19.051122,72.898091,2023-09-27
2075,Chembur,76500.0,Apartment,1,660.62,Fully Furnished,1,1,7,11,19.051361,72.897412,2023-06-03
1412,Borivali West,99100.0,Apartment,3,1070.79,Semi-Furnished,3,1,28,2,19.223945,72.84172,2023-10-30
1188,Malabar Hill,241200.0,Apartment,2,1239.02,Fully Furnished,2,1,21,25,18.958175,72.799801,2023-04-09
3205,Chembur,101500.0,Apartment,2,922.6,Fully Furnished,2,1,36,2,19.051784,72.894955,2023-05-17
12,Worli,192200.0,Apartment,2,1129.74,Fully Furnished,2,1,7,12,19.020367,72.826283,2023-01-28
4362,Juhu,136100.0,Apartment,1,928.28,Semi-Furnished,1,1,17,5,19.106084,72.820302,2023-04-24
942,Malabar Hill,265000.0,Apartment,4,1947.79,Unfurnished,3,1,36,3,18.954652,72.799418,2023-02-25
3665,Lower Parel,251600.0,Apartment,3,1338.99,Fully Furnished,3,0,20,13,18.98924,72.835494,2023-08-21
3040,Malabar Hill,148000.0,Apartment,1,1016.63,Semi-Furnished,1,1,23,7,18.945935,72.785417,2023-05-22
4925,Worli,154100.0,Apartment,2,1116.78,Semi-Furnished,2,1,27,28,19.024496,72.81237,2023-09-05
3784,Goregaon East,64200.0,Apartment,2,811.62,Unfurnished,2,1,7,10,19.172714,72.870616,2023-09-14
31,Malabar Hill,226900.0,Apartment,2,1221.4,Fully Furnished,2,1,6,8,18.941285,72.793152,2023-04-20
960,Bandra West,179900.0,Apartment,3,1233.85,Semi-Furnished,3,0,4,20,19.067905,72.83427,2023-10-12
755,Borivali West,55700.0,Apartment,1,562.59,Fully Furnished,1,1,27,1,19.227565,72.840657,2023-02-15
4690,Malabar Hill,144900.0,Apartment,1,943.01,Semi-Furnished,2,1,26,11,18.947053,72.802133,2023-05-13
34,Goregaon East,77400.0,Apartment,2,889.17,Unfurnished,2,0,21,13,19.16964,72.873138,2023-05-23
4140,Lower Parel,,Apartment,2,996.66,Unfurnished,2,1,26,12,18.999335,72.82812,2023-11-10
346,Goregaon East,81800.0,Apartment,2,879.92,Semi-Furnished,2,1,24,,19.164231,72.87031,2023-10-25
2296,Powai,90200.0,Apartment,2,1053.56,Unfurnished,2,1,31,11,19.116652,72.91131,2023-04-28
3746,S. Mumbai - Worli,184600.0,Apartment,1,1107.28,Semi-Furnished,1,2,10,0,18.959652,72.794457,2023-05-28
4915,Borivali West,47600.0,Apartment,1,502.96,Semi-Furnished,2,0,5,7,19.223207,72.851337,2023-10-29
2450,Malabar Hill,124400.0,Apartment,1,1004.38,Unfurnished,2,0,3,23,18.959473,72.786655,2023-12-18
4757,Borivali West,125800.0,Apartment,3,1159.98,Fully Furnished,3,1,27,7,19.234682,72.841543,2023-07-20
358,Lower Parel,84600.0,Apartment,1,646.88,Semi-Furnished,2,0,1,0,18.996793,72.828508,2023-07-20
2909,Goregaon East,86500.0,Apartment,3,1073.24,Unfurnished,3,1,4,0,19.155059,72.864895,2023-12-23
715,Worli,217800.0,Apartment,3,1377.17,Semi-Furnished,4,1,2,18,19.025757,72.810569,2023-12-24
3054,Juhu,219500.0,Apartment,2,1226.77,Fully Furnished,3,1,15,5,19.111778,72.827554,2023-11-27
4263,Bandra West,131500.0,Apartment,2,938.14,Semi-Furnished,3,1,31,8,19.056642,72.820723,2023-11-22
2313,Goregaon East,67800.0,Apartment,1,-500,Fully Furnished,1,0,25,10,19.159837,72.869702,2023-08-15
4236,Chembur,111600.0,Independent House,3,1181.37,Semi-Furnished,3,0,13,,19.046795,72.904408,2023-12-04
4283,Goregaon East,98700.0,Apartment,2,892.44,Fully Furnished,2,2,20,3,19.166282,72.869846,2023-05-25
4156,Borivali West,45400.0,Apartment,1,461.49,Semi-Furnished,1,1,19,20,19.221705,72.849426,2023-09-06
1065,Borivali West,5000000,Apartment,3,1187.22,Semi-Furnished,3,1,31,27,19.225825,72.835508,2023-01-23
3056,Bandra West,183000.0,Apartment,2,930.93,Fully Furnished,2,1,5,10,19.062036,72.829148,2023-02-25
4150,Juhu,139000.0,Apartment,1,991.43,Semi-Furnished,1,1,18,2,19.110688,72.820849,2023-06-01
565,Malabar Hill,241700.0,Studio,1,951.42,Fully Furnished,2,0,13,12,18.94331,72.800015,2023-02-08
1516,Andheri West,159900.0,Apartment,3,1168.11,Fully Furnished,3,0,2,11,19.134922,72.835016,2023-04-05
470,Worli,182100.0,Apartment,2,1093.86,Fully Furnished,2,1,29,26,19.02608,72.813169,2023-08-24
1529,Malabar Hill,218500.0,Apartment,2,1321.73,Semi-Furnished,2,1,14,10,18.940841,72.797783,2023-04-11
3828,Lower Parel,78300.0,Independent House,1,742.84,Unfurnished,2,1,21,1,18.993965,72.825218,2023-05-29
1342,Andheri West,,Apartment,2,860.24,Semi-Furnished,2,1,31,5,19.132726,72.829499,2023-05-01
2680,Lower Parel,188000.0,Apartment,2,1059.44,Fully Furnished,2,1,15,5,19.003935,72.83407,2023-06-15
4154,Andheri West,111700.0,Apartment,2,765.92,Fully Furnished,2,1,24,23,19.144056,72.830612,2023-12-10
1003,Juhu,289400.0,Apartment,5,2020.61,Semi-Furnished,4,0,16,2,19.112611,72.824103,2023-07-04
596,Lower Parel,138000.0,Apartment,2,1031.71,,2,0,4,21,18.992286,72.826582,2023-04-12
2265,Malabar Hill,215000.0,Apartment,2,1301.39,Semi-Furnished,2,0,37,9,18.945197,72.789097,2023-01-27
869,Borivali West,48900.0,Apartment,1,508.77,Semi-Furnished,2,0,27,0,19.237511,72.842989,2023-01-15
3521,Worli,137800.0,Apartment,1,813.49,Fully Furnished,1,2,12,13,19.010749,72.816956,2023-01-04
4214,Powai,54700.0,Apartment,1,643.07,Unfurnished,2,0,15,9,19.119551,72.907366,2023-01-13
4639,Worli,120600.0,Apartment,1,769.57,Fully Furnished,1,1,25,2,19.018135,72.815104,2023-09-15
2786,Juhu,209500.0,Apartment,3,1470.86,Semi-Furnished,3,1,4,14,19.109564,72.835194,2023-10-02
305,Lower Parel,121800.0,Apartment,1,758.76,Fully Furnished,1,1,37,25,18.986733,72.833735,2023-05-05
3304,Lower Parel,174400.0,Apartment,2,1023.01,Fully Furnished,2,1,6,6,18.993078,72.836578,2023-12-12
2867,Worli,181300.0,Apartment,2,1128.77,Fully Furnished,2,1,22,6,19.016583,72.824756,2023-06-13
3628,Chembur,92300.0,Apartment,3,1169.94,Unfurnished,3,1,39,9,19.058386,72.898939,2023-07-15
1553,Andheri West,106000.0,Apartment,3,1062.45,,3,1,2,22,19.143635,72.827882,2023-12-20
883,Juhu,195400.0,Independent House,2,1185.92,Semi-Furnished,2,0,5,22,19.098831,72.83254,2023-01-02
1881,Andheri West,124500.0,Apartment,2,884.6,Fully Furnished,2,0,10,9,19.138914,72.833001,2023-08-31
1423,Malabar Hill,196000.0,Apartment,1,1001.55,Fully Furnished,1,1,38,7,18.957553,72.787699,2023-10-22
4407,Malabar Hill,261700.0,Apartment,3,1470.55,Semi-Furnished,4,0,29,12,18.956686,72.799934,2023-03-26
2784,Chembur,148300.0,Apartment,3,1103.58,Fully Furnished,3,1,10,8,19.057894,72.903068,2023-05-27
725,Powai,71500.0,Studio,1,593.99,Semi-Furnished,1,1,34,4,19.119787,72.910476,2023-03-17
2695,Worli,141900.0,Apartment,2,1079.19,Unfurnished,2,1,22,13,19.018157,72.82036,2023-07-05
3071,Lower Parel,275500.0,Independent House,4,1579.06,Fully Furnished,4,1,8,2,18.989538,72.835046,2023-10-25
1134,Lower Parel,175000.0,Apartment,2,983.1,Fully Furnished,2,1,8,0,18.988049,72.834775,2023-12-07
4623,Bandra West,157200.0,Apartment,2,873.26,Fully Furnished,2,0,18,6,19.052178,72.832351,2023-06-29
2171,Malabar Hill,152600.0,Apartment,1,1041.32,Semi-Furnished,1,0,31,30,18.942622,72.804761,2023-01-03
1078,Bandra West,66800.0,Apartment,1,570.63,,2,1,1,16,19.068846,72.836034,2023-07-18
3206,Powai,206200.0,Apartment,4,1636.34,Fully Furnished,4,0,27,13,19.121587,72.910796,2023-04-23
3369,Bandra West,210800.0,Apartment,3,1202.32,Fully Furnished,3,1,37,0,19.058548,72.820648,2023-07-12
